symbol,time,close,volume,ema_9,ema_21,pct_change,rsi,macd_hist,signal_score,buy_signal
QQQ,2025-03-19 08:40:00-04:00,475.79,5237,475.9704470326919,476.0558516729334,-0.03571728716698086,39.09774436090489,0.0003665185182200742,3,True
QQQ,2025-03-19 09:27:00-04:00,476.52,42517,476.17754502489345,476.14229531757024,0.09242144177448175,66.4062499999973,0.03244534449545668,3,True
QQQ,2025-03-19 14:00:00-04:00,479.285,473189,477.81904242250783,477.66157615449856,0.40115633575632526,73.93148525866968,0.13047312702137198,4,True
SPY,2025-03-19 04:00:00-04:00,560.56,2280,496.9484827195139,488.6458908250191,16.479999999999983,96.58084874292577,5.030407395630128,3,True
SPY,2025-03-19 09:47:00-04:00,563.265,238706,562.5371488597478,562.4523700520617,0.05062346797399808,52.24688684352912,0.03729441184815648,3,True
SPY,2025-03-19 13:39:00-04:00,564.1318,76592,563.7327874178334,563.7021786301804,0.04288070368334562,70.2314086722098,0.1187251797381724,3,True
SPY,2025-03-19 14:00:00-04:00,564.84,519357,563.6113958772627,563.5238188965307,0.29475478532619004,71.90451206715659,0.11434930584930757,4,True
TSLA,2025-03-19 04:32:00-04:00,230.9,19235,230.23024893615315,244.1941924847024,0.22136377446939637,83.33333333333258,9.555028161176956,3,True
TSLA,2025-03-19 05:09:00-04:00,231.89,25486,231.14053639459985,231.32356279921024,0.25074575245340736,70.00000000000045,0.7817647941781454,3,True
TSLA,2025-03-19 06:00:00-04:00,232.24,20849,231.69884416995694,231.76495596723595,0.30232357260084886,56.565656565656816,0.011357903008950551,3,True
TSLA,2025-03-19 06:02:00-04:00,234.0,79949,232.23926026877248,232.00409584069087,0.7751937984496138,77.50556792873027,0.1799465779389544,4,True
TSLA,2025-03-19 08:47:00-04:00,232.22,24086,231.82416708237582,231.7741288760732,0.15958593918481423,60.7197549770286,0.07790282771280758,3,True
TSLA,2025-03-19 09:31:00-04:00,232.605,905389,231.77212300720214,231.81184866622036,0.5968212779760007,59.042702626773,0.0177329089492249,3,True
TSLA,2025-03-19 09:32:00-04:00,233.1244,791716,232.04257840576173,231.93117151474578,0.22329700565337784,67.36355566439094,0.10351667782681279,4,True
TSLA,2025-03-19 09:33:00-04:00,233.93,687945,232.4200627246094,232.11288319522345,0.3455665730399682,73.55917071719036,0.20369818438603776,3,True
TSLA,2025-03-19 11:11:00-04:00,233.2,291761,232.3207703792142,231.90602976683502,0.2579535683576939,68.46027723952899,0.1883641290914715,3,True
TSLA,2025-03-19 11:25:00-04:00,234.685,610372,233.5688122792518,233.03125553614757,0.41374648080165777,71.438470866779,0.10128685255544839,3,True
TSLA,2025-03-19 11:26:00-04:00,235.2,595148,233.89504982340145,233.2284141237705,0.21944308328183393,76.09204765298878,0.1636486378447798,3,True
TSLA,2025-03-19 14:00:00-04:00,234.845,600857,233.38920950971055,233.49263280235024,0.8134792874007424,69.08156582195576,0.1165257553597619,3,True
TSLA,2025-03-19 14:31:00-04:00,234.67,356454,233.9524286782056,233.92934455152727,0.38649678204532023,50.77032472149796,-0.010617586796447157,3,True
TSLA,2025-03-19 14:32:00-04:00,235.2921,362960,234.2203629425645,234.05323141047933,0.26509566625474434,58.36236565950889,0.07505629857763173,3,True
TSLA,2025-03-19 14:53:00-04:00,236.13,432459,235.17578836000848,234.79610106937824,0.2653871467697133,75.68776930725865,0.11669856498723005,3,True
TSLA,2025-03-19 14:56:00-04:00,236.67,323622,235.72270444032438,235.16076714453663,0.21171190244315685,76.29112869637648,0.17210928608376624,3,True
TSLA,2025-03-19 14:57:00-04:00,237.365,459737,236.05116355225954,235.36115194957875,0.29365783580512783,79.04569088482963,0.22405277265632928,3,True
TSLA,2025-03-19 15:00:00-04:00,238.49,655322,236.92611573875692,235.96573399667824,0.4295279403714103,88.96157158676141,0.28888687483881614,3,True
TSLA,2025-03-19 15:07:00-04:00,240.46,839767,238.82720998737662,237.5166534858642,0.28359329385270193,89.48712336762232,0.26448174914587197,3,True
TSLA,2025-03-19 15:08:00-04:00,241.2256,650054,239.30688798990133,237.8538304416947,0.31838975297346916,94.69905668252737,0.313629945205832,3,True
TSLA,2025-03-19 15:44:00-04:00,238.0422,370467,237.29475659943066,237.24029341922994,0.32545201668985335,68.66717577826692,0.19773905901870303,3,True
AAPL,2025-03-19 07:47:00-04:00,213.24,1245,213.31498947127966,213.4455980014649,-0.056242969628794715,32.60869565217459,0.15351376578650133,3,True
AAPL,2025-03-19 07:54:00-04:00,213.2,1387,213.25407460929523,213.3820420747294,0.014073274851056361,35.294117647058826,0.10964052220564757,3,True
AAPL,2025-03-19 07:56:00-04:00,213.07,3833,213.2172596874362,213.35367461339038,-0.060975609756097615,31.034482758621195,0.09287198901077665,3,True
AAPL,2025-03-19 08:41:00-04:00,213.3244,894,213.24998232456687,213.24333041588332,0.03488862837046636,59.87827715355798,0.020072731742854732,3,True
AAPL,2025-03-19 09:27:00-04:00,213.61,34333,213.28373489591732,213.2603327967874,0.1742180703766083,75.94936708861037,0.030315966878915145,3,True
AAPL,2025-03-19 09:30:00-04:00,214.6899,690591,213.8355722667097,213.54193140254495,0.20532088681446403,93.2957148444059,0.15714568880770757,3,True
AAPL,2025-03-19 10:59:00-04:00,215.55,181828,215.77395091940764,216.04836937034602,-0.06490796977142166,13.763775754672452,0.0031767578563248744,3,True
AAPL,2025-03-19 12:30:00-04:00,215.14,68326,215.2683590689572,215.41031293363014,-0.07431490942871877,29.4227964159207,0.006136171599633006,3,True
AAPL,2025-03-19 14:00:00-04:00,214.63,272297,214.17199429001084,214.22234293010376,0.26159667398515385,58.40671077997196,0.026368578580494156,3,True
AAPL,2025-03-19 15:58:00-04:00,215.14,319373,215.07541147963272,215.17907930646416,-0.01626583013827343,36.96969696969749,0.025337401004314197,3,True
MSFT,2025-03-19 04:00:00-04:00,384.73,475,249.06941067757202,230.61105131965746,78.70314459566168,99.52637118465671,10.867465922400939,3,True
MSFT,2025-03-19 14:00:00-04:00,386.7,110014,385.4854924891639,385.3041580693571,0.35293507032749805,81.56700007093562,0.13931191817228092,3,True
NVDA,2025-03-19 05:02:00-04:00,115.91,10754,115.92480204602447,116.67498226837745,0.051791109192933504,39.68253968253907,1.0370192669931382,3,True
NVDA,2025-03-19 08:42:00-04:00,116.84,44056,116.72810378352003,116.71466559029493,0.09414880994704777,64.68624833110817,0.016861770386759668,3,True
NVDA,2025-03-19 09:30:00-04:00,117.84,3436493,117.34721312784545,117.2452800991812,0.4774897680764001,70.2343255224828,0.03646671750798641,3,True
NVDA,2025-03-19 09:54:00-04:00,117.31,1081427,116.77481090658783,116.71881339092182,0.21784631156294143,65.47109400294997,0.1239340178291233,3,True
NVDA,2025-03-19 11:05:00-04:00,116.935,640191,116.71626672452373,116.70184266811121,0.0853337989460412,56.61472879611972,0.05614437274962726,3,True
NVDA,2025-03-19 12:11:00-04:00,117.94,1577458,117.66811542803174,117.58689491098002,0.5627557980900422,55.94805406950615,0.009262203948408126,3,True
NVDA,2025-03-19 14:00:00-04:00,118.62,1843873,118.02348602097895,117.90744714944759,0.619221307998985,79.02382689034707,0.053413473825376166,3,True
NVDA,2025-03-19 14:16:00-04:00,119.1714,1138707,118.7347626751492,118.45806298636003,0.2620732475797194,71.30782718158531,0.06686727467842918,3,True
NVDA,2025-03-19 15:08:00-04:00,120.275,1103352,119.87846179962821,119.60653053707925,0.2458743123854079,92.64562892247818,0.04713526927946926,3,True
META,2025-03-19 04:00:00-04:00,582.2,972,210.69082378677896,160.3423553207935,395.0680272108844,99.60113271032839,29.579636700252486,3,True
META,2025-03-19 09:02:00-04:00,584.55,1793,584.124033644894,584.0956245672846,0.09928588821825901,59.12897414674522,0.02244209869635687,3,True
META,2025-03-19 10:07:00-04:00,588.1532,100408,585.9543141828409,584.7066799436018,0.26136169922605923,81.35982360028193,0.34057889722156376,3,True
META,2025-03-19 11:01:00-04:00,580.65,51664,580.6926801841785,581.3152812541256,-0.015962318596518532,31.99014197244759,0.05236228695777512,3,True
META,2025-03-19 14:00:00-04:00,581.328,111948,578.8914759701993,578.1795404681593,0.5096995055154041,81.06003326780518,0.1993006318888355,3,True
META,2025-03-19 14:53:00-04:00,586.0,73823,584.6449473705187,583.9134221829837,0.2000581365525056,75.74699262708666,0.01742202582283703,3,True
META,2025-03-19 15:38:00-04:00,588.96,39403,587.2035319403359,587.0345880184216,0.20075538466775011,59.492640022802746,0.27638473909257333,3,True
AMZN,2025-03-19 05:19:00-04:00,192.66,1618,192.82189901873227,204.37429953215167,0.025959192149938026,34.99999999999858,8.760016267183513,3,True
AMZN,2025-03-19 07:01:00-04:00,193.27,1349,193.26978795546762,193.47102081107,-0.005173841059602502,38.461538461539725,0.41417753190989126,3,True
AMZN,2025-03-19 07:02:00-04:00,193.19,1324,193.25383036437412,193.44547346460908,-0.04139287007813852,35.08771929824404,0.37837803659819436,3,True
AMZN,2025-03-19 08:47:00-04:00,193.82,3231,193.7435891489606,193.73458062324377,0.04955503706303155,57.75060282466476,0.006097894647952404,3,True
AMZN,2025-03-19 09:27:00-04:00,194.03,18215,193.6781757694909,193.68321013693446,0.3361257627469305,56.719060136258435,0.017788607848044438,3,True
AMZN,2025-03-19 09:46:00-04:00,193.39,282297,192.77143783722428,192.84265332479566,0.35806953814219167,48.8578680203045,0.09388628487275724,3,True
AMZN,2025-03-19 14:00:00-04:00,193.46,321951,192.8687247299505,192.70966771088942,0.3501309749202486,78.74885004599845,0.05236813415452446,3,True
GOOGL,2025-03-19 07:18:00-04:00,161.19,1364,161.1869149447961,161.18663259382032,-0.018608113137330573,60.396039603961185,0.07894881792064368,3,True
GOOGL,2025-03-19 07:56:00-04:00,160.95,4468,161.22347953396118,161.22944587536813,-0.1922361403943973,30.985915492958767,0.0029582876831526703,3,True
GOOGL,2025-03-19 08:03:00-04:00,161.37,4630,161.22338701895077,161.21677263462453,0.043397396156219514,52.87282941777321,0.018154120288111343,3,True
GOOGL,2025-03-19 09:27:00-04:00,161.74,11538,161.21208374689328,161.18939863681493,0.42220290574941366,72.30580825752345,0.039876366737018956,4,True
GOOGL,2025-03-19 09:31:00-04:00,162.225,141997,161.74361560218202,161.4934684583237,0.23169601482855295,85.98507285866565,0.11361323236167789,3,True
GOOGL,2025-03-19 14:00:00-04:00,163.6728,314954,162.9620572652621,162.77807221057125,0.5175950377694472,83.41035667733034,0.07264489721938987,3,True
QQQ,2025-03-20 04:00:00-04:00,483.11,2733,227.99871664238904,193.55498986822295,194.27422793445822,99.44610894021015,20.278615465455772,3,True
QQQ,2025-03-20 08:32:00-04:00,478.58,13391,478.1671515984367,478.14877097181113,0.025435863480671728,65.00187523440295,0.05643195342768484,3,True
QQQ,2025-03-20 09:32:00-04:00,478.09,169422,477.2224264563871,477.28999831351035,0.20540336610004317,57.00636942675171,0.04650023740055373,3,True
QQQ,2025-03-20 09:33:00-04:00,478.7599,180670,477.5299211651097,477.42362573955484,0.14012006107637642,70.28486528186596,0.1416834797832986,3,True
QQQ,2025-03-20 10:00:00-04:00,481.49,221825,480.2798773106237,479.80467825402684,0.22272178510469587,70.13157894736875,0.040710440445099805,3,True
QQQ,2025-03-20 14:50:00-04:00,478.6786,142762,478.05947341855637,478.00948732783576,0.0749498087159628,66.96239151398149,0.11931723322737123,3,True
SPY,2025-03-20 06:28:00-04:00,563.07,9785,563.4817879014023,564.2278230292858,-0.06744165409530156,23.568281938326678,0.008180709407853426,3,True
SPY,2025-03-20 08:32:00-04:00,565.09,15685,564.7281339364108,564.7279616175387,0.015929203539832848,64.00655916917212,0.05825125375507191,3,True
SPY,2025-03-20 12:45:00-04:00,566.08,312351,566.3588230782052,566.6322768871441,-0.005299323453034077,37.70491803278902,0.0004408803886394863,3,True
SPY,2025-03-20 13:44:00-04:00,565.92,295479,565.6631446331561,565.6610301629851,0.01767346505954226,66.45833333333351,0.09497017365059335,3,True
TSLA,2025-03-20 04:31:00-04:00,239.2,17947,240.02866299137904,255.42313900617737,-0.17111138934102765,39.51048951048896,9.43789906794428,3,True
TSLA,2025-03-20 05:03:00-04:00,239.36,12544,239.62274753552936,240.43527409246684,0.04179553623673282,33.13609467455696,1.038434280377126,3,True
TSLA,2025-03-20 05:05:00-04:00,239.05,10545,239.3877584227388,240.17997858881557,0.07535479549545254,29.25764192139833,0.8433542765262758,3,True
TSLA,2025-03-20 05:07:00-04:00,238.74,11039,239.23776539055285,239.97304015604593,-0.21733678843098847,32.35294117647115,0.7077064557034554,3,True
TSLA,2025-03-20 05:08:00-04:00,238.5,26170,239.0902123124423,239.8391274145872,-0.10052777079668784,29.251700680272307,0.6277627284217004,3,True
TSLA,2025-03-20 05:12:00-04:00,238.0,15196,238.65583096317638,239.37609959332502,-0.25982734054145196,19.696969696969788,0.42778993801378684,3,True
TSLA,2025-03-20 05:13:00-04:00,237.33,23331,238.39066477054112,239.1900905393864,-0.28151260504201137,16.45569620253184,0.3409228426400992,3,True
TSLA,2025-03-20 05:14:00-04:00,236.92,17298,238.0965318164329,238.98371867216943,-0.1727552353263495,15.550239234449762,0.2597364612061841,3,True
TSLA,2025-03-20 05:15:00-04:00,237.2,16411,237.91722545314633,238.82156242924492,0.11818335303055427,22.906403940886705,0.2298087615847375,3,True
TSLA,2025-03-20 05:20:00-04:00,236.96,27242,237.60966363648703,238.31611975662668,-0.3448565901253198,25.215517241379573,0.23708792859152394,3,True
TSLA,2025-03-20 05:28:00-04:00,235.56,31896,236.56330341396696,237.34723025272115,-0.2709568162574061,35.21739130434797,0.05654087199148883,3,True
TSLA,2025-03-20 05:36:00-04:00,234.81,19340,234.93147766409663,235.9119245578731,0.3032891926527226,24.999999999999858,0.0008163857376857209,3,True
TSLA,2025-03-20 05:38:00-04:00,235.58,18183,235.06734570502186,235.80390459328356,0.25960760948207096,39.06250000000018,0.1402811952360663,3,True
TSLA,2025-03-20 06:00:00-04:00,233.6,23634,233.83813919086796,234.2969041828012,-0.2987622705932669,36.619718309859145,0.056804161347989934,3,True
TSLA,2025-03-20 06:21:00-04:00,230.72,47737,230.84906452554787,231.8052954046789,0.5315904139433503,32.13333333333328,-0.14379760084346738,3,True
TSLA,2025-03-20 06:45:00-04:00,232.09,5841,231.86953269207402,231.86764471245732,0.22455413050050943,55.6886227544909,0.026449207257920104,3,True
TSLA,2025-03-20 06:47:00-04:00,232.27,6920,231.8889009229274,231.87301215905566,0.33694760032831894,49.097472924187784,0.03325761463554131,3,True
TSLA,2025-03-20 08:32:00-04:00,233.4426,63318,232.75856681665246,232.72540480196082,0.251312605912446,60.797580444000886,0.04314427763101059,4,True
TSLA,2025-03-20 08:35:00-04:00,233.85,79867,233.0879222101261,232.8946512411426,0.3382796651185682,65.4287860899432,0.11195855028796046,3,True
TSLA,2025-03-20 08:36:00-04:00,234.9,91486,233.4503377681009,233.07695567376598,0.4490057729313657,74.27184466019406,0.20187220514971638,3,True
TSLA,2025-03-20 09:25:00-04:00,232.9997,50291,232.53781808589636,232.5793831015399,0.26236068677654156,57.3222409173053,0.060906017463230655,3,True
TSLA,2025-03-20 09:26:00-04:00,233.0403,39952,232.63831446871708,232.62128463776352,0.01742491513938571,61.24157248477338,0.08684372881617053,3,True
TSLA,2025-03-20 09:31:00-04:00,234.8,817139,233.39152486808743,233.03743169880318,0.7249796233537831,74.64157264620422,0.18959858071986685,3,True
TSLA,2025-03-20 09:33:00-04:00,235.205,657003,233.88997591557597,233.3338691725646,0.4119706284152924,81.28179043743664,0.255869863746302,3,True
TSLA,2025-03-20 09:39:00-04:00,234.77,659177,233.78890297281276,233.51214897063358,0.7726316693136503,59.734149718054766,0.009791690319472357,3,True
TSLA,2025-03-20 09:59:00-04:00,235.9364,1026369,234.50299743920584,234.12242732424454,0.6984208279982917,59.3595457598143,0.12487970605245241,3,True
TSLA,2025-03-20 12:26:00-04:00,233.385,405690,232.85694544692993,232.78568940946994,0.40223704022370743,60.77586206896537,0.00955667367224991,4,True
TSLA,2025-03-20 12:38:00-04:00,233.8816,291442,232.87134583661927,232.71172514831815,0.3223952301291133,61.606908203491294,0.1253947624326207,3,True
TSLA,2025-03-20 13:05:00-04:00,234.8905,360639,233.95799510943206,233.60710689699437,0.3205347228154132,74.74051512552838,0.11592393645379265,3,True
TSLA,2025-03-20 13:08:00-04:00,235.34,276122,234.51273349602926,233.9738894793346,0.22998296422487297,71.98879551820723,0.16961538371409152,3,True
TSLA,2025-03-20 13:39:00-04:00,236.16,367666,235.3883260054526,235.13421787418594,0.26748184944593856,65.81296858009512,0.07484362885448625,3,True
TSLA,2025-03-20 14:42:00-04:00,232.2006,371770,232.6243951280334,232.91230410605476,-0.07690013697433384,38.77618340755392,0.05284529630235013,3,True
TSLA,2025-03-20 14:52:00-04:00,233.53,231862,232.8407816935192,232.78679956736804,0.2234674753325283,56.51480901872148,0.17782279320054972,3,True
TSLA,2025-03-20 15:55:00-04:00,235.8474,465894,235.0379815556412,234.738018265825,0.40361976387328635,79.61565517682381,0.05972103884123725,3,True
TSLA,2025-03-20 15:59:00-04:00,236.25,956709,235.5417812451907,235.0945791037668,0.24185336048878625,72.63447541274621,0.10579295817126905,3,True
AAPL,2025-03-20 05:38:00-04:00,215.7,1197,215.87783275880457,216.52692600901952,-0.018540836191727195,38.97058823529427,0.3865183764883462,3,True
AAPL,2025-03-20 05:59:00-04:00,215.41,925,215.5919828725793,216.05360562085662,0.06038647342994086,23.89937106918299,0.21964846366478552,3,True
AAPL,2025-03-20 06:11:00-04:00,214.93,3253,215.2106042781495,215.63748747621818,-0.07438746571202248,22.068965517242177,0.11984324542897407,3,True
AAPL,2025-03-20 06:12:00-04:00,214.67,2277,215.1024834225196,215.54953406928922,-0.12096961801517647,19.161676646707363,0.09471020168276123,3,True
AAPL,2025-03-20 06:15:00-04:00,214.65,1170,215.0119867380157,215.46775824480835,-0.00931662551822976,18.934911242604542,0.07956341914479248,3,True
AAPL,2025-03-20 06:17:00-04:00,214.3,2089,214.7892715123301,215.2824448304201,-0.09789753391449274,8.510638297872191,0.04342753007908107,3,True
AAPL,2025-03-20 06:18:00-04:00,214.24,3600,214.67941720986408,215.18767711856373,-0.02799813345777391,9.523809523809447,0.031081159142884895,3,True
AAPL,2025-03-20 06:19:00-04:00,214.0,3417,214.5435337678913,215.0797064714216,-0.11202389843166793,8.791208791208632,0.012748280884249286,3,True
AAPL,2025-03-20 06:20:00-04:00,214.01,4602,214.43682701431302,214.98246042856508,0.004672897196256187,10.559006211179451,0.007549575629317795,3,True
AAPL,2025-03-20 06:22:00-04:00,214.17,2434,214.38346161145043,214.9086003896046,0.0747628615485274,12.195121951218923,0.020411082844513984,3,True
AAPL,2025-03-20 06:30:00-04:00,214.22,3688,214.2063438725377,214.531947747369,-0.009335324869308437,39.53488372093039,0.10131182548043405,3,True
AAPL,2025-03-20 06:59:00-04:00,214.41,1927,214.23763441783893,214.23733135746716,0.013993842709214555,53.70370370370384,0.07836767490416133,3,True
AAPL,2025-03-20 09:28:00-04:00,213.737,37915,214.24363163326885,214.26709711097882,-0.3417727421084593,35.21028037383165,0.001602893108461935,3,True
AAPL,2025-03-20 10:16:00-04:00,217.17,179022,216.50159551628502,216.04348766428706,0.27704668236596675,84.3266784106477,0.04826302826405687,3,True
AAPL,2025-03-20 12:41:00-04:00,213.9251,189270,214.2127263078209,214.40791861969055,-0.06301971409885532,33.37726918698732,0.015163363996124113,3,True
AAPL,2025-03-20 12:50:00-04:00,213.73,602547,213.5528735514816,213.85827577309493,0.22085820528090494,35.94655366254422,-0.004352044390984244,3,True
AAPL,2025-03-20 15:55:00-04:00,214.43,562241,213.86700910056976,213.6514384584291,0.3275160248912279,75.28394289882272,0.022780533804411,3,True
MSFT,2025-03-20 06:21:00-04:00,385.51,1904,386.0614987742712,384.82665598949336,0.21576375168970152,21.797752808988434,-2.4219348375405128,3,True
MSFT,2025-03-20 09:03:00-04:00,386.78,5391,386.6587056754379,386.648168268595,0.20207253886008747,51.41843971631178,-0.0758955568980336,3,True
MSFT,2025-03-20 09:32:00-04:00,384.63,81912,384.8635560022127,385.51325664638307,0.2342003375799706,34.500872405984225,-0.2106098943543564,3,True
MSFT,2025-03-20 10:00:00-04:00,387.52,45239,386.7332093356634,386.45248018769064,0.20427688568249724,72.3981900452487,0.055532300462078354,3,True
MSFT,2025-03-20 11:23:00-04:00,388.765,43598,388.8107319358922,389.1027710929361,0.03731151253152376,31.193465017536653,0.0012238135339454614,3,True
MSFT,2025-03-20 12:09:00-04:00,387.96,44408,387.87571125257836,388.055607677294,0.018046353347589417,38.29787234042548,0.009302556201445322,3,True
MSFT,2025-03-20 13:08:00-04:00,387.29,82280,386.98143735884287,386.95098891169584,0.0723495516911754,52.72165679274942,0.07275075465161061,3,True
MSFT,2025-03-20 14:11:00-04:00,386.415,40573,386.2330905609213,386.2319581401625,0.011646866992776062,61.650485436892666,0.04161352882298493,3,True
MSFT,2025-03-20 15:55:00-04:00,387.16,308356,386.5682230885878,386.4782397857642,0.2446823660396502,64.19354838709674,0.01686249983776207,3,True
NVDA,2025-03-20 04:44:00-04:00,119.26,10806,119.28644661243358,122.96492690627339,0.008385744234806758,33.92857142857255,3.5703805155158506,3,True
NVDA,2025-03-20 05:03:00-04:00,119.09,13059,119.22154784424089,119.8640601892864,-0.050356693243813755,22.807017543859132,0.8753821384314011,3,True
NVDA,2025-03-20 05:04:00-04:00,119.15,25584,119.20723827539271,119.799145626624,0.05038206398522149,32.203389830508684,0.8108750894382721,3,True
NVDA,2025-03-20 05:14:00-04:00,118.9,23272,119.07840175942232,119.36458797856804,-0.11760752688172449,31.2499999999999,0.36677518657930186,3,True
NVDA,2025-03-20 05:15:00-04:00,118.83,17462,119.02872140753787,119.31598907142548,-0.05887300252312988,29.41176470588219,0.3293030833473254,3,True
NVDA,2025-03-20 05:16:00-04:00,118.93,14711,119.0089771260303,119.28089915584134,0.08415383320710124,39.21568627450996,0.3057441065952835,3,True
NVDA,2025-03-20 05:23:00-04:00,118.89,13731,118.84486465578091,119.0459934358052,0.06733439946131625,37.86407766990325,0.1855844075315236,3,True
NVDA,2025-03-20 05:26:00-04:00,118.75,16191,118.83761070375985,118.99462316739682,-0.05050079959599829,36.11111111111158,0.1573648424481513,3,True
NVDA,2025-03-20 05:29:00-04:00,118.48,36283,118.70853668032507,118.89173791690217,-0.11802394199966759,34.51327433628376,0.10170834519463084,3,True
NVDA,2025-03-20 05:30:00-04:00,118.25,25401,118.61682934426007,118.8333981062747,-0.19412559081701808,23.01587301587317,0.07320689335186353,3,True
NVDA,2025-03-20 05:32:00-04:00,118.31,23243,118.51917078032645,118.74917198865677,-0.06757327476982766,30.49645390070947,0.05531686009364489,3,True
NVDA,2025-03-20 05:33:00-04:00,118.26,20950,118.46733662426116,118.70470180786978,-0.04226185445017627,32.08955223880639,0.04737989888493904,3,True
NVDA,2025-03-20 05:35:00-04:00,118.28,45034,118.38229543952717,118.62190232055353,0.09308623170010133,36.24161073825523,0.04136243996281441,3,True
NVDA,2025-03-20 05:36:00-04:00,118.24,27691,118.35383635162174,118.58718392777594,-0.0338180588434267,29.78723404255308,0.04245918436090823,3,True
NVDA,2025-03-20 05:49:00-04:00,117.97,52399,118.17516569369747,118.3285860665004,-0.10161741044966144,34.020618556701365,0.015671720427190172,3,True
NVDA,2025-03-20 05:53:00-04:00,117.86,27827,118.05590786813849,118.2216461078481,0.0,29.365079365080064,0.002902180704513979,3,True
NVDA,2025-03-20 06:57:00-04:00,117.07,36310,116.95869993835767,116.94491263069885,0.05982905982906406,59.15492957746455,0.017851354402022297,3,True
NVDA,2025-03-20 08:31:00-04:00,117.71,74577,117.30066589517814,117.24448050048315,0.31634889738090255,68.41473178542837,0.04083074873874035,3,True
NVDA,2025-03-20 09:30:00-04:00,117.25,3498613,116.77789948210759,116.81423167993584,0.6092328814141013,64.05228758169929,0.020486859983729705,3,True
NVDA,2025-03-20 09:30:00-04:00,117.25,3498613,116.87231958568607,116.85384698175986,0.0,60.992907801418326,0.049699030793836946,3,True
NVDA,2025-03-20 09:32:00-04:00,118.025,1715039,117.1984845348391,117.01123717500815,0.4724610538860974,75.51963048498814,0.13067876531045255,3,True
NVDA,2025-03-20 09:33:00-04:00,118.4398,1856710,117.44674762787129,117.14110652273467,0.3514509637788654,81.99855988479035,0.18215356635753582,3,True
NVDA,2025-03-20 09:35:00-04:00,118.7182,1448725,117.85595848183763,117.38975910969806,0.2560486424861619,83.92182038661775,0.22397637433893197,3,True
NVDA,2025-03-20 09:38:00-04:00,119.045,1689371,118.31697234270088,117.7361939216364,0.3582869667846822,86.48993931651223,0.20492831985886512,3,True
NVDA,2025-03-20 10:23:00-04:00,118.97,807336,118.66093963656459,118.61904237075889,0.34615501401826787,66.65668513250453,0.011735004747526541,3,True
NVDA,2025-03-20 10:38:00-04:00,119.3058,888017,119.00591592459156,118.89605497084551,0.23254837056516653,56.772777167947396,0.021940729445912646,3,True
NVDA,2025-03-20 10:43:00-04:00,119.4099,864753,119.16736941017018,119.0233716213159,0.20971802618328095,62.80940911187384,0.02758846410048453,3,True
NVDA,2025-03-20 13:06:00-04:00,118.4,6768989,118.27201879188642,118.27164497247759,-0.008445232666154379,56.4599483204136,0.049306982050625406,3,True
NVDA,2025-03-20 14:53:00-04:00,118.525,650713,118.18996009386436,118.15043082278589,0.14938968231033023,61.83022714036098,0.07528128604552191,3,True
NVDA,2025-03-20 15:55:00-04:00,118.7018,1484632,118.48296330815975,118.48162498189332,0.2633668384154131,56.70256835128388,-0.012436229799675777,3,True
META,2025-03-20 04:00:00-04:00,589.99,715,212.76996913345425,161.34281544462385,398.5128855090832,99.80988769972994,30.077415593677976,3,True
META,2025-03-20 08:00:00-04:00,589.2,32094,584.6951022149008,583.6256584743481,0.9491827433780076,86.35851183765573,0.2468658558652671,3,True
META,2025-03-20 08:35:00-04:00,583.4,2267,583.1026170416154,583.0625816022997,-0.04625901622491435,50.82786939532439,0.11738548549551016,3,True
META,2025-03-20 09:30:00-04:00,580.195,212367,581.7567338912547,581.717941591635,-0.47430355427473536,39.78617793050855,0.026992174258803736,3,True
META,2025-03-20 09:31:00-04:00,582.54,81215,581.6635096904031,581.6668112327562,0.40417445858718093,56.150254015497325,0.010901687396878398,3,True
META,2025-03-20 09:32:00-04:00,585.37,108500,582.4048077523225,582.0034647570511,0.4858035499708313,66.02768055997429,0.24674658980856976,4,True
META,2025-03-20 09:33:00-04:00,587.08,100212,583.3398462018581,582.4649679609555,0.2921229307959239,68.64630744384075,0.49053372717887944,3,True
META,2025-03-20 09:38:00-04:00,588.54,98065,586.420593443425,584.5351217073818,0.25466531526543434,72.48947684906786,0.6324740107183744,3,True
META,2025-03-20 09:39:00-04:00,590.745,102223,587.28547475474,585.0996560976198,0.3746559282291839,74.56213511259375,0.7249935310043658,3,True
META,2025-03-20 10:00:00-04:00,598.595,132269,595.6717277259742,593.4023657820817,0.37309053104617185,74.03057466127004,0.01808671217867408,3,True
META,2025-03-20 10:23:00-04:00,605.7786,143818,603.6382818543224,601.5817455276484,0.224777472618376,77.8095618703074,0.0009385199643143771,3,True
META,2025-03-20 15:50:00-04:00,587.65,119114,587.4962878244222,588.0456031321047,0.018722129557136036,35.543121021759035,0.12487745764090741,3,True
AMZN,2025-03-20 05:29:00-04:00,196.3,5780,196.4700715237426,201.8535581580761,-0.02546473134708016,36.538461538461384,5.202994299948859,3,True
AMZN,2025-03-20 05:32:00-04:00,196.3,3258,196.4056457751953,200.88806459345133,0.010189525168136093,36.73469387755173,4.52376586443787,3,True
AMZN,2025-03-20 05:33:00-04:00,196.25,5057,196.37451662015624,200.46642235768303,-0.02547121752420889,37.11340206185603,4.214272506573316,3,True
AMZN,2025-03-20 05:38:00-04:00,196.1,5679,196.21513000761604,199.08601349476334,0.05102040816327147,24.719101123594967,3.15001977129098,3,True
AMZN,2025-03-20 06:04:00-04:00,195.3,1610,195.65136960591923,196.24557585629097,-0.20439448134899063,22.500000000000526,0.689272941268317,3,True
AMZN,2025-03-20 06:08:00-04:00,195.33,1601,195.47961699058456,195.9654250777207,-0.025591155696580437,25.00000000000057,0.5033949054439439,3,True
AMZN,2025-03-20 06:09:00-04:00,195.3,1848,195.44369359246767,195.904931888837,-0.015358623867300913,21.311475409835836,0.46710719309462845,3,True
AMZN,2025-03-20 06:11:00-04:00,195.2,4821,195.33996389917934,195.77432387507193,0.05125576627369455,28.124999999999446,0.3941828696613321,3,True
AMZN,2025-03-20 06:12:00-04:00,194.82,2177,195.23597111934347,195.6875671591563,-0.19467213114754411,24.489795918366823,0.345187617985127,3,True
AMZN,2025-03-20 06:13:00-04:00,194.91,2132,195.1707768954748,195.61687923559663,0.04619648906682983,28.846153846153598,0.3152474287698468,3,True
AMZN,2025-03-20 06:18:00-04:00,194.28,2276,194.8206702163865,195.2982974083714,-0.15930931702554663,15.865384615384187,0.19286557607234522,3,True
AMZN,2025-03-20 06:19:00-04:00,194.0,3781,194.65653617310923,195.18027037124673,-0.14412188593782016,16.83673469387692,0.14950982994056017,3,True
AMZN,2025-03-20 06:20:00-04:00,193.95,2977,194.51522893848738,195.0684276102243,-0.02577319587629967,14.720812182740715,0.12112160504999947,3,True
AMZN,2025-03-20 06:21:00-04:00,193.98,3468,194.4081831507899,194.96947964565842,0.015467904098986907,13.402061855669643,0.10843224262957252,3,True
AMZN,2025-03-20 06:24:00-04:00,194.2,2590,194.2169897732045,194.73048808839852,0.22708505367465825,29.166666666666572,0.11603614243463956,3,True
AMZN,2025-03-20 06:27:00-04:00,194.24,3915,194.29701876388074,194.64449893944288,-0.20038020860092542,39.56834532374141,0.1719119682874154,3,True
AMZN,2025-03-20 06:43:00-04:00,193.77,3006,194.01875506187343,194.22990665701695,-0.1648719666134224,38.18181818181885,0.07900599735166064,3,True
AMZN,2025-03-20 10:00:00-04:00,196.87,193627,196.07044083681933,195.6617372934323,0.32103546677537675,71.65932452276085,0.033628089228062374,3,True
AMZN,2025-03-20 13:07:00-04:00,195.145,100205,195.03755829315048,195.02329665776426,0.03331966372770445,52.77230162641702,0.061465214810537974,3,True
AMZN,2025-03-20 14:35:00-04:00,193.5524,157590,193.63456503363835,194.007851440346,0.23168742394035213,29.189968542468492,-0.07829194576057458,3,True
AMZN,2025-03-20 15:55:00-04:00,195.12,347344,194.75919336960112,194.68564675602988,0.24135603251369542,63.21585903083715,0.0010006119641270267,3,True
GOOGL,2025-03-20 05:02:00-04:00,165.0,1385,165.17911827314288,166.1394740908944,-0.08477655322756128,26.666666666667922,0.6753306342209981,3,True
GOOGL,2025-03-20 05:04:00-04:00,164.9,1152,165.1232946185143,166.0267946280858,-0.060606060606060996,25.316455696204045,0.6231126709169414,3,True
GOOGL,2025-03-20 05:09:00-04:00,165.01,1436,165.06992684467937,165.77483443131914,-0.012119008665101294,32.58426966292207,0.5194903871594059,3,True
GOOGL,2025-03-20 05:16:00-04:00,164.9,1074,165.00300254447586,165.56644209715938,-0.012127091923341826,25.641025641026857,0.42276683854844044,3,True
GOOGL,2025-03-20 05:27:00-04:00,164.65,1796,164.85319827377387,165.27528149291797,-0.060698027314110004,17.64705882352804,0.28399064536116203,3,True
GOOGL,2025-03-20 05:30:00-04:00,164.41,2644,164.73364689521532,165.14576982885782,-0.15182800923114748,17.582417582415246,0.22647036291394051,3,True
GOOGL,2025-03-20 05:32:00-04:00,164.3,1341,164.64691751617227,165.06888166259802,-0.06690590596678536,17.391304347823933,0.19500396061139114,3,True
GOOGL,2025-03-20 05:38:00-04:00,164.49,1622,164.58082721035026,164.9634559195025,0.036489691662100476,22.448979591835254,0.176263901842465,3,True
GOOGL,2025-03-20 05:42:00-04:00,164.48,1805,164.56066176828023,164.91950538136592,-0.006079396923841518,22.680412371132334,0.17060360143665665,3,True
GOOGL,2025-03-20 05:52:00-04:00,164.24,3484,164.43047604823008,164.7154775700653,-0.09732360097323145,20.689655172414632,0.1258337280454459,3,True
GOOGL,2025-03-20 05:59:00-04:00,164.1,2375,164.17275967318724,164.44075330743067,0.018284878405561145,38.372093023255395,0.07562139962978193,3,True
GOOGL,2025-03-20 06:01:00-04:00,163.96,9575,164.08976619083984,164.3540109978766,0.024402147388991047,20.224719101125913,0.06306347060157369,3,True
GOOGL,2025-03-20 06:27:00-04:00,162.65,3292,162.59146189477278,162.9166293789709,0.06151953245154829,36.59793814433074,0.04311505816618316,3,True
GOOGL,2025-03-20 06:28:00-04:00,162.78,8494,162.62916951581823,162.9042085263372,0.07992622194896715,37.56345177664969,0.06663598381805114,3,True
GOOGL,2025-03-20 06:30:00-04:00,162.71,5672,162.6453356126546,162.88655320576106,-0.04300282589998483,35.000000000000355,0.07743102628973475,3,True
GOOGL,2025-03-20 06:48:00-04:00,162.46,5081,162.47429804717183,162.59372458365942,-0.018462674626129605,36.20689655172473,0.05007996151261279,3,True
GOOGL,2025-03-20 09:31:00-04:00,161.755,137085,161.73898400130258,162.02850965556195,0.4003475886040553,36.34612956181294,-0.11069702466028108,3,True
GOOGL,2025-03-20 09:35:00-04:00,162.76,174639,162.13967984693355,162.14123738512524,0.20933382588350646,54.6845721424109,0.07730423250907623,3,True
GOOGL,2025-03-20 10:00:00-04:00,163.825,135866,163.3393615149845,163.10295665542245,0.2232962192585175,67.1803941384536,0.031162382515481646,3,True
GOOGL,2025-03-20 12:50:00-04:00,162.42,140482,162.55436013854128,162.62870152338792,-0.012312238364942107,39.91935483870929,0.0004775043430966103,3,True
GOOGL,2025-03-20 14:41:00-04:00,161.945,167065,162.1526065303377,162.17892445660524,-0.19413287316651928,39.92673992673957,0.025242112059758112,3,True
QQQ,2025-03-21 09:00:00-04:00,474.54,25890,474.8947150009096,475.3024142732961,-0.037917087967642704,27.681093908918584,0.009979224381874319,3,True
QQQ,2025-03-21 09:04:00-04:00,474.49,40728,474.5952272643727,475.01343028023774,0.054825717478856895,31.453657620434953,0.0027885677039453105,3,True
QQQ,2025-03-21 09:06:00-04:00,474.1301,19886,474.4805654491986,474.8873894877998,-0.0695316781182731,26.387924248738713,0.0065974895355978,3,True
QQQ,2025-03-21 09:23:00-04:00,473.77,20339,474.08061911217317,474.2736341639146,-0.035869519348441514,33.80362798733144,0.02450780409589931,3,True
QQQ,2025-03-21 09:30:00-04:00,474.95,605238,474.22677320738666,474.1746486694033,0.0,56.79012345679085,0.1604261722489174,3,True
SPY,2025-03-21 09:00:00-04:00,559.29,32607,559.6550224799685,560.0753681928696,-0.03396010581254716,23.03341225993273,0.005241155871889336,3,True
SPY,2025-03-21 09:04:00-04:00,559.3,29972,559.3793052077951,559.7929022559044,0.03756103668459687,26.14056019544219,0.0096837464884586,3,True
SPY,2025-03-21 09:06:00-04:00,559.06,28736,559.297955332989,559.6830597156236,-0.03754894773544404,22.62712873645077,0.02152820763618085,3,True
SPY,2025-03-21 09:10:00-04:00,558.9688,53750,559.0759305043923,559.4400225364548,0.0069418352924399684,23.508414074450044,0.02548194939218551,3,True
SPY,2025-03-21 09:24:00-04:00,558.25,57966,558.7656643838448,558.9740874640322,-0.07875566056311234,28.846380223666003,0.014582858856959424,3,True
SPY,2025-03-21 09:30:00-04:00,559.88,1516891,559.086185027391,558.9853049024057,0.0,61.834319526627596,0.18159096435236896,3,True
SPY,2025-03-21 10:21:00-04:00,559.53,264164,559.1784571113485,559.1308789268787,0.044700328994418115,54.31778929188273,0.09503025679078976,3,True
SPY,2025-03-21 11:53:00-04:00,559.32,317459,559.4446800426113,559.5998323839833,-0.06789351438269975,39.47797716150165,0.029967723060672052,3,True
SPY,2025-03-21 14:35:00-04:00,562.56,1579355,562.4872662905382,562.5546248676752,0.012444665682931344,38.85714285714343,0.028688236360664268,3,True
SPY,2025-03-21 15:37:00-04:00,562.4,155252,562.0324710860549,562.0004453257995,0.08542141230067912,61.92890373374662,0.04455485717053229,3,True
TSLA,2025-03-21 04:20:00-04:00,235.05,17937,238.8280505177122,280.2048415382903,-0.23344651952461604,35.47400611620917,10.924208044783526,3,True
TSLA,2025-03-21 04:23:00-04:00,234.67,11399,236.8616418650687,268.9191671963112,0.05116179918993602,30.3258145363412,11.635022393793143,3,True
TSLA,2025-03-21 04:25:00-04:00,234.42,10960,235.979450793644,262.93005553414145,0.008532423208174045,19.52506596306111,11.442970847781496,3,True
TSLA,2025-03-21 04:31:00-04:00,234.2,24281,234.93664962884904,250.593514270263,-0.21303792074989225,27.00000000000051,9.453853670851814,3,True
TSLA,2025-03-21 04:35:00-04:00,234.18,5216,234.36045168797665,245.32064904737584,0.2525793056209702,35.69620253164631,7.674590616273068,3,True
TSLA,2025-03-21 04:44:00-04:00,233.3,13123,233.78563110261405,238.67727433605552,0.03430237543950998,30.225988700566532,4.35410931160874,3,True
TSLA,2025-03-21 05:23:00-04:00,234.9,10182,234.2617197328019,234.20850195017195,0.1833923316415742,68.16143497757919,0.33220716829091734,3,True
TSLA,2025-03-21 06:47:00-04:00,234.93,6533,234.61310206582823,234.57922114829518,0.03832396525293991,63.87096774193693,0.06605637908660793,3,True
TSLA,2025-03-21 07:40:00-04:00,237.4,15297,236.85721506683433,236.5133898049949,0.2533783783783772,78.60696517413064,0.02041376758586011,3,True
TSLA,2025-03-21 09:17:00-04:00,235.15,125050,234.58919480121384,234.7238770140371,0.2344416027280527,65.34296028880921,0.11409311147932083,3,True
TSLA,2025-03-21 09:30:00-04:00,238.24,3644894,235.42748424688784,235.0247478503864,1.3787234042553331,77.89699570815469,0.2952106375000681,3,True
TSLA,2025-03-21 09:31:00-04:00,239.37,1378616,236.66598991800822,235.6854940912284,0.4743116185359275,82.85045361428172,0.537497039370518,3,True
TSLA,2025-03-21 09:33:00-04:00,240.9233,1099458,237.9684935475253,236.47566701754414,0.6005804121343772,86.94530055877131,0.6851810804233971,3,True
TSLA,2025-03-21 10:36:00-04:00,239.78,564908,239.20350625555972,239.13690898537317,0.2969841469025791,66.3479751059803,0.15828193760046158,3,True
TSLA,2025-03-21 11:51:00-04:00,241.1557,314837,240.40605768624263,240.39783419963362,0.38324973463483847,55.90611223638804,0.13194420977560198,4,True
TSLA,2025-03-21 12:11:00-04:00,242.8973,499124,242.07766848287034,241.57370643765057,0.30442669952646106,72.40012457883921,0.14500473956123533,3,True
TSLA,2025-03-21 12:12:00-04:00,243.46,356718,242.3541347862963,241.7451876705914,0.2316616940575278,78.00280028002852,0.1874371666704674,3,True
TSLA,2025-03-21 12:18:00-04:00,244.1061,493460,243.0863670134189,242.4181840617915,0.43811483891831315,80.53689720665218,0.11334085128287796,3,True
TSLA,2025-03-21 12:31:00-04:00,245.77,473436,244.88396036489846,244.0873270843725,0.22020144354280013,79.7912527021427,0.06689058629182498,3,True
TSLA,2025-03-21 13:36:00-04:00,247.0195,410971,246.11779706534722,245.75024024439398,0.3002679876563219,71.58985969197823,0.1827333021347523,3,True
TSLA,2025-03-21 14:41:00-04:00,247.23,220950,246.70070736610714,246.53266910299052,0.24734409212552322,69.11764705882364,0.09815579737401733,3,True
TSLA,2025-03-21 15:37:00-04:00,245.6904,290059,245.23214291619166,245.20126685452888,0.21226088020558365,60.32957310329638,0.07395774694987542,4,True
TSLA,2025-03-21 15:46:00-04:00,247.08,481987,246.1189133294706,245.71646096527374,0.27393924636269773,81.36741814278042,0.18093205856779104,3,True
TSLA,2025-03-21 15:50:00-04:00,248.08,823258,246.86064289975118,246.22820433390729,0.47589153723093247,82.91259500542907,0.21630590768439106,3,True
TSLA,2025-03-21 15:54:00-04:00,248.96,731935,247.76581277173813,246.90118382207993,0.35881015794339,90.11991887840568,0.2356860740872624,3,True
AAPL,2025-03-21 06:30:00-04:00,212.54,23976,213.47851760403782,214.13106642089443,-0.5521242747520194,18.39080459770466,0.48010689091092273,3,True
AAPL,2025-03-21 06:31:00-04:00,212.24,5583,213.23081408323029,213.9591512917222,-0.141149901195059,13.131313131316489,0.37810646518287694,3,True
AAPL,2025-03-21 06:32:00-04:00,211.88,10126,212.96065126658425,213.77013753792926,-0.16961929890690897,11.40350877193272,0.2867161971776191,3,True
AAPL,2025-03-21 06:36:00-04:00,211.97,4177,212.26946675879296,213.14170107091675,0.21274583963690752,22.185430463577347,0.1606543629816919,3,True
AAPL,2025-03-21 06:37:00-04:00,212.0,4739,212.21557340703438,213.03791006446977,0.01415294617161944,21.666666666668334,0.1737738280352943,3,True
AAPL,2025-03-21 06:41:00-04:00,211.92,7350,212.11197886752132,212.72443280135906,-0.07544322897020672,21.63009404388798,0.20943674600707607,3,True
AAPL,2025-03-21 08:05:00-04:00,213.565,280,212.49439628041603,212.4274093878781,0.614812022990674,72.70788912580048,0.07832894866829412,3,True
AAPL,2025-03-21 08:53:00-04:00,210.94,13044,211.04699366889753,211.2665897470708,-0.009480470231326699,35.64108972757063,0.0007465284640970626,3,True
AAPL,2025-03-21 09:06:00-04:00,210.67,554469,210.73068552912252,210.902163177766,-0.014238253440912452,38.466433343940984,0.010633121800992434,3,True
AAPL,2025-03-21 09:28:00-04:00,211.35,75451,210.76868218456664,210.79418086898394,0.37518996960486106,61.09490065305066,0.024902366800300474,3,True
AAPL,2025-03-21 09:30:00-04:00,212.4705,11382397,211.22765659812268,211.0057321231272,0.4541156446503658,73.3375654657994,0.1568628677730039,3,True
AAPL,2025-03-21 14:05:00-04:00,214.55,81932,214.53747546738288,214.59391873821943,-0.023299161230183607,37.10317460317836,0.0058860015810958954,3,True
AAPL,2025-03-21 15:50:00-04:00,216.82,799561,215.76359701315758,215.50036153872995,0.5845240304323651,89.21998247151612,0.11192180579298301,3,True
AAPL,2025-03-21 15:53:00-04:00,217.44,495074,216.42404967073668,215.89526787282486,0.20738282870178537,91.04204753199275,0.20883157234120053,3,True
AAPL,2025-03-21 15:55:00-04:00,218.1351,1109048,216.9072117892715,216.21539576266517,0.3819976530682556,89.6319336443756,0.24827471048688288,3,True
MSFT,2025-03-21 09:28:00-04:00,383.0,17058,382.5618994337466,382.79504362870796,0.269654684922882,51.39240506329204,0.006033824942155264,3,True
MSFT,2025-03-21 09:30:00-04:00,384.915,5760377,383.18421563759784,383.0468542386016,0.3663528982295272,68.66840731070577,0.20869232459040482,4,True
MSFT,2025-03-21 10:59:00-04:00,384.795,68982,384.3289579137631,384.2837923930107,0.09104033086657637,65.52075611564187,0.10289903768297703,3,True
MSFT,2025-03-21 15:50:00-04:00,387.3,464456,385.8251264159594,385.6609442288792,0.5608350210313251,75.00567988185864,0.09047247908718922,4,True
MSFT,2025-03-21 15:55:00-04:00,390.06,788379,387.62321582398164,386.6784793816115,0.4558448582245189,87.12993016622355,0.4066659753856478,3,True
MSFT,2025-03-21 15:58:00-04:00,390.985,666623,389.0578145018787,387.63846910714614,0.2253747573094378,84.97709407048707,0.5008753510012581,3,True
NVDA,2025-03-21 04:20:00-04:00,117.83,17972,120.5326973628108,154.6156330959393,-0.016970725498510753,22.826086956526126,9.011765001781825,3,True
NVDA,2025-03-21 04:22:00-04:00,117.83,12147,119.57092631219892,148.23713479003248,-0.059372349448694184,25.000000000004448,9.588280531504395,3,True
NVDA,2025-03-21 04:25:00-04:00,118.01,13072,118.81879427184586,140.72550322316488,-0.016944844531052716,39.28571428571778,9.560382602922395,3,True
NVDA,2025-03-21 04:28:00-04:00,117.91,19655,118.4130626671851,135.07221128712612,-0.11859381617959075,35.77981651376476,8.853260966228127,3,True
NVDA,2025-03-21 05:01:00-04:00,117.52,18765,117.69989418981172,118.50354210154525,-0.11049723756907381,33.33333333333728,1.0392276871027821,3,True
NVDA,2025-03-21 05:03:00-04:00,117.23,31504,117.58673228147951,118.31143975334317,-0.2976696717128746,30.894308943092952,0.8678558841131818,3,True
NVDA,2025-03-21 05:04:00-04:00,117.26,23541,117.52138582518361,118.21585432122106,0.025590719099199966,24.107142857147224,0.7926385629609958,3,True
NVDA,2025-03-21 05:05:00-04:00,117.13,23577,117.4431086601469,118.11714029201914,-0.11086474501109667,23.076923076927088,0.7205486571271713,3,True
NVDA,2025-03-21 05:06:00-04:00,117.34,18796,117.42248692811754,118.04649117456286,0.17928797063093693,37.50000000000333,0.6742537561699495,3,True
NVDA,2025-03-21 05:07:00-04:00,117.29,18434,117.39598954249404,117.97771924960259,-0.042611215271859404,32.53968253968594,0.6284241664535468,3,True
NVDA,2025-03-21 05:21:00-04:00,117.02,36140,117.21863441706367,117.44651633962687,-0.11949470809149432,33.333333333337436,0.21862264098848883,3,True
NVDA,2025-03-21 05:22:00-04:00,116.98,27240,117.17090753365095,117.40410576329715,-0.03418219107844678,26.582278481018733,0.19426066799490238,3,True
NVDA,2025-03-21 05:54:00-04:00,117.2,19245,117.33728813182806,117.35418867313827,-0.11931140276120189,34.02061855670429,0.0006375297175841566,3,True
NVDA,2025-03-21 09:30:00-04:00,117.2543,20207348,116.86089262127703,116.87086089851817,0.25162448700410955,60.09110917745929,0.04776826565696654,3,True
NVDA,2025-03-21 09:30:00-04:00,117.2543,20207348,116.93957409702163,116.90571899865289,0.0,59.256936823954646,0.06687955439464044,3,True
NVDA,2025-03-21 09:54:00-04:00,116.5211,793684,116.36429894130482,116.35084869823395,0.21596284510192465,59.48590151829909,0.06339974841330943,3,True
NVDA,2025-03-21 10:23:00-04:00,116.93,1131649,116.38596343622802,116.20767689582655,0.24922989078295377,79.83651226158146,0.12231029751461271,3,True
NVDA,2025-03-21 10:56:00-04:00,116.645,661772,116.36779332241622,116.35550585552188,0.2320085929108373,64.93055555555685,0.014422849140666334,4,True
NVDA,2025-03-21 11:51:00-04:00,116.64,522260,116.50584262819913,116.48772156105501,0.16746103310576466,53.64333249094652,0.013438596062996695,3,True
NVDA,2025-03-21 15:48:00-04:00,116.945,913781,116.77135296510777,116.75594545954553,0.04277342914580373,66.57125640253415,0.034674372148694524,3,True
NVDA,2025-03-21 15:55:00-04:00,117.45,2063193,116.9773037693482,116.86418255607522,0.38461538461538325,79.23373228779886,0.06593276333833858,3,True
META,2025-03-21 09:16:00-04:00,580.5,45444,580.6656273059007,581.3410982458523,-0.04821102655049314,32.775590551183086,0.13023682139013149,3,True
META,2025-03-21 09:25:00-04:00,579.59,24859,580.0943201046929,580.6551778455643,-0.0448391825472072,34.153005464483215,0.032971617107466766,3,True
META,2025-03-21 09:28:00-04:00,582.88,20257,580.4002790936028,580.6383530019266,0.7397165572070374,62.5265795069375,0.21416031775271205,3,True
META,2025-03-21 09:29:00-04:00,583.33,21496,580.9862232748823,580.8830481835696,0.07720285479002609,63.18538129020326,0.38482022959928863,3,True
META,2025-03-21 09:30:00-04:00,584.91,2026019,581.7709786199058,581.249134712336,0.2708586906210675,70.10063993874114,0.5775810420743058,3,True
META,2025-03-21 11:00:00-04:00,594.3025,98160,591.7289749272936,590.672123589597,0.28052443304535934,78.47037779825581,0.4597258013697567,3,True
META,2025-03-21 11:53:00-04:00,588.5326,76631,588.8450145972054,589.3964364179699,-0.16325838217456923,34.8483517586689,0.04002076380064057,3,True
META,2025-03-21 15:15:00-04:00,594.82,63438,594.43360962483,594.386522894505,-0.047050915812463234,53.75342704208348,0.061641249412171785,3,True
META,2025-03-21 15:50:00-04:00,596.33,146004,594.3935557959976,594.4692309272441,0.46836829247747236,62.32876712328783,0.11120460061724513,3,True
META,2025-03-21 15:55:00-04:00,595.19,340249,594.6296547632326,594.5592227476043,0.0739806641446128,61.08108108108154,0.12364808315778897,3,True
AMZN,2025-03-21 05:00:00-04:00,194.34,197,197.2087565290865,243.64403091495078,0.22175235934196458,32.15859030837369,14.00958108508891,3,True
AMZN,2025-03-21 05:03:00-04:00,193.92,1221,195.6755233428923,231.31776928245736,-0.12360939431397266,26.37795275590892,14.389337636357268,3,True
AMZN,2025-03-21 05:05:00-04:00,193.63,1653,194.9631349394511,224.7893134565763,-0.077407369181548,27.34693877551372,13.907459783831548,3,True
AMZN,2025-03-21 05:07:00-04:00,193.67,1423,194.48960636124872,219.38430864179855,0.025823778535261077,39.130434782612326,13.116497481342016,3,True
AMZN,2025-03-21 08:58:00-04:00,193.14,11420,193.29584792294253,193.5013849321972,-0.05174912026496559,37.40014157144653,0.03591274482408058,3,True
AMZN,2025-03-21 09:02:00-04:00,193.01,7302,193.17085226923732,193.37103888545676,-0.057011155234498734,29.74537037037699,0.021808462089002167,3,True
AMZN,2025-03-21 09:30:00-04:00,193.33,7864893,192.80463823861956,192.7621904646424,0.2592957527355777,78.23129251701002,0.09194320061179971,4,True
AMZN,2025-03-21 13:34:00-04:00,195.4504,49266,195.32988837713995,195.31510809182868,0.004963142272829124,59.76394849785797,0.026665668914415477,3,True
AMZN,2025-03-21 15:54:00-04:00,196.67,371625,196.13113230144523,195.94258979880203,0.23955147808358834,77.94378043382193,0.06938816665088753,3,True
GOOGL,2025-03-21 05:04:00-04:00,162.02,1913,162.42046043179582,166.42410919722295,-0.15406421396437775,28.187919463093635,1.1470538346778003,3,True
GOOGL,2025-03-21 05:05:00-04:00,161.9,1776,162.31636834543664,166.01282654292996,-0.07406493025552408,19.594594594600366,1.1655773101507148,3,True
GOOGL,2025-03-21 05:31:00-04:00,161.81,6713,161.74805492524473,162.96745736757552,0.08040573973280285,36.708860759502144,0.8041738806171019,3,True
GOOGL,2025-03-21 08:06:00-04:00,162.4,2460,162.2713569569134,162.25474562518878,0.08011339126148265,50.52554130755367,0.013242404458669208,3,True
GOOGL,2025-03-21 08:55:00-04:00,161.43,130398,161.45028183993338,161.5942671094757,0.006195019204580099,37.984167373490834,0.012059120433228154,3,True
GOOGL,2025-03-21 09:06:00-04:00,161.03,352015,161.09979966653157,161.26780769608007,-0.012418503570321704,17.64705882354366,0.0005874668934130467,3,True
GOOGL,2025-03-21 09:30:00-04:00,161.42,5084737,161.1707894706819,161.15829445636942,0.05578627657594204,54.450261780106835,0.03768570582125619,3,True
GOOGL,2025-03-21 10:06:00-04:00,162.315,102232,161.86885921256172,161.8217779724511,0.27038998055934904,59.80148883374935,0.01850057893211187,4,True
GOOGL,2025-03-21 10:56:00-04:00,162.92,61730,162.58833000831288,162.53054598822416,0.21529187426954088,77.0161290322601,0.01952388733639021,3,True
GOOGL,2025-03-21 12:47:00-04:00,163.21,46891,163.01090202403424,163.0010711673387,0.12883435582822234,57.07547169811787,0.0032573394262857963,3,True
GOOGL,2025-03-21 15:22:00-04:00,162.93,194550,162.80054706908135,162.79227240581318,0.08292637980282791,67.28472658705613,0.025487177091173104,3,True
GOOGL,2025-03-21 15:50:00-04:00,163.505,354307,163.1123409004634,163.05067225961648,0.35291229362302,69.49152542373244,0.01544119996498116,3,True
QQQ,2025-03-24 06:17:00-04:00,486.36,4851,486.22060115586675,486.2136952659914,0.045254453449627974,61.11111111111497,0.005013976765264924,3,True
QQQ,2025-03-24 13:29:00-04:00,489.7,67720,489.4931400573971,489.48002234825856,0.030640384026137113,69.12710832898948,0.05260611919607966,3,True
QQQ,2025-03-24 14:39:00-04:00,489.9,257506,489.5437467949233,489.51489389046066,0.08171603677220585,64.89909250982114,0.02430140499795748,3,True
SPY,2025-03-24 14:39:00-04:00,572.95,480113,572.4694328246453,572.4259846093806,0.0855955001222819,73.90116712193121,0.06438187097239824,3,True
TSLA,2025-03-24 05:30:00-04:00,257.89,17813,258.31126949248426,258.54934010032656,-0.12006196746707776,38.54961832061294,0.06695734427637423,3,True
TSLA,2025-03-24 05:31:00-04:00,257.71,11597,258.19101559398746,258.4730364548423,-0.06979720035674708,34.191176470590904,0.03743085022360848,3,True
TSLA,2025-03-24 05:38:00-04:00,257.97,17061,258.2234446014963,258.350384759205,-0.2050290135396371,36.52482269503788,0.08901128524214014,3,True
TSLA,2025-03-24 06:18:00-04:00,258.0,10203,257.78321319520916,257.7712727517612,0.05817335660267542,63.54166666667321,0.05129335132375436,3,True
TSLA,2025-03-24 09:03:00-04:00,259.2995,41654,258.84367737134005,258.7833845338278,0.14270266095084416,61.482525784672234,0.036361263846142834,3,True
TSLA,2025-03-24 09:32:00-04:00,260.7549,1154120,259.1001768649661,259.04101398240454,0.18245735361919202,60.891611771179434,0.08060599867973305,3,True
TSLA,2025-03-24 09:33:00-04:00,261.79,1462750,259.6381414919729,259.29092180218595,0.3969628183401408,65.59933029875006,0.23743555558538965,3,True
TSLA,2025-03-24 10:17:00-04:00,271.79,1029512,269.9074309289226,268.7103890184723,0.3338678763286085,69.12003449850417,0.14090841667945764,3,True
TSLA,2025-03-24 12:45:00-04:00,273.625,496308,272.6820349682849,272.55899721724154,0.40179062855465464,65.29140890274115,0.06304706054048352,4,True
TSLA,2025-03-24 12:47:00-04:00,274.87,1268356,273.3209023797024,272.88322084069546,0.3394903993575227,78.1132405705795,0.22056314003523747,3,True
TSLA,2025-03-24 14:05:00-04:00,274.86,415659,274.33126629239376,274.31158923707983,0.19867670378943547,50.81865925239607,0.0033313166763572558,3,True
TSLA,2025-03-24 14:20:00-04:00,274.3148,197365,274.1836404797988,274.1727496700707,0.07106376769296929,39.24592009004092,0.03784009459142998,3,True
TSLA,2025-03-24 15:27:00-04:00,275.83,574293,275.11491177253436,274.85870980063595,0.29634747195608213,71.55409872190575,0.07915500869680533,3,True
AAPL,2025-03-24 05:25:00-04:00,220.72,6634,220.63837770945167,220.6373286439334,0.0,87.5000000000071,0.17461501020447828,3,True
AAPL,2025-03-24 08:25:00-04:00,220.27,4452,220.13779542943482,220.12381604008183,0.04087564719774672,53.55225765709314,0.019463889610274454,3,True
AAPL,2025-03-24 09:28:00-04:00,221.2,27101,220.53248480493383,220.49536308566667,0.29017047515413896,70.59308072487838,0.03814815510485723,4,True
AAPL,2025-03-24 10:45:00-04:00,219.9991,125809,219.6690938295321,219.66747811228328,0.11791207791025382,57.86622526522085,0.0352274242604888,3,True
AAPL,2025-03-24 13:02:00-04:00,219.105,496433,219.16467109098323,219.1637182427424,-0.02737663404284163,38.55755894591678,0.005383658164776936,3,True
AAPL,2025-03-24 13:51:00-04:00,219.38,62107,219.2771180564811,219.27073647133255,0.022796699037974655,55.55555555556117,0.008388537376667997,3,True
AAPL,2025-03-24 15:42:00-04:00,219.95,111828,219.87496668888753,219.86598545982167,-0.00681926670152988,57.15729201752026,0.028967457177910945,3,True
AAPL,2025-03-24 15:54:00-04:00,220.72,870086,220.20296866796457,220.0679910041352,0.22704568159113148,76.25769333690249,0.05652995052234996,3,True
MSFT,2025-03-24 10:39:00-04:00,391.905,25136,391.80361815156175,391.8008839741262,0.004491085959879015,34.237676729082565,0.021886226327122518,3,True
MSFT,2025-03-24 11:43:00-04:00,393.27,79424,392.95586850146765,392.91411581355976,0.0648830197320649,56.097560975612666,0.013491553237024403,3,True
MSFT,2025-03-24 14:40:00-04:00,392.29,38820,391.985063710857,391.94911231227377,0.043354075283086324,69.65983906364683,0.04424975076581467,3,True
MSFT,2025-03-24 15:54:00-04:00,393.01,195063,392.6267817312546,392.6198581008238,0.1018822750312065,59.78260869565387,0.04422606610496792,3,True
NVDA,2025-03-24 04:43:00-04:00,119.36,16520,119.42890848066234,123.55959691898892,-0.05024284039524263,31.818181818197374,3.9072136171117435,3,True
NVDA,2025-03-24 04:48:00-04:00,119.23,13916,119.32678153094346,121.93938269181123,-0.008386447500829952,23.68421052633498,2.7480696027154163,3,True
NVDA,2025-03-24 04:49:00-04:00,119.3,19866,119.32142522475478,121.69943881073748,0.05871005619391134,34.09090909092443,2.5621930678897,3,True
NVDA,2025-03-24 04:57:00-04:00,119.09,16682,119.28893535623561,120.42114954156597,-0.1760268231349449,32.91139240507272,1.4259158380248893,3,True
NVDA,2025-03-24 05:00:00-04:00,119.0,28963,119.18185490239264,120.08696434377607,-0.050394758945071505,35.05154639175963,1.1190900219815463,3,True
NVDA,2025-03-24 05:05:00-04:00,119.1,18679,119.04917741441605,119.66576261170438,0.15136226034309086,35.77981651376773,0.7698808341915346,3,True
NVDA,2025-03-24 05:25:00-04:00,118.9,16426,119.00565265540712,119.1330856844797,-0.025224922223154866,30.000000000017053,0.15935771863798875,3,True
NVDA,2025-03-24 05:26:00-04:00,118.85,11507,118.9745221243257,119.10735062225427,-0.042052144659388,28.301886792468466,0.14125084437407387,3,True
NVDA,2025-03-24 05:32:00-04:00,118.78,13409,118.92050576775927,119.02164080280286,-0.1513113651647524,20.00000000001421,0.09116276309783516,3,True
NVDA,2025-03-24 05:33:00-04:00,118.86,12702,118.90840461420743,119.00694618436624,0.06735140596059175,29.850746268668104,0.08443292792658841,3,True
NVDA,2025-03-24 09:02:00-04:00,120.16,52199,120.07426329772602,120.06321967473505,0.04171179894414401,59.103385178415905,0.003979816369740456,3,True
NVDA,2025-03-24 09:31:00-04:00,120.2103,1853748,120.0848935566284,120.08062299510036,0.008569051580709086,54.12941176471203,0.01732976658947416,3,True
NVDA,2025-03-24 09:33:00-04:00,120.7387,2317979,120.27167187624218,120.16973553314078,0.25216921991115804,74.98293256466901,0.06679322760110232,3,True
NVDA,2025-03-24 14:39:00-04:00,121.93,558815,121.82115185333285,121.80979625587796,0.09851407930383527,56.41156462585838,0.00430890565307495,3,True
META,2025-03-24 04:00:00-04:00,606.0,1668,218.3944153940394,165.65906042749833,399.6701846965699,99.84040526765581,30.87816981212574,3,True
META,2025-03-24 09:04:00-04:00,613.075,7507,612.0556638765149,612.0461234130823,0.13474887709270522,60.56851311953462,0.1261576021958602,3,True
META,2025-03-24 09:27:00-04:00,616.0,13077,613.5639963126473,613.1674808021104,0.3747759491608216,65.55793991416331,0.14691262977656164,3,True
META,2025-03-24 09:32:00-04:00,614.73,139501,613.7188991293827,613.4506021424666,0.2879446624195481,54.0816326530618,0.001090569813361697,3,True
META,2025-03-24 15:31:00-04:00,617.62,30871,617.1700600028286,617.1225881702813,0.0648067139755737,54.477879276375624,0.01809470328422974,3,True
META,2025-03-24 15:47:00-04:00,617.85,43352,617.2605359812509,617.2025114683734,0.11342461314105545,54.467353951891184,0.033931341561314166,3,True
META,2025-03-24 15:54:00-04:00,619.73,131210,618.0381341634154,617.6667784930781,0.3156463465958881,71.29337539432214,0.1504376114239627,3,True
AMZN,2025-03-24 04:34:00-04:00,198.96,3788,199.5940807968191,221.0684341110297,-0.06027727546714656,31.967213114760938,12.714687499206178,3,True
AMZN,2025-03-24 05:35:00-04:00,199.06,3673,199.17526132871217,199.74822906579473,0.02512436560977438,37.07865168540292,0.8622706524597468,3,True
AMZN,2025-03-24 06:20:00-04:00,199.38,5435,199.26572676091112,199.26220882613802,0.02508403150554006,65.11627906977128,0.1636525544211464,3,True
AMZN,2025-03-24 06:58:00-04:00,199.33,1197,199.3349940487743,199.33662396003595,0.04517165227866382,39.240506329123356,0.007035991564522608,3,True
AMZN,2025-03-24 08:31:00-04:00,200.49,6149,200.05554130276434,199.9526210325153,0.21994501374655862,70.86792988432524,0.03358019865240439,3,True
AMZN,2025-03-24 09:30:00-04:00,200.74,1272550,200.30178537155078,200.28274510321273,0.37000000000000366,60.68376068376293,0.008273976099745683,4,True
AMZN,2025-03-24 09:53:00-04:00,202.66,425844,201.815948681367,201.3623845509522,0.24732884843687852,69.5533014112918,0.12821257387993057,3,True
AMZN,2025-03-24 14:42:00-04:00,202.31,47032,202.22996122652643,202.2273785643958,0.05440158259149008,39.2950702548311,0.002647111659305294,3,True
GOOGL,2025-03-24 04:21:00-04:00,165.95,3270,166.64292050314856,171.7471586055989,-0.0301204819277201,25.373134328371563,1.1336667907264806,3,True
GOOGL,2025-03-24 04:22:00-04:00,165.99,6344,166.51233640251886,171.22378055054446,0.02410364567642098,29.577464788746084,1.200489436454781,3,True
GOOGL,2025-03-24 04:26:00-04:00,165.95,3321,166.24431623808965,169.9155751694549,-0.024097837219116958,21.621621621637303,1.2872551685539504,3,True
GOOGL,2025-03-24 04:32:00-04:00,165.95,3028,166.10805593112156,168.67955069288632,-0.03614240106017963,31.09243697479711,1.233216871971834,3,True
GOOGL,2025-03-24 04:36:00-04:00,165.94,11515,166.01504370938744,167.8148450876896,-0.006025911419094143,33.92857142857923,1.063540297747588,3,True
GOOGL,2025-03-24 04:45:00-04:00,165.71,5533,165.90791993815367,166.97543635115562,-0.09646108398142506,38.679245283026084,0.7638130749213055,3,True
GOOGL,2025-03-24 04:47:00-04:00,165.49,11162,165.79266876041837,166.73581516624432,-0.13276205419106013,12.63157894737951,0.6519679764225454,3,True
GOOGL,2025-03-24 05:23:00-04:00,165.49,1347,165.67814958218705,165.86231688959288,-0.054354390626887295,31.182795698934157,0.1567092750975354,3,True
GOOGL,2025-03-24 05:24:00-04:00,165.63,1507,165.66851966574964,165.84119717235717,0.08459725663181317,39.047619047624906,0.14648028334342644,3,True
GOOGL,2025-03-24 05:35:00-04:00,165.53,1833,165.6954410592583,165.78852244001598,-0.12670447689152597,38.79310344828195,0.10147104600354523,3,True
GOOGL,2025-03-24 09:53:00-04:00,167.8278,290019,167.27647747549437,166.97400705919432,0.2345985009107876,93.95981688708088,0.12706845641827338,3,True
GOOGL,2025-03-24 14:40:00-04:00,167.35,45412,167.21215297930138,167.19845977743685,0.04184600669536742,60.73145604396462,0.004296080386111567,3,True
GOOGL,2025-03-24 15:57:00-04:00,167.845,293683,167.65678120309457,167.63478152008494,0.05663189269746738,54.5194335643308,0.027392675530967477,3,True
QQQ,2025-03-25 04:00:00-04:00,490.0,5753,232.09519358078757,196.93079811494084,192.53731343283582,99.78260171200381,20.575179215081548,3,True
QQQ,2025-03-25 10:07:00-04:00,491.65,210218,491.3252086944311,491.2972353677233,0.04578521646232403,58.62068965517376,0.03585466753885782,3,True
QQQ,2025-03-25 13:52:00-04:00,491.62,121424,491.77651169749504,491.8580435811194,-0.020336777027585295,39.8129283200673,0.0008657655394979785,3,True
SPY,2025-03-25 10:00:00-04:00,574.47,231642,574.6749456747232,574.7473117903534,-0.03306302857341015,39.903069466885746,0.0394171339422488,3,True
SPY,2025-03-25 11:46:00-04:00,575.27,80215,575.4113470837935,575.5101674044613,-0.012166718809758503,39.767341663078305,5.55761102099539e-05,3,True
SPY,2025-03-25 12:17:00-04:00,574.58,103111,574.7152007746894,574.7958986128176,-0.017400988376126136,37.936078402699344,0.012124879556325241,3,True
SPY,2025-03-25 12:43:00-04:00,574.655,72041,574.5353420181201,574.5281596525587,-0.02000800320127727,55.783338357958996,0.049703416953517515,3,True
SPY,2025-03-25 13:49:00-04:00,574.28,76786,574.4435669184054,574.4877433411334,-0.012187690432674536,39.9280575539618,0.002701600803585613,3,True
SPY,2025-03-25 14:11:00-04:00,574.55,436646,574.2945689233084,574.27390543913,0.0034811062955775185,53.125000000000675,0.054658479057543535,3,True
SPY,2025-03-25 15:03:00-04:00,574.34,224952,574.1147610565644,574.1115447542505,0.0261237569445516,64.73037018061041,0.0421571009967618,3,True
TSLA,2025-03-25 04:19:00-04:00,275.22,114432,281.4841382758243,323.69413112590263,0.320769847634339,17.194928684629033,8.455269367791473,4,True
TSLA,2025-03-25 04:21:00-04:00,276.7,37146,279.5218484965276,315.4141579552914,0.545058139534893,28.694292415951054,9.636223738667873,3,True
TSLA,2025-03-25 04:31:00-04:00,274.16,47007,275.1624621392994,290.5993863629727,0.20467836257309635,39.54588457899813,8.368024207441763,3,True
TSLA,2025-03-25 04:36:00-04:00,274.76,44165,274.58127399380567,284.41817558597756,0.3579516400029181,37.13592233009812,6.680968859410598,3,True
TSLA,2025-03-25 04:50:00-04:00,278.72,42367,276.5621828486085,278.3335555494514,0.6681836240835182,78.28571428571536,3.1291841752849336,3,True
TSLA,2025-03-25 05:15:00-04:00,275.7,23740,275.7261271757285,276.1616103490028,0.2108170979935986,48.13084112149638,0.31263339517220423,3,True
TSLA,2025-03-25 05:17:00-04:00,275.75,26724,275.7267213924663,276.0860416107461,0.01813565469714895,37.28813559322254,0.29967868545231235,3,True
TSLA,2025-03-25 05:53:00-04:00,277.2,11130,276.65880217683065,276.5396605173677,0.2024291497975783,58.33333333333583,0.06022790550960964,3,True
TSLA,2025-03-25 06:37:00-04:00,279.47,24608,278.45458535177625,277.98988811887284,0.31227566403446705,73.88888888888994,0.14081986229385812,3,True
TSLA,2025-03-25 06:43:00-04:00,280.62,24101,279.53948682245607,278.80819674788097,0.2894821486008281,86.51162790697636,0.1682582434934098,3,True
TSLA,2025-03-25 07:01:00-04:00,282.92,47332,281.58513460321603,280.97729809988823,0.2551381998582736,58.51979345955346,0.013258956145441259,3,True
TSLA,2025-03-25 08:30:00-04:00,283.5,47409,283.04069371541357,282.9534532569246,0.20146325946346355,58.671754095737406,0.03171127240907677,3,True
TSLA,2025-03-25 09:31:00-04:00,280.735,1456363,281.92494380672525,282.5340518901147,0.29473759422671275,35.75807625552987,-0.3678947396075827,3,True
TSLA,2025-03-25 09:54:00-04:00,273.67,650718,273.254415626953,274.76958949648036,0.38883386522872154,37.36135025827974,0.19752899888965247,3,True
TSLA,2025-03-25 10:12:00-04:00,274.8561,409330,273.9567151618015,273.9341231725241,0.2511603308196664,51.90762325345778,0.35865994988960503,3,True
TSLA,2025-03-25 10:38:00-04:00,278.89,691317,277.70047665349335,276.9181725956573,0.20937287667264215,71.26341866226302,0.13209287333812825,3,True
TSLA,2025-03-25 11:47:00-04:00,277.559,308715,276.72650036577943,276.72637397885336,0.33582763980770647,66.46252728595752,0.18042991846558315,3,True
TSLA,2025-03-25 12:00:00-04:00,278.47,451425,277.431431591682,277.19777742268667,0.42554726099031104,68.01307906175421,0.1022258999616571,3,True
TSLA,2025-03-25 12:40:00-04:00,279.3993,306415,278.5513294491485,278.2857381916326,0.24026870486664187,74.28784392520393,0.08747617932318535,3,True
TSLA,2025-03-25 12:52:00-04:00,279.8611,633527,279.2926495201077,278.9595873640904,0.2170417718572626,72.9365544336093,0.03630102826614584,3,True
TSLA,2025-03-25 12:54:00-04:00,280.6032,347790,279.67433569286896,279.198296995116,0.20111412655334782,71.69580104523476,0.10731278324966803,3,True
TSLA,2025-03-25 14:08:00-04:00,278.9,311621,278.31070185755016,278.25927665419897,0.18319623549696296,58.96399145560084,0.05766778490251132,3,True
TSLA,2025-03-25 14:16:00-04:00,280.13,306585,279.3399301297573,278.90153450021927,0.20747630119835048,86.5662016766795,0.15739708284068282,3,True
TSLA,2025-03-25 14:40:00-04:00,280.88,354397,280.2785675357352,280.0337663656185,0.27131229473082996,65.04372560293118,0.019702552670441742,3,True
TSLA,2025-03-25 14:47:00-04:00,282.26,490070,281.3746759488703,280.78184099406656,0.2130227934388884,79.08322722537478,0.1453265492234344,3,True
TSLA,2025-03-25 14:55:00-04:00,283.5806,593593,282.4928304588421,281.7498205319949,0.2653891029947397,80.36981964696949,0.11896624243302867,3,True
TSLA,2025-03-25 15:39:00-04:00,286.58,662874,285.4607633915582,284.81459302175284,0.2518715455117837,84.27821966491733,0.11441178868698765,3,True
TSLA,2025-03-25 16:00:00-04:00,288.9569,3778061,287.85191903676446,287.10249042354684,0.3357408243341853,79.47915124077178,0.07947297592174007,3,True
AAPL,2025-03-25 05:02:00-04:00,220.22,5077,220.29611109613424,223.76547315852886,0.004541119840140162,31.944444444455087,2.0083359839989443,3,True
AAPL,2025-03-25 05:03:00-04:00,220.12,1811,220.26088887690742,223.4340665077535,-0.045409136318219634,34.8484848484962,1.9180944235777,3,True
AAPL,2025-03-25 05:16:00-04:00,220.1,2077,220.15435846718506,222.1714348298076,0.0,33.333333333351746,1.474533335097922,3,True
AAPL,2025-03-25 05:26:00-04:00,220.15,8855,220.1314315351988,221.6570885272784,0.022716946842349373,37.93103448278261,1.2371077451298813,3,True
AAPL,2025-03-25 06:46:00-04:00,220.85,2497,220.61722080892372,220.61608411552936,0.06796556411419186,79.56989247311874,0.2067726013032542,3,True
AAPL,2025-03-25 07:12:00-04:00,220.82,1951,220.7333673611488,220.72490080198656,0.04530627038781265,48.514851485154196,0.036321381207779904,3,True
AAPL,2025-03-25 07:15:00-04:00,220.7,2125,220.7474840889082,220.73531239818672,-0.04981658439382475,35.64356435644093,0.029633913105212226,3,True
AAPL,2025-03-25 08:00:00-04:00,220.88,29480,220.7895341135145,220.7781301116435,0.01811266074986939,50.00000000001015,0.009479924474092325,3,True
AAPL,2025-03-25 09:37:00-04:00,221.89,258996,220.9191098258218,220.95977261491976,0.3709232369837556,57.82747603833997,0.07810283095569107,3,True
AAPL,2025-03-25 09:38:00-04:00,221.355,271069,221.00628786065744,220.99570237719976,-0.2411104601379055,54.93171471927307,0.09683838857265939,3,True
MSFT,2025-03-25 12:26:00-04:00,394.79,38904,394.5208575162935,394.4866875460309,0.034207092270466255,56.91699604743554,0.04355678069156465,3,True
MSFT,2025-03-25 13:45:00-04:00,394.65,21019,394.597268632817,394.5912892147741,-0.00126692934334649,48.02631578947964,0.008242464259537813,3,True
NVDA,2025-03-25 04:20:00-04:00,120.02,32732,122.74251274007077,157.41821512103337,-0.04996668887408129,16.32653061225419,9.222588338775736,3,True
NVDA,2025-03-25 04:28:00-04:00,119.9,30326,120.58797274862921,137.55110824217886,-0.2578820397637349,30.578512396700447,9.010826434798787,3,True
NVDA,2025-03-25 04:29:00-04:00,119.84,20528,120.43837819890338,135.94100749288987,-0.050041701417846696,30.833333333339738,8.670536870343817,3,True
NVDA,2025-03-25 05:05:00-04:00,120.13,13473,120.15605679942705,120.66618946770267,-0.041604260276262295,30.43478260870792,0.7870495329512877,3,True
NVDA,2025-03-25 05:28:00-04:00,120.4,11999,120.28727217120553,120.27934975185039,0.0,67.6470588235353,0.1675078640774212,3,True
NVDA,2025-03-25 06:16:00-04:00,120.58,7661,120.50030772276558,120.49593436867549,0.016589250165899294,50.76923076923975,0.010840745601977488,3,True
NVDA,2025-03-25 07:57:00-04:00,120.7,17277,120.63613949209066,120.63043514564258,0.04973474801062139,66.12903225807047,0.016669822153249723,3,True
NVDA,2025-03-25 09:31:00-04:00,120.8646,1514072,120.67116552158646,120.64750789065528,0.21940298507463485,60.98148301918498,0.01135149391509888,4,True
NVDA,2025-03-25 15:19:00-04:00,120.865,532314,120.78658354875958,120.78230709168953,-0.01240900066181716,53.81426202322436,0.0037388593465711144,3,True
NVDA,2025-03-25 15:35:00-04:00,121.21,1554239,120.92630058949482,120.8672220585709,0.22325119894162082,71.66377816291485,0.028627395492809554,3,True
META,2025-03-25 04:01:00-04:00,618.0,1331,220.17091472693983,165.98071698622275,412.0561041147602,99.91327027104094,31.72199938454077,3,True
META,2025-03-25 09:53:00-04:00,627.475,83097,625.7053885438659,625.510689810532,0.20248895333332406,64.59695599210332,0.2612352580968721,3,True
META,2025-03-25 09:55:00-04:00,629.345,138409,626.7748486680742,626.0517684384562,0.23971075433231182,60.80044029642526,0.48580492645400974,3,True
META,2025-03-25 11:45:00-04:00,627.9,47479,627.9392238711688,628.4330613246294,0.03983111606786771,37.98515634505593,0.02609501250622326,3,True
META,2025-03-25 13:55:00-04:00,626.17,24938,626.0919359587059,626.4469669708287,0.05790917208419177,28.964439604152275,0.0019729840839329826,3,True
META,2025-03-25 14:52:00-04:00,623.595,21403,623.9531100691344,624.2241770638672,-0.06328628075550347,37.54284626126885,0.004857009963860404,3,True
AMZN,2025-03-25 06:53:00-04:00,202.61,10407,203.023591808782,203.06479140375455,-0.3050730699207693,36.36363636364213,0.17550439911817606,3,True
AMZN,2025-03-25 08:27:00-04:00,204.0,4314,203.8025336518196,203.79571697392976,0.0539506596694439,57.94754619511668,0.02627792605034157,3,True
GOOGL,2025-03-25 09:15:00-04:00,168.65,2238,168.52682843190797,168.5126443682476,0.029655990510080166,85.30166880616898,0.03520520578871865,3,True
GOOGL,2025-03-25 09:25:00-04:00,169.01,10049,168.69504952215723,168.61606068337838,0.213400407115083,74.13217003898691,0.03844378421807885,3,True
GOOGL,2025-03-25 09:35:00-04:00,169.4,199350,169.15398180190175,168.97715721074042,0.22482546444206886,66.81765180733944,0.02755984200819131,3,True
GOOGL,2025-03-25 15:55:00-04:00,170.56,254824,170.3074180349392,170.2370842606883,0.31170969828853146,62.80631316627767,0.014829078768623064,3,True
QQQ,2025-03-26 09:39:00-04:00,492.79,321860,492.6121512812476,492.59951014473546,-0.0507058250851844,56.15809509591965,0.08780739292666054,3,True
QQQ,2025-03-26 10:46:00-04:00,488.19,133253,488.4776266285354,488.5679630208011,-0.035322122398839806,30.734786757694962,0.0032907586429773983,3,True
QQQ,2025-03-26 10:53:00-04:00,489.23,134097,488.65928965992873,488.5860891407999,0.05583313052068828,63.877874702618485,0.10041959755447387,3,True
QQQ,2025-03-26 12:05:00-04:00,486.42,214283,486.29543347602294,486.76464084828274,0.07818286560776766,34.031725977401635,0.004326842670841602,3,True
QQQ,2025-03-26 13:24:00-04:00,484.89,96823,484.85418705263305,485.01425896679956,0.018316786344585445,38.506334286886506,0.01169501227376285,3,True
QQQ,2025-03-26 13:40:00-04:00,484.3057,164803,484.07678893556044,484.3310794851909,0.050758170474729525,34.907268688334,0.005926272854099912,3,True
QQQ,2025-03-26 14:10:00-04:00,484.37,111534,484.0107680271344,484.00429643937105,0.04337409120951374,57.44511392755874,0.06662121303356164,3,True
QQQ,2025-03-26 15:07:00-04:00,482.88,283921,483.229831212611,483.38572291978306,-0.060020282716233275,39.25125838926497,0.02196242936719084,3,True
SPY,2025-03-26 08:42:00-04:00,575.56,7830,575.3728014003212,575.3486637448322,0.020888370946869905,61.41732283464581,0.031178578739719316,3,True
SPY,2025-03-26 09:33:00-04:00,574.95,163288,575.2108690448761,575.317202320109,-0.06778600479716568,35.6666666666743,0.001450797913632923,3,True
SPY,2025-03-26 11:36:00-04:00,572.52,166356,572.5908858175807,572.7829810180285,-0.017463588418153986,39.75609756097809,0.00889859605647872,3,True
SPY,2025-03-26 13:40:00-04:00,568.61,229948,568.3899197659864,568.68040127117,0.043986205925827804,32.891246684354584,0.012813044514815464,3,True
SPY,2025-03-26 14:10:00-04:00,568.8,117596,568.4384366423892,568.3975301503475,0.035174111853653045,59.83953981229341,0.0759687596254815,3,True
TSLA,2025-03-26 04:49:00-04:00,283.59,8751,283.95715787579957,286.4668700601071,-0.05990978291514626,30.000000000003283,2.5999852123696137,3,True
TSLA,2025-03-26 04:56:00-04:00,283.45,9125,283.65021497135496,285.0624291771787,-0.08812125484667366,29.508196721317574,1.5539982298970774,3,True
TSLA,2025-03-26 05:21:00-04:00,283.51,9608,283.77897823460023,284.01802761356964,-0.0035270880361149004,25.581395348841582,0.1876613609719251,3,True
TSLA,2025-03-26 05:42:00-04:00,283.5,10398,283.7116580051448,283.77552828573323,-0.07401924500369805,38.129496402883696,0.035116094425111405,3,True
TSLA,2025-03-26 05:47:00-04:00,283.4,5157,283.55731769512585,283.66862440204227,-0.014112334180083064,37.209302325584986,0.002715459908104262,3,True
TSLA,2025-03-26 06:45:00-04:00,285.37,11310,284.89226024475903,284.5990347018286,0.20014044943819087,71.08433734939858,0.038066808970487975,3,True
TSLA,2025-03-26 07:34:00-04:00,284.97,10321,284.81550535205,284.8138485828715,0.01754878562403306,56.796116504857466,0.02824320275574356,3,True
TSLA,2025-03-26 09:42:00-04:00,283.9313,918568,282.74419738286616,282.7056977342148,0.25497053061835917,61.63726023287747,0.2790960667000367,4,True
TSLA,2025-03-26 10:51:00-04:00,277.2591,362040,276.59263658570706,276.55487268214324,0.20224105934416592,57.66173245614126,0.020615274746724907,3,True
TSLA,2025-03-26 11:17:00-04:00,278.74,401144,278.1274300379844,277.8300438676193,0.2589741745198326,66.13683483068493,0.039031185906835075,3,True
TSLA,2025-03-26 12:58:00-04:00,270.635,597816,271.2610111839595,272.14271674467585,0.25378783248297676,30.334569936796484,-0.21019996802603447,3,True
TSLA,2025-03-26 13:40:00-04:00,270.82,417054,269.9096749338782,270.16774493642595,0.218332531547194,45.28777986942894,0.05799700880775799,3,True
TSLA,2025-03-26 13:42:00-04:00,272.4168,512354,270.64073595768207,270.4694900301041,0.3950323002201328,62.04090821380429,0.2791747119308625,4,True
TSLA,2025-03-26 15:16:00-04:00,269.375,348359,269.0310008508204,269.36173699782745,0.29282713146689954,37.61317907444829,0.015438317503777554,3,True
TSLA,2025-03-26 15:41:00-04:00,268.715,557879,267.8596054342652,268.07961575635215,0.3173240251619136,50.503118184949464,0.12824770348939335,3,True
TSLA,2025-03-26 15:49:00-04:00,270.6519,687939,269.0638435605505,268.6121846944149,0.3287676310863352,76.85830111599844,0.332832955381703,3,True
AAPL,2025-03-26 06:19:00-04:00,223.71,2214,223.78586646175262,224.69009591960057,-0.017877094972063023,29.268292682936973,0.7355781286615501,3,True
AAPL,2025-03-26 07:36:00-04:00,224.35,2682,224.28602565805664,224.27780088295174,0.008915437079304311,79.06976744186554,0.11078869422212018,3,True
AAPL,2025-03-26 12:11:00-04:00,223.07,101985,222.8620773990899,222.85895108599237,0.05638179581177738,72.53174928308201,0.06937634644601215,3,True
AAPL,2025-03-26 15:50:00-04:00,221.86,304179,221.2688369431624,221.13549882386064,0.3437358661239287,70.49180327869017,0.06271872684026798,3,True
MSFT,2025-03-26 10:30:00-04:00,392.64,62600,392.842514524518,392.9310961768898,-0.08651839788285098,33.10023310023507,0.006707548003660774,3,True
MSFT,2025-03-26 14:05:00-04:00,389.91,33036,390.1051892460419,390.2252129843385,-0.08351358755049887,39.82058786105557,0.03266818105616931,3,True
MSFT,2025-03-26 15:18:00-04:00,389.43,40996,389.05200097485783,389.04530399311636,0.04367260956688046,61.7924528301915,0.09736128549107723,3,True
NVDA,2025-03-26 04:47:00-04:00,119.78,16914,119.8817466387064,122.68560320945737,-0.058406341259897854,19.04761904764257,2.9155993139004757,3,True
NVDA,2025-03-26 04:51:00-04:00,119.77,14482,119.81257142321417,121.75974333000298,0.01670146137786599,27.02702702705038,2.18523402701093,3,True
NVDA,2025-03-26 04:55:00-04:00,119.77,6054,119.79089325494854,121.13160325797621,0.01670146137786599,39.0243902439196,1.636955127155268,3,True
NVDA,2025-03-26 04:58:00-04:00,119.81,6284,119.79765734653367,120.80143745903545,0.0,33.33333333335439,1.3191659061355505,3,True
NVDA,2025-03-26 05:21:00-04:00,119.62,7724,119.7545328878478,119.90195755575007,-0.08352823254259567,25.000000000019384,0.21107545484957058,3,True
NVDA,2025-03-26 05:46:00-04:00,119.7,4641,119.75681133490342,119.78071448725473,-0.016705646508519134,38.88888888890752,0.0244934237032947,3,True
NVDA,2025-03-26 05:48:00-04:00,119.72,5291,119.7419592543382,119.76935081591299,0.008353521009119014,37.142857142875826,0.01934633886748567,3,True
NVDA,2025-03-26 05:53:00-04:00,119.69,5192,119.73787400846156,119.75805720915298,-0.05010438413360907,31.578947368440538,0.015621561507313045,3,True
NVDA,2025-03-26 09:27:00-04:00,118.7797,180819,118.55063280229714,118.55910792793547,0.2360337552742564,67.7814818797763,0.026564602578573487,3,True
NVDA,2025-03-26 10:53:00-04:00,115.465,986870,115.13503917382567,115.1301197092554,0.10837523842552876,61.75298804781248,0.059416744366057636,3,True
NVDA,2025-03-26 15:00:00-04:00,113.21,859171,112.95953849490117,113.0291764749192,0.32798682026480286,59.04039513142078,0.01932497455518653,3,True
NVDA,2025-03-26 15:49:00-04:00,114.01,1563517,113.7096096735298,113.58241858718722,0.21262550750167364,77.27272727273024,0.04608931975174281,3,True
META,2025-03-26 09:30:00-04:00,625.99,289113,624.6254867107914,624.5902205361919,0.176030981452735,70.31377759607545,0.06963127569442118,3,True
META,2025-03-26 09:38:00-04:00,625.8,51658,624.4515680400967,624.4289021077319,0.21458540178713736,61.42946297944644,0.06748660007780197,3,True
META,2025-03-26 10:50:00-04:00,616.0,37273,615.0838032909579,615.0656404909815,0.22045245629591648,51.566837763886475,0.03856694405714818,3,True
META,2025-03-26 13:41:00-04:00,612.9691,30608,611.8226605843165,611.8097755105031,0.09456392168389893,54.38430049719864,0.13672837201875498,3,True
AMZN,2025-03-26 04:28:00-04:00,205.24,3527,209.14486894211373,260.29892903861526,0.00487258198120788,31.360946745566864,13.601058678095441,3,True
AMZN,2025-03-26 04:30:00-04:00,205.3,4314,207.74151612295282,250.74374300712003,0.05848523247879989,28.915662650607942,14.461795433625497,3,True
AMZN,2025-03-26 04:32:00-04:00,205.34,4826,207.2612128983623,246.61613000647273,0.0194836824159772,26.70807453416687,14.589541673662083,3,True
AMZN,2025-03-26 05:04:00-04:00,205.11,1465,205.2659811056322,210.868156630388,-0.06820950060900666,35.36585365854711,5.419507419512314,3,True
AMZN,2025-03-26 05:05:00-04:00,205.01,754,205.21478488450578,210.33559693671634,-0.04875432694653181,33.33333333334204,5.048196180748665,3,True
AMZN,2025-03-26 13:40:00-04:00,201.4303,102117,201.21133288416254,201.4120148867766,0.11943933595108813,35.777268624596715,0.009759504388716783,3,True
GOOGL,2025-03-26 04:54:00-04:00,171.02,723,171.15927424150524,171.99042655212028,-0.052597744141202885,31.37254901962511,0.645005486205307,3,True
GOOGL,2025-03-26 05:05:00-04:00,170.97,2048,171.10986272932058,171.70181241180262,-0.1285121794497357,32.098765432108195,0.4924474519504054,3,True
GOOGL,2025-03-26 05:12:00-04:00,170.95,1719,171.0859121467652,171.58868794363852,-0.12269221780790707,38.793103448280995,0.4274012868296595,3,True
GOOGL,2025-03-26 06:26:00-04:00,170.09,26569,170.86834676737232,170.98407007137746,-0.5902980713033301,22.758620689661825,0.012439212902324026,3,True
GOOGL,2025-03-26 07:01:00-04:00,169.79,1729,169.62987271502197,169.62520159730573,0.0058899752620966694,62.06896551724431,0.09274215116245535,3,True
GOOGL,2025-03-26 08:00:00-04:00,171.11,37489,169.884948177597,169.76807745958448,0.9200825715128369,80.08849557522267,0.08814065218208922,4,True
GOOGL,2025-03-26 10:30:00-04:00,167.88,95008,167.84236274891572,167.91899359192678,-0.01310288144273919,34.21807747489791,0.03559258989498559,3,True
GOOGL,2025-03-26 15:17:00-04:00,165.435,109136,165.46408161223576,165.56286717172986,0.015113959252777143,38.91273247497293,0.007767886170164773,3,True
QQQ,2025-03-27 04:00:00-04:00,483.89,5638,228.85383666346894,194.1286198326229,193.42476037089074,99.78157177065943,20.323655966494627,3,True
QQQ,2025-03-27 08:31:00-04:00,484.0,16309,483.39606191421177,483.3439310698177,0.076504766040153,64.49410884608349,0.06994817960742745,3,True
QQQ,2025-03-27 09:54:00-04:00,483.34,342590,482.199201920802,481.88428243044285,0.20090349562960075,80.187573270809,0.2719610561147209,3,True
QQQ,2025-03-27 11:50:00-04:00,483.49,289522,483.35837511591217,483.7690694362563,0.09937682449638885,37.27925770727579,0.01337605171245776,3,True
QQQ,2025-03-27 13:47:00-04:00,482.9706,75783,482.52244889493704,482.48687710520267,0.05500252638721559,53.95255500609337,0.08034915433884816,3,True
SPY,2025-03-27 04:00:00-04:00,568.83,3810,499.35278062619045,490.3046841893249,18.038816287501504,97.3337758601615,5.5275280373177695,3,True
SPY,2025-03-27 08:31:00-04:00,568.76,12774,568.282964284647,568.2480811236574,0.031904120204306885,61.75000000000419,0.05159893208033749,3,True
SPY,2025-03-27 09:30:00-04:00,567.3205,418831,567.2570773476598,567.4363088546767,0.0,38.88404533567231,0.013458956923528831,3,True
SPY,2025-03-27 09:31:00-04:00,567.27,147006,567.2596618781279,567.421189867888,-0.008901493952717665,37.07055781308939,0.02163580093276779,3,True
SPY,2025-03-27 12:06:00-04:00,569.0232,110101,568.4371637839845,568.4086761750831,0.0908344456038046,73.38065661047185,0.1380604240132672,3,True
SPY,2025-03-27 13:50:00-04:00,567.6227,74923,567.2348140672607,567.1827008859306,0.03396013605203585,64.31529493649077,0.08608998278580476,3,True
TSLA,2025-03-27 04:15:00-04:00,266.5,27266,274.5765481403205,332.04231560924103,0.23695791176139291,32.99663299663459,4.446171978749177,3,True
TSLA,2025-03-27 05:02:00-04:00,270.22,19120,269.24458656512456,269.2753024568307,0.3043801039346983,85.20547945205615,1.269090297403678,3,True
TSLA,2025-03-27 05:03:00-04:00,270.55,19808,269.50566925209966,269.39118405166425,0.12212271482494597,86.43216080402127,1.212004595403811,3,True
TSLA,2025-03-27 05:10:00-04:00,270.7,23625,269.99411232033805,269.7199286503229,0.24069616737640853,68.95734597156454,0.621255082375336,3,True
TSLA,2025-03-27 05:11:00-04:00,271.93,34243,270.3812898562705,269.9208442275663,0.4543775397118699,74.66150870406248,0.6655663995880285,3,True
TSLA,2025-03-27 06:03:00-04:00,274.22,22021,273.3708735024232,273.0292207484098,0.3292843553344138,73.6434108527145,0.07034759822263631,3,True
TSLA,2025-03-27 06:52:00-04:00,274.22,14873,274.2423455780947,274.27891750554045,-0.04738472753781364,38.09523809524288,0.010483636428865864,3,True
TSLA,2025-03-27 07:04:00-04:00,273.5,27272,272.9647002472053,273.3236852064617,0.3964466632405683,39.919354838710895,-0.013092427007774798,3,True
TSLA,2025-03-27 08:30:00-04:00,274.0,30710,273.2633169642395,273.42505160880796,0.366300366300365,53.78768089441678,0.02161457800735933,3,True
TSLA,2025-03-27 08:32:00-04:00,274.21,28455,273.6217228571133,273.57037323041976,-0.040099154272388304,57.88480430174321,0.1293221669582093,3,True
TSLA,2025-03-27 08:35:00-04:00,274.2999,32570,273.78310210284207,273.6587987456196,0.21185883384478021,59.22041399658917,0.12440763165318193,3,True
TSLA,2025-03-27 09:28:00-04:00,272.24,81072,271.9022555422939,272.5962943895563,0.38348082595871524,33.22069447681372,-0.1416326170072557,3,True
TSLA,2025-03-27 09:30:00-04:00,274.342,1327862,272.46824354706814,272.73794577649284,0.7166195528470309,56.32284847517224,0.13077240664200296,3,True
TSLA,2025-03-27 09:31:00-04:00,275.97,1315503,273.46839587012363,273.1643353524734,0.59341989195969,67.9159531023587,0.4124106000305852,4,True
TSLA,2025-03-27 09:34:00-04:00,275.44,995433,274.2171114855034,273.617945418838,0.4192642823289239,62.15502640231189,0.4122140451192311,3,True
TSLA,2025-03-27 09:42:00-04:00,276.1254,862657,274.50171181597176,274.02711969851714,0.6985157361146799,65.81429611691617,0.16100941793483342,3,True
TSLA,2025-03-27 09:43:00-04:00,278.03,1062339,275.2073694527774,274.3910179077428,0.6897590732326542,65.67653959941526,0.34009673439580723,3,True
TSLA,2025-03-27 10:28:00-04:00,280.9197,729245,278.977684895794,278.5371988260998,0.689868994067977,63.25031271276419,0.1670220057712557,3,True
TSLA,2025-03-27 10:29:00-04:00,282.3808,996702,279.65830791663524,278.8866171146362,0.5201130429799194,73.53028383514426,0.33670034942694893,3,True
TSLA,2025-03-27 10:30:00-04:00,283.16,940356,280.35864633330823,279.27510646785106,0.27593944064185916,80.65976714100933,0.47209313415845655,3,True
TSLA,2025-03-27 10:34:00-04:00,283.85,690737,282.0284567381231,280.4962181325394,0.3774986075871123,81.58654555417438,0.47149268319561033,3,True
TSLA,2025-03-27 10:37:00-04:00,285.33,879206,283.28520984991906,281.50533293203557,0.47007869856863227,86.15242337309428,0.43621980252033987,3,True
TSLA,2025-03-27 10:38:00-04:00,286.21,921331,283.87016787993525,281.93302993821413,0.3084148179301138,86.73812450292873,0.47085251721806465,3,True
TSLA,2025-03-27 10:53:00-04:00,290.16,1145867,287.71495806784674,286.09622305072315,0.5565334195563487,69.96905005862618,0.04287582975013349,3,True
TSLA,2025-03-27 10:55:00-04:00,291.55,1145712,288.8819731634219,286.93241574439924,0.4600037902934062,74.81247802476923,0.21742720581957853,3,True
TSLA,2025-03-27 12:04:00-04:00,285.1,499655,284.29712256151583,284.19983128454055,0.1704056356832906,63.56488400805827,0.23619008095617522,3,True
TSLA,2025-03-27 13:17:00-04:00,277.99,392879,278.6252170438637,278.6804667401707,-0.34236139740808635,36.29550321199283,0.03829302482015817,3,True
TSLA,2025-03-27 13:45:00-04:00,276.605,261370,275.96112799973594,275.9495798505426,0.24826036532328288,65.98086823177283,0.23791920628602198,3,True
TSLA,2025-03-27 13:47:00-04:00,277.885,454495,276.543961919831,276.2287850004484,0.24747564024401036,66.73568840256392,0.34588714238113377,3,True
TSLA,2025-03-27 14:49:00-04:00,278.56,327466,277.48352596292676,277.03726510584465,0.25914195220271274,75.35563751317137,0.1885548470068783,3,True
TSLA,2025-03-27 15:21:00-04:00,278.7476,378170,277.80694587611794,277.4393708455572,0.21664958924301203,87.2062180001235,0.176907261900873,3,True
TSLA,2025-03-27 15:22:00-04:00,279.43,460396,278.13155670089435,277.6203371323247,0.24480928266288338,88.75758889852568,0.23699568827275397,3,True
TSLA,2025-03-27 15:55:00-04:00,274.03,693008,274.6296649047471,275.9831049500022,0.3622166634314805,27.035197075503717,-0.48538891798623407,3,True
TSLA,2025-03-27 16:00:00-04:00,273.8,4474719,273.66037531598755,274.9000813096486,0.20494803103499049,30.632244043787352,-0.15774947553942154,3,True
AAPL,2025-03-27 07:29:00-04:00,220.65,945,220.7793297074806,220.90570903913473,-0.004531858968548352,38.392857142863264,0.05847871029406582,3,True
AAPL,2025-03-27 07:35:00-04:00,220.76,1266,220.7512134481841,220.85019810063156,0.022654161569479747,38.55421686747821,0.054289953232678656,3,True
AAPL,2025-03-27 07:43:00-04:00,221.12,1543,220.89841702837623,220.89582002638588,0.09959257582616843,51.21951219512651,0.08436764290536733,3,True
AAPL,2025-03-27 08:59:00-04:00,221.66,2478,221.4235289866217,221.39878486053394,0.09030976248531886,58.015267175575936,0.004892714839849016,3,True
AAPL,2025-03-27 09:31:00-04:00,221.7991,191001,221.4422292906213,221.42395828720834,0.13525989900653457,65.07957826875634,0.044732411497986554,3,True
MSFT,2025-03-27 04:03:00-04:00,390.02,665,257.29582664917893,239.39563154780916,74.28724640271696,99.08701599952418,10.531829153515194,3,True
MSFT,2025-03-27 10:00:00-04:00,390.595,84290,389.42791080758786,389.05878627883556,0.2245201683259701,88.70740719019543,0.25667437603932663,3,True
MSFT,2025-03-27 11:10:00-04:00,390.78,31711,390.3593354618661,390.32097457068926,0.1897241308583597,60.73200992555957,0.014203212152315167,3,True
MSFT,2025-03-27 13:47:00-04:00,390.25,27481,390.03764038867115,390.0207806292004,0.01153239963609387,50.000000000003595,0.040459193109454276,3,True
MSFT,2025-03-27 14:05:00-04:00,390.055,16265,389.95363940260427,389.9524041144181,-0.001281854073731381,39.3124332027131,0.02481469912463275,3,True
MSFT,2025-03-27 15:46:00-04:00,391.72,30971,391.62009666909677,391.6070555333212,-0.03317596018884705,58.87060244602527,0.03559212630991369,3,True
NVDA,2025-03-27 05:14:00-04:00,113.31,27371,112.970241789157,112.9992911200276,0.21225789334040623,81.889763779529,0.43814017244445935,3,True
NVDA,2025-03-27 08:30:00-04:00,111.88,80441,111.70347823117615,111.74785963024797,0.25718459043129194,54.18767507003484,0.0008819388447047494,3,True
NVDA,2025-03-27 08:32:00-04:00,111.99,95852,111.80022606795275,111.7865782068165,0.0357302367128165,60.33858878263648,0.03193645223357292,3,True
NVDA,2025-03-27 09:30:00-04:00,112.075,6259964,111.60201771837767,111.65754261510116,0.6511001347103695,61.41891090283811,0.009205164866186763,3,True
NVDA,2025-03-27 09:30:00-04:00,112.075,6259964,111.69661417470215,111.6954932864556,0.0,61.80016712427163,0.04086907629658659,3,True
NVDA,2025-03-27 09:45:00-04:00,112.06,1588827,111.45109761992948,111.44821338838773,0.3402578796561473,50.55540774245232,0.0763361810310606,3,True
NVDA,2025-03-27 10:37:00-04:00,113.55,1022803,113.08195838730657,112.85255040405045,0.2285263361376133,84.11714529428623,0.08905860266597879,3,True
NVDA,2025-03-27 10:54:00-04:00,114.165,1133460,113.687959872763,113.4746632443981,0.22826039243228902,68.37109614207189,0.021938136642999678,3,True
NVDA,2025-03-27 11:58:00-04:00,112.145,850918,112.5052554462841,112.65740371052269,-0.240181470444345,28.35820895523031,0.004219970274794732,3,True
NVDA,2025-03-27 12:15:00-04:00,112.76,520345,112.4648072880097,112.42879876798486,0.2088424794490118,77.02841492639743,0.07901973977882876,3,True
NVDA,2025-03-27 13:47:00-04:00,112.18,486178,111.87269673941174,111.84019286776974,0.15177216319972597,62.89075088624275,0.058682218333635336,3,True
NVDA,2025-03-27 15:14:00-04:00,112.7089,445204,112.45687859198969,112.42845007239234,0.1545297018705316,76.54962606160971,0.031163904899325974,3,True
META,2025-03-27 04:00:00-04:00,608.88,389,211.00637091456173,156.9594552552317,446.4237637979,99.7827646603794,31.740995135457055,3,True
META,2025-03-27 09:35:00-04:00,604.81,64990,603.544155825894,603.516633448394,0.1871852637158833,59.129383313180696,0.24800830724244277,3,True
META,2025-03-27 09:49:00-04:00,604.485,49211,602.7899650036127,602.7794417263497,0.3236326520451138,48.09781336330119,0.2153067821310129,3,True
META,2025-03-27 10:37:00-04:00,613.33,47687,611.607720621283,610.7818712646798,0.3895572469105435,75.99373823274378,0.08301201761956467,3,True
META,2025-03-27 11:50:00-04:00,607.69,31425,607.7861737718097,608.5341051093262,0.059819533704041916,35.958262934384194,0.026148452031634628,3,True
META,2025-03-27 12:06:00-04:00,608.65,24386,607.5881002057479,607.7052025631276,0.22807176438621735,66.65744455203635,0.20418268410073992,3,True
META,2025-03-27 12:08:00-04:00,608.65,24695,607.9235841316787,607.8450021182873,0.04808028174223544,61.68069819720598,0.2603337865132358,3,True
META,2025-03-27 14:06:00-04:00,606.2575,20544,605.6258393484269,605.5679044002993,0.08873737040215879,63.85753211366504,0.1285016254888946,3,True
AMZN,2025-03-27 06:58:00-04:00,200.78,4181,200.9337461119154,201.98663250166086,-0.00498032770556156,18.46153846155326,1.3985021061578875,3,True
AMZN,2025-03-27 07:00:00-04:00,200.69,2189,200.8555975116259,201.76655578649658,-0.029887920298876658,17.142857142870824,1.1926711346128673,3,True
AMZN,2025-03-27 07:02:00-04:00,200.7,2701,200.8219824074406,201.5930213111542,-0.06970722963554055,25.263157894746286,1.0297464319755059,3,True
AMZN,2025-03-27 07:28:00-04:00,200.29,1983,200.57344546873927,200.9068329566698,-0.09477254588986517,36.05442176871253,0.3159283167451299,3,True
AMZN,2025-03-27 07:36:00-04:00,200.76,1620,200.6078490111965,200.79279207000874,0.05482182905556243,37.7483443708654,0.26564617199004503,3,True
AMZN,2025-03-27 07:56:00-04:00,201.0,2030,200.85580142796238,200.8435024929099,0.024881811395882636,72.80701754386251,0.18774952496412173,3,True
AMZN,2025-03-27 08:31:00-04:00,201.1501,4889,200.71737174957062,200.73398391291568,0.23425353797090764,63.66990746164035,0.041443993212378544,3,True
AMZN,2025-03-27 08:32:00-04:00,201.14,2687,200.80189739965653,200.77089446628696,-0.005021126014859156,58.068378342426406,0.06436863767563307,3,True
AMZN,2025-03-27 09:27:00-04:00,200.7101,8508,200.3223619143683,200.4083991428742,0.3199380216924119,47.873699580219345,0.017477002970151506,3,True
AMZN,2025-03-27 12:06:00-04:00,202.8788,82759,202.52953524895855,202.48101688836186,0.2068556751950945,68.95708853884042,0.04533532117529637,3,True
AMZN,2025-03-27 13:03:00-04:00,201.72,131512,201.66454238187174,201.8876802973514,0.099245732433495,35.915492957752775,0.006027741988846369,3,True
AMZN,2025-03-27 14:03:00-04:00,202.025,46947,201.83348048248217,201.82791470387852,0.056956069535929466,53.09336332958995,0.029717469355087144,3,True
GOOGL,2025-03-27 07:13:00-04:00,165.13,945,165.3658820585711,165.51085076286682,-0.10284331518451983,36.206896551730985,0.07707974473927937,3,True
GOOGL,2025-03-27 07:20:00-04:00,165.06,5034,165.24455329119075,165.4024566374338,-0.08474576271185752,34.482758620697425,0.04426737688528504,3,True
GOOGL,2025-03-27 07:22:00-04:00,164.9,3269,165.13651410636209,165.32351788217667,-0.060606060606060996,24.77064220184357,0.02101663331986725,3,True
GOOGL,2025-03-27 07:24:00-04:00,164.73,3404,165.05521128508968,165.26956171106968,-0.10309278350516538,22.500000000007873,0.004100309850599726,3,True
GOOGL,2025-03-27 07:33:00-04:00,164.7,3934,164.79247310969484,165.0057659324022,-0.05461496450027692,33.83458646617062,0.013417581309945137,3,True
GOOGL,2025-03-27 09:30:00-04:00,165.375,566290,164.81250710492856,164.9077754901594,0.4830477579292669,53.92316017316332,0.016666617783481302,3,True
GOOGL,2025-03-27 09:54:00-04:00,164.88,149293,164.54392108542595,164.57645314062196,0.24928558399708312,55.91836734694061,0.04444952320008776,3,True
QQQ,2025-03-28 04:00:00-04:00,479.01,9875,225.613497256961,191.23128587227853,195.7216940363008,99.54556138838831,20.183672119304198,3,True
QQQ,2025-03-28 07:17:00-04:00,480.48,6357,480.31493267526344,480.4198829300729,0.03539380816557358,39.23076923077616,0.010983213863730218,3,True
QQQ,2025-03-28 14:57:00-04:00,469.38,118762,469.1399897428305,469.11382891617257,0.044738571362490376,63.360818445568306,0.06693222693463022,3,True
QQQ,2025-03-28 15:54:00-04:00,469.245,268396,468.7089463879093,468.65021748110394,0.12354213875127584,62.95244854506932,0.10034794490557733,3,True
SPY,2025-03-28 07:19:00-04:00,566.4,3642,566.3022853378206,566.3654978104086,-0.01941713297205494,39.58333333333531,0.0003036124901556747,3,True
SPY,2025-03-28 07:41:00-04:00,566.141,16992,566.1373144834228,566.1940154735453,-0.017483752472458036,38.38892385148119,0.01293530869552302,3,True
SPY,2025-03-28 08:59:00-04:00,564.46,15874,564.8193078860294,564.97272365396,-0.024796315975905703,32.181859983909945,2.4249322067237955e-05,3,True
SPY,2025-03-28 09:10:00-04:00,565.16,33462,564.819060128637,564.7944711360385,-0.012384339118598486,52.941753284960654,0.10798885475135328,3,True
SPY,2025-03-28 11:01:00-04:00,558.06,442317,558.5767842873564,558.8788200161831,-0.07162554166817436,35.1233875490755,0.0029093072456994884,3,True
SPY,2025-03-28 11:09:00-04:00,558.2358,331951,558.261062067344,558.5019137160924,0.00641347187388952,39.53470805952545,0.0425522838896677,3,True
SPY,2025-03-28 13:42:00-04:00,556.03,266871,555.7122466447896,555.7006524536092,0.041381792011518925,70.05329963184953,0.08663653589438844,3,True
TSLA,2025-03-28 04:45:00-04:00,275.86,19206,274.92170154851243,278.1057629592613,0.2361832782239226,70.61994609164498,3.628941249910193,3,True
TSLA,2025-03-28 04:49:00-04:00,276.63,14074,275.6310809542707,277.46124988679816,0.22826086956522218,80.88642659279755,2.8407406995075384,3,True
TSLA,2025-03-28 04:50:00-04:00,277.27,27929,275.95886476341656,277.4438635334529,0.23135596283845317,82.96296296296238,2.7073008221571886,3,True
TSLA,2025-03-28 04:54:00-04:00,277.05,16947,276.28575900709546,277.1350785693961,0.25330197213677685,73.4154929577472,1.9660549743532423,3,True
TSLA,2025-03-28 04:55:00-04:00,277.62,20437,276.5526072056764,277.1791623358146,0.2057390362750322,75.44715447154523,1.8712294679869856,3,True
TSLA,2025-03-28 05:26:00-04:00,278.43,28728,277.6161897924684,277.3827181642645,0.31344574146130455,66.19318181818281,0.20216758010141195,3,True
TSLA,2025-03-28 05:29:00-04:00,279.25,17625,278.2291691737439,277.7461068101161,0.22971178349664445,76.68393782383521,0.2736234247293553,3,True
TSLA,2025-03-28 06:12:00-04:00,277.98,18470,277.26238917539,277.19740432811005,0.19102540998379158,63.322884012541095,0.13883786233068318,3,True
TSLA,2025-03-28 07:48:00-04:00,276.24,15574,276.01319253402687,276.065057570895,0.2322206095791035,54.27631578947529,0.01265723934024987,3,True
TSLA,2025-03-28 08:40:00-04:00,275.1,51335,275.7010713039341,276.3451599458235,0.21857923497268228,32.75070523812268,-0.2963883725644365,3,True
TSLA,2025-03-28 09:08:00-04:00,275.62,86019,275.034889302736,275.1811455074816,0.3276062900407606,50.82144198272747,0.04899463548347205,3,True
TSLA,2025-03-28 09:09:00-04:00,276.18,33631,275.2639114421888,275.2719504613469,0.20317828894855783,49.452405075507116,0.12315614964484606,3,True
TSLA,2025-03-28 09:14:00-04:00,277.15,64780,276.11944810137646,275.7198384122711,0.2169589585969911,70.21696252465485,0.24996763285364432,3,True
TSLA,2025-03-28 09:23:00-04:00,277.683,76006,276.88752805790074,276.4229405178497,0.2284786139685968,65.58158822309858,0.1014156551520548,3,True
TSLA,2025-03-28 09:36:00-04:00,271.33,833350,271.86522462497436,273.7231079281982,0.8249414737467875,21.554580460285464,-0.690533801290143,3,True
TSLA,2025-03-28 09:42:00-04:00,274.18,910909,271.6309201192893,272.6777649785687,1.4131184589407653,45.72232502725085,0.1139456659016227,3,True
TSLA,2025-03-28 09:47:00-04:00,275.8589,714260,273.3410991046888,273.17853824413925,0.7589642816703934,67.44997843182827,0.5992344523887587,3,True
TSLA,2025-03-28 11:10:00-04:00,266.42,646282,264.63167785299777,264.4792220840237,0.7811465642791005,63.75058615838794,0.20544143745524704,4,True
TSLA,2025-03-28 11:13:00-04:00,267.2499,471230,265.61132546073486,265.0036739173732,0.34539856568920335,66.12557141524493,0.37020867232339943,3,True
TSLA,2025-03-28 11:32:00-04:00,267.9529,636215,266.28780056808336,265.8502725747469,0.4584786113297934,76.8338443724946,0.1583324503374821,3,True
TSLA,2025-03-28 12:26:00-04:00,262.74,355096,262.52930222909526,263.05619193359155,0.3106599070043625,39.084229316286674,0.03348040800109631,4,True
TSLA,2025-03-28 13:17:00-04:00,265.8741,500678,264.3404710067727,264.1181143014436,0.6565079124706719,68.8679245283025,0.11731262204971296,3,True
TSLA,2025-03-28 13:57:00-04:00,263.6164,241905,263.00170082571714,263.08667564798156,0.24588374786762568,48.44689926720024,0.06826655690144356,3,True
TSLA,2025-03-28 14:00:00-04:00,263.98,234925,263.29794602276723,263.20852415325436,0.20307844142042342,62.31590956233346,0.13692351426677218,4,True
TSLA,2025-03-28 15:51:00-04:00,263.043,319658,262.3158345168369,262.2328124740432,0.2698839270398601,61.4297927777561,0.2010215881309595,3,True
AAPL,2025-03-28 04:41:00-04:00,222.14,1467,222.4575358557825,226.84535590794206,-0.018003420649936874,31.0924369747962,1.4088684778586682,3,True
AAPL,2025-03-28 05:54:00-04:00,222.0,2736,222.13365134014677,222.5204398005814,-0.04502476361998298,37.77777777779322,0.37158324952028043,3,True
AAPL,2025-03-28 07:53:00-04:00,222.0,4999,222.1111550838131,222.15509006023757,-0.022517451024550716,37.80487804878886,0.004803686373185609,3,True
AAPL,2025-03-28 08:53:00-04:00,222.02,11631,221.8782497636488,221.87407448018917,0.0850646414640277,67.05756929637907,0.029149251604606068,3,True
AAPL,2025-03-28 09:13:00-04:00,221.9,6466,221.79080964159914,221.78625960635762,-0.036039282818267626,49.37500000000415,0.027369596051889572,3,True
AAPL,2025-03-28 09:38:00-04:00,222.26,84953,221.85225670981708,221.837330876547,0.2571157923226153,55.89001954985349,0.03586455344923163,3,True
AAPL,2025-03-28 11:10:00-04:00,220.4684,177324,220.06657656986684,220.1386100969608,0.26107998251887476,53.54830975785521,0.008629557997858445,3,True
AAPL,2025-03-28 15:43:00-04:00,218.23,124243,218.25037859434832,218.28932159985413,-0.004490473323381927,34.99333036906043,0.000601562528404348,3,True
MSFT,2025-03-28 04:09:00-04:00,388.7,231,252.1912970148914,233.66575754225164,78.26922459537427,99.44283226929775,10.86300319432135,3,True
MSFT,2025-03-28 15:54:00-04:00,378.86,209179,378.0305885147565,377.8061938139193,0.2195592942359159,84.4626735268441,0.12201285836175474,3,True
NVDA,2025-03-28 05:37:00-04:00,111.64,7234,111.6884211867441,111.71137875835703,-0.017911517105495545,39.062500000011276,0.04453367948329842,3,True
NVDA,2025-03-28 05:39:00-04:00,111.5,9600,111.63018955951623,111.67965186641077,-0.053782717820005654,33.33333333334453,0.02368744096350439,3,True
NVDA,2025-03-28 05:43:00-04:00,111.58,9149,111.60881364357786,111.65185429028806,-0.04479082683865876,36.9863013698728,0.023686343371916746,3,True
NVDA,2025-03-28 08:46:00-04:00,111.43,2046435,111.50414763149921,111.61197741221838,-0.19704433497537144,33.78797272164198,0.009845083400160493,3,True
NVDA,2025-03-28 09:36:00-04:00,111.995,1066462,111.56468964220133,111.58043026267039,0.38092677242986817,49.032424529115744,0.015076078578351366,3,True
NVDA,2025-03-28 09:37:00-04:00,112.02,1357403,111.65575171376106,111.62039114788217,0.022322425108245447,49.78636130576203,0.042579860938739875,3,True
NVDA,2025-03-28 10:51:00-04:00,109.9092,609969,109.79966465145208,109.7908973329199,0.2323664166691053,61.06184629377261,0.03801674025591646,3,True
NVDA,2025-03-28 11:10:00-04:00,109.88,947468,109.64466358372816,109.64778225341526,0.2097583219334176,59.76562500000378,0.03343840037403223,3,True
NVDA,2025-03-28 14:11:00-04:00,110.4,787972,110.0304912695321,109.89857800349873,0.31347962382444194,72.10178351783829,0.04285040374667072,3,True
NVDA,2025-03-28 14:52:00-04:00,110.1502,520488,110.02351250413848,110.00920143492787,0.11379231992727501,59.53455571227669,0.016204611005781806,3,True
META,2025-03-28 04:01:00-04:00,599.01,686,207.54219703182548,154.16237311040715,446.0437556973564,99.91027937631314,31.25701231423736,3,True
META,2025-03-28 09:38:00-04:00,601.569,49953,599.3073385323833,599.1801847217333,0.288243531608412,53.88979709587491,0.1176453439464005,3,True
META,2025-03-28 10:17:00-04:00,589.97,53806,589.6421398435872,591.2738565902869,0.21675097758768747,35.94907604530481,0.10395742934815866,3,True
META,2025-03-28 10:55:00-04:00,585.013,52293,585.7269190953672,586.26268057414,-0.14286933515404998,32.61172435966314,0.04597825504835551,3,True
META,2025-03-28 12:30:00-04:00,582.8915,64126,582.4430921162908,583.0420002412905,0.08439217032967239,38.12718003756469,0.053315134191980085,3,True
META,2025-03-28 12:49:00-04:00,582.1,48635,582.2748509200259,582.5151014362248,-0.04636227827669037,36.55709430325369,0.02473287360036769,3,True
META,2025-03-28 14:11:00-04:00,581.295,56244,580.6728030607215,580.6034988295446,0.11453076830338915,54.559450497395986,0.11784151497967343,3,True
META,2025-03-28 14:59:00-04:00,576.07,87794,576.2975816580359,576.9124418204213,0.06253148286463617,37.2491341272507,0.0008644574462088883,3,True
META,2025-03-28 15:05:00-04:00,575.85,109351,575.8854940461642,576.402329651884,0.019974467419903164,39.38444859363087,0.046707028158362585,3,True
META,2025-03-28 15:18:00-04:00,576.615,103601,576.0123137890811,576.0953187450597,0.20245025632112945,59.486847779216056,0.1328709670005372,3,True
META,2025-03-28 15:40:00-04:00,576.775,108799,576.2099443131923,576.142481535973,0.050738747490175484,51.911111111112405,0.08450397346344765,3,True
AMZN,2025-03-28 04:34:00-04:00,200.0,2606,203.56873538734533,250.97225256120964,-0.029991002699192304,27.906976744194736,12.692553983155904,3,True
AMZN,2025-03-28 04:36:00-04:00,199.94,1413,202.84298830987626,246.33295687382696,-0.029999999999996696,26.37362637363438,13.184604157982136,3,True
AMZN,2025-03-28 07:14:00-04:00,200.0,3092,200.11716787479173,200.47615381518702,-0.009999000099991662,16.438356164396794,0.4657088548716817,3,True
AMZN,2025-03-28 09:07:00-04:00,198.93,9747,198.940707405551,199.14430668786312,0.020111619488161203,32.217134134716346,0.006012789170511401,3,True
AMZN,2025-03-28 09:12:00-04:00,199.5614,15835,199.25386220265102,199.23496051676992,0.0057128539213024965,65.67131647777092,0.1019762110702302,3,True
AMZN,2025-03-28 09:32:00-04:00,197.71,271630,198.16690841032892,198.76875768860984,0.2865910877780209,22.181447985228445,-0.24925740689292075,3,True
AMZN,2025-03-28 10:21:00-04:00,195.37,285255,195.4184486681489,195.95130118214473,0.1281775974669941,32.44122430874171,0.013239960608459445,3,True
AMZN,2025-03-28 10:28:00-04:00,194.615,420472,195.04333899237065,195.48960958655553,-0.141105238852679,28.899620870196728,0.021542773564730888,3,True
AMZN,2025-03-28 12:29:00-04:00,193.285,164396,193.10572171060107,193.26389559823252,0.08284789644013024,38.78326996198185,0.04289201532477238,3,True
AMZN,2025-03-28 15:52:00-04:00,192.45,213627,192.33962573837238,192.33615425567595,0.04938785058874462,58.96317829457843,0.022304250334294742,3,True
GOOGL,2025-03-28 09:30:00-04:00,160.905,577631,161.01250835406796,161.23709885521166,0.3148379052368977,32.196162046911425,-0.13975413353654226,3,True
GOOGL,2025-03-28 12:00:00-04:00,156.07,144448,156.13995501226293,156.36505401242104,0.20545746388442865,27.333333333339468,-0.05975007472036803,3,True
GOOGL,2025-03-28 15:10:00-04:00,154.66,99561,154.75129202491667,154.7901165824647,-0.0710732054015728,38.461538461547434,0.0016858778035830496,3,True
GOOGL,2025-03-28 15:32:00-04:00,154.36,222313,154.44149990406606,154.4987219566247,-0.09384809553087958,33.125000000010886,0.009726430483367646,3,True
QQQ,2025-03-31 07:49:00-04:00,461.94,15143,461.6134120375849,461.59293028996666,0.08883496197431562,71.72413793103586,0.07902341567415434,3,True
QQQ,2025-03-31 08:26:00-04:00,462.39,16895,461.940732239245,461.879835518578,0.043272247344172676,75.4237288135601,0.06168423859463082,3,True
QQQ,2025-03-31 15:50:00-04:00,469.57,409678,468.68589084901095,468.39122347957993,0.29260999572833235,67.9279279279288,0.0331067754057951,3,True
SPY,2025-03-31 07:19:00-04:00,550.07,32948,550.203824986644,550.2802309413124,-0.04179538433579655,37.419354838715265,0.024338734986712046,3,True
SPY,2025-03-31 07:49:00-04:00,549.71,29834,549.4276940531965,549.423665763587,0.047320047320043024,69.32773109243686,0.0770605825696023,3,True
SPY,2025-03-31 08:26:00-04:00,550.01,19359,549.6267197305285,549.5833580968837,0.0345567640318567,66.68689320388128,0.05705939708911412,3,True
SPY,2025-03-31 14:01:00-04:00,554.13,138626,553.5959288838184,553.534982239308,0.09754511461550486,70.64846416382383,0.04611698297528806,3,True
TSLA,2025-03-31 04:26:00-04:00,252.9,16396,253.54221925941252,276.4326125183393,0.23781212841855748,39.55773955774137,10.576559173652804,3,True
TSLA,2025-03-31 05:02:00-04:00,252.59,13174,253.00367271920152,253.95519671752905,-0.007917342939711691,29.01785714286089,1.0895475285985814,3,True
TSLA,2025-03-31 05:07:00-04:00,251.86,22790,252.488992276628,253.3168445508125,-0.18230818008876382,16.31205673759304,0.6821938822585647,3,True
TSLA,2025-03-31 05:08:00-04:00,251.9,14463,252.37119382130243,253.18804050073865,0.015881839116960172,21.929824561408083,0.6196896475424682,3,True
TSLA,2025-03-31 05:09:00-04:00,251.92,17055,252.28095505704198,253.07276409158058,0.007939658594668941,18.34862385321523,0.572451078488879,3,True
TSLA,2025-03-31 05:10:00-04:00,252.31,16388,252.28676404563362,253.0034219014369,0.15481105112735705,32.37704918033151,0.5595648605850077,3,True
TSLA,2025-03-31 05:14:00-04:00,251.61,24633,252.0072025530916,252.63235632910107,-0.123054938075573,25.185185185188175,0.40987968643550343,3,True
TSLA,2025-03-31 05:29:00-04:00,252.73,11364,252.51303459223456,252.50627504278782,-0.05536441649860446,57.25190839694832,0.24002847598921018,3,True
TSLA,2025-03-31 07:30:00-04:00,247.7,33458,247.84425433248703,248.56398862148276,0.23470378763352784,18.348623853213056,-0.10913771918197623,3,True
TSLA,2025-03-31 08:00:00-04:00,248.81,802438,248.2633064244112,247.9434288365974,0.2013612017236488,72.00000000000051,0.18933776210725045,3,True
TSLA,2025-03-31 09:00:00-04:00,249.5,40451,248.86052455157906,248.70015772622247,0.2732899284623391,63.98467432950337,0.0024301939622777546,3,True
TSLA,2025-03-31 09:28:00-04:00,249.19,115777,248.13016443087818,248.10917246990886,0.47983870967742703,74.87845639623352,0.09698713653808053,4,True
TSLA,2025-03-31 09:30:00-04:00,250.04,2204637,248.71690523576206,248.39220865281723,0.2525961268593946,83.13609467455682,0.2382753817687704,3,True
TSLA,2025-03-31 09:34:00-04:00,244.615,1089469,246.91776830765454,247.64464911290037,0.3370066621984025,33.1883506043182,-0.4292881379920025,3,True
TSLA,2025-03-31 10:30:00-04:00,246.0593,686512,246.55894599898423,247.48824519716547,0.27274950079465565,35.967322256626105,-0.28765314390528096,3,True
TSLA,2025-03-31 11:36:00-04:00,253.04,472171,251.76987901562657,251.0545699121397,0.2337890542990939,69.08127208480626,0.10769094619262998,3,True
TSLA,2025-03-31 12:16:00-04:00,252.04,447578,251.52852708220524,251.9240517309202,0.24221356952800477,39.06166853899455,-0.06628330124221615,3,True
TSLA,2025-03-31 14:00:00-04:00,254.71,280392,254.10223627812348,254.05849534393792,0.24795340050378645,75.79446966570447,0.11910692325322333,3,True
TSLA,2025-03-31 14:10:00-04:00,257.22,373505,255.7835421413755,255.10687541505146,0.34329406257316286,91.88893448228694,0.256653973060497,3,True
TSLA,2025-03-31 14:12:00-04:00,258.3059,531356,256.55144697048036,255.58968959921606,0.3402478343627502,92.8590065228298,0.3511476126838641,3,True
TSLA,2025-03-31 15:37:00-04:00,257.71,186223,257.665028368746,257.9059280418015,0.22786662160412252,36.32308600913961,0.007418975962421914,3,True
TSLA,2025-03-31 15:41:00-04:00,259.4085,332330,258.1505538598384,258.05689173676757,0.34764639483688686,64.80536004767416,0.18249742447677036,3,True
TSLA,2025-03-31 15:56:00-04:00,259.7,520588,258.5777200460239,258.43391535628325,0.1542614731970593,49.895532990681936,0.0873805520795909,3,True
AAPL,2025-03-31 04:15:00-04:00,216.85,2056,218.20188997987168,227.44802521857028,0.25891164640066133,3.0810448760886544,0.008351434001809821,3,True
AAPL,2025-03-31 04:43:00-04:00,215.0,16352,215.8155343139912,218.85274916619306,-0.5182306126226166,25.201072386060886,1.3868616406526613,3,True
AAPL,2025-03-31 04:45:00-04:00,215.49,1876,215.750427451193,218.54704469653913,0.22790697674419658,38.03191489361899,1.342378758885963,3,True
AAPL,2025-03-31 07:39:00-04:00,216.36,3823,216.21147381864586,216.192861311253,0.027739251040226343,50.423728813564885,0.027578100421733177,3,True
AAPL,2025-03-31 09:30:00-04:00,218.0,1764803,216.97415216516941,216.9218396862228,0.36832412523020164,64.23231039874999,0.06194724547237146,4,True
AAPL,2025-03-31 09:41:00-04:00,217.64,286774,217.06437758685976,217.03331541741292,0.2810671335760073,65.16064257028194,0.012772623455910528,3,True
AAPL,2025-03-31 10:46:00-04:00,219.52,143195,219.0300815784888,218.87019964701597,0.21913805697590938,68.1985294117664,0.019916810690004283,3,True
AAPL,2025-03-31 13:52:00-04:00,220.1145,61845,219.68467850142818,219.64757121284447,0.13397325084159029,57.55702540644392,0.07635036726712985,3,True
AAPL,2025-03-31 15:50:00-04:00,224.05,1372920,222.53013684261197,222.13811332564828,0.89388242181343,80.09294529940654,0.11191688214071072,3,True
MSFT,2025-03-31 08:00:00-04:00,374.45,51315,372.95086961767703,372.79408450506105,0.49651100375736057,90.39301310043405,0.13833152693996106,4,True
MSFT,2025-03-31 15:50:00-04:00,376.88,724241,374.90511288219693,374.4292219759948,0.6852517264870572,79.651162790698,0.11834878921277736,3,True
NVDA,2025-03-31 04:23:00-04:00,106.01,39230,107.55659792129457,133.66932923688827,-0.1507017048130277,29.090909090914124,9.652431217018837,3,True
NVDA,2025-03-31 04:36:00-04:00,105.9,41305,106.1794862893817,114.10884943640652,-0.22611644997173608,39.02439024390802,5.9827677307749525,3,True
NVDA,2025-03-31 05:00:00-04:00,105.93,28001,106.1195673639853,106.98220046377459,-0.07546457881332236,29.687500000012776,1.095128231301755,3,True
NVDA,2025-03-31 05:01:00-04:00,105.9,20894,106.07565389118825,106.88381860343144,-0.028320589068253632,20.00000000001421,1.007542647813294,3,True
NVDA,2025-03-31 05:03:00-04:00,105.81,25593,105.9960184903605,106.70571785407556,-0.09441979038805615,13.432835820909133,0.8559411431470263,3,True
NVDA,2025-03-31 05:05:00-04:00,105.85,25261,105.95305183383073,106.56216351576491,-0.05665187423283813,20.000000000009948,0.7386945426998786,3,True
NVDA,2025-03-31 05:41:00-04:00,105.9,11825,105.9135922331131,105.9417005945399,0.018889308651304226,39.13043478261908,0.037807730670083584,3,True
NVDA,2025-03-31 05:42:00-04:00,105.92,13315,105.91487378649049,105.93972781321808,0.018885741265339817,31.14754098361817,0.0368833968584128,3,True
NVDA,2025-03-31 05:43:00-04:00,105.85,12637,105.90189902919239,105.93157073928917,-0.06608761329305324,32.20338983052011,0.03118985788035966,3,True
NVDA,2025-03-31 05:44:00-04:00,105.75,13451,105.87151922335393,105.9150643084447,-0.09447331128955572,25.37313432837003,0.020819920310529205,3,True
NVDA,2025-03-31 05:48:00-04:00,105.72,13756,105.78903827388581,105.85754136223254,-0.009458053532584998,27.08333333335024,0.005592436617545465,3,True
NVDA,2025-03-31 06:01:00-04:00,105.92,14436,105.83209692775468,105.82917311365972,-0.018878610534256435,62.02531645570121,0.030953574585666013,3,True
NVDA,2025-03-31 07:35:00-04:00,104.86,71954,104.8891061803545,105.00592353086087,0.019076688286912002,25.000000000015717,0.0003623631846236264,3,True
NVDA,2025-03-31 08:52:00-04:00,106.11,141473,105.83311187456493,105.65669817176061,0.2361609673153131,79.42391079909412,0.02099672185826168,3,True
NVDA,2025-03-31 09:57:00-04:00,105.02,1579372,104.60870803204311,104.56017054200503,0.31042552175366556,69.08202727457962,0.13442135655590737,3,True
NVDA,2025-03-31 11:00:00-04:00,104.955,998296,104.65949218216738,104.56735898593575,0.26260960774779907,69.15165271669936,0.0453513879583965,3,True
NVDA,2025-03-31 12:28:00-04:00,105.995,983714,105.55797155814678,105.39633737141654,0.2743484224965842,80.056104728829,0.0755739944823636,3,True
NVDA,2025-03-31 14:02:00-04:00,105.955,438090,105.81066052014066,105.79329366974977,0.0623294204308289,65.73273720815052,0.010448659463787488,3,True
NVDA,2025-03-31 14:29:00-04:00,107.5501,1383074,107.04125458643496,106.76650970507623,0.392983792452295,87.72824364363079,0.04424758473916268,3,True
NVDA,2025-03-31 15:11:00-04:00,107.74,518224,107.51489897428172,107.50617042581615,0.20955274022993464,64.72513089005524,0.0181438193829891,3,True
NVDA,2025-03-31 15:50:00-04:00,108.21,2238279,107.79614041514144,107.705573962827,0.5579427857737462,68.24940047961786,0.0213527162569839,3,True
NVDA,2025-03-31 15:55:00-04:00,108.66,2167930,107.90917241123357,107.7802258680958,0.7603857566765626,60.54022148518869,0.04669882088394428,3,True
NVDA,2025-03-31 15:57:00-04:00,108.84,2025540,108.2058703431895,107.94431889925272,0.22099447513812542,63.14067611777647,0.10742678577053609,3,True
META,2025-03-31 08:00:00-04:00,568.0,69560,563.8252952201134,563.2094490352895,0.8522727272727293,80.08752735229751,0.4045415363626659,3,True
META,2025-03-31 08:27:00-04:00,564.0,1919,563.4700347402314,563.3987796741773,0.06209527188858477,55.11363636363819,0.018660878556446145,3,True
META,2025-03-31 09:55:00-04:00,560.87,82916,558.5876440452853,558.5439968549853,0.4129522270882813,73.58124536566076,0.781790067515518,3,True
META,2025-03-31 11:00:00-04:00,563.8705,76264,562.3164479736386,561.867574207109,0.24809991555179156,70.93758746151781,0.2931219766964291,3,True
META,2025-03-31 11:53:00-04:00,572.3,65343,570.3313323414068,568.9435736040391,0.22767075306480145,77.28406610539491,0.13192664114708386,3,True
META,2025-03-31 13:05:00-04:00,572.3501,37367,570.9602162061516,570.8802580033376,0.16452284699253195,55.3404252368208,0.16753565766272976,3,True
AMZN,2025-03-31 04:36:00-04:00,189.4,4602,190.49574802438227,219.16101772005257,-0.07386303682599404,38.48684210526572,13.440000503602256,3,True
AMZN,2025-03-31 04:37:00-04:00,189.23,8886,190.2425984195058,216.4400161091387,-0.08975712777191669,36.44859813084346,13.077648422934985,3,True
AMZN,2025-03-31 05:01:00-04:00,188.76,9549,189.14803207562008,193.65827042189522,-0.23255813953487747,31.746031746037872,4.482401104468783,3,True
AMZN,2025-03-31 05:04:00-04:00,188.7,3335,188.9553124227175,192.43987259345997,-0.026490066225171027,21.18644067797358,3.600600120877818,3,True
AMZN,2025-03-31 05:07:00-04:00,188.65,3692,188.8706399604314,191.5323235112396,-0.1323451561672795,23.776223776230992,2.908841152399649,3,True
AMZN,2025-03-31 06:20:00-04:00,188.9,4605,189.146850914641,189.21923613702785,-0.11632825719120055,36.842105263165294,0.014486848367482486,3,True
AMZN,2025-03-31 06:28:00-04:00,188.88,4312,189.0098353077096,189.1149554718864,-0.06349206349206549,27.88461538462272,0.0016447375257862829,3,True
AMZN,2025-03-31 07:26:00-04:00,188.31,10372,188.5544944663416,188.67177573332225,-0.14317531021317276,39.22651933702045,0.0005868260216220222,3,True
AMZN,2025-03-31 11:51:00-04:00,188.515,263142,187.77820840564533,187.46034018066513,0.27393617021276295,74.18655097613991,0.061486632806632247,3,True
AMZN,2025-03-31 12:19:00-04:00,188.25,114318,187.91222182912455,187.88529037208653,0.029225005977839835,55.26180698152242,0.024575549745167374,3,True
AMZN,2025-03-31 15:50:00-04:00,190.91,721287,190.28212886792443,190.086824996677,0.4419424422581253,76.37795275590672,0.05498398039590541,3,True
AMZN,2025-03-31 15:54:00-04:00,190.7,344987,190.29072798430184,190.14441636273273,0.37106239637885174,58.01033591731363,0.016826445024035852,3,True
GOOGL,2025-03-31 04:55:00-04:00,152.86,2131,153.01117770601036,153.62481825323061,-0.07190952474340762,37.234042553201235,0.5177809346772559,3,True
GOOGL,2025-03-31 05:01:00-04:00,152.71,4386,152.88654638838187,153.3644008286528,-0.12426422498365008,36.607142857151125,0.3766274150417652,3,True
GOOGL,2025-03-31 05:05:00-04:00,152.6,3567,152.74863175085156,153.17610881191044,0.03933394519470834,36.03603603604337,0.28599618243906844,3,True
GOOGL,2025-03-31 05:07:00-04:00,152.54,1961,152.692724320545,153.07562711728136,-0.07860605266606369,25.892857142865083,0.24857299514619946,3,True
GOOGL,2025-03-31 06:32:00-04:00,153.25,3615,152.99786963523184,152.97680276109273,0.0718296983152733,65.68627450980769,0.0474733251296429,3,True
GOOGL,2025-03-31 08:26:00-04:00,153.0,4026,152.7533885757749,152.74003178047337,0.1439979054850049,57.86328370728171,0.013076474573270717,3,True
GOOGL,2025-03-31 09:30:00-04:00,153.115,1312063,152.84787575856117,152.8431570598932,0.009797517962129021,52.9369700684471,0.03960308932047476,3,True
GOOGL,2025-03-31 11:24:00-04:00,152.62,364218,152.04660033544224,151.83852236429124,0.20353226971308036,87.75267538644484,0.106780311747451,3,True
GOOGL,2025-03-31 11:33:00-04:00,153.21,282396,152.6902316484271,152.36534380024173,0.2748870999411013,77.16615698267123,0.06493418713018956,3,True
GOOGL,2025-03-31 15:50:00-04:00,155.35,332093,155.0568576089752,154.88478247780384,0.2710901697540846,70.83333333333574,0.02078586576678787,3,True
QQQ,2025-04-01 04:00:00-04:00,467.52,27438,217.2134374239592,183.17127644057442,203.05308874051983,99.48132714387948,19.900074037948066,3,True
QQQ,2025-04-01 06:37:00-04:00,467.24,13074,467.20964514607147,467.6122880586131,0.006421095438891022,31.460674157308077,0.004863289465384002,3,True
QQQ,2025-04-01 14:55:00-04:00,468.68,98145,468.1017348213488,468.07978590415604,0.1046583651936217,56.09965352252408,0.06381485669087296,3,True
SPY,2025-04-01 13:42:00-04:00,560.1,109968,559.8282984834076,559.7943645428352,-0.01615521862652347,65.34887579855655,0.11266510073615846,3,True
SPY,2025-04-01 14:15:00-04:00,557.62,245274,557.6814470657764,558.0993233101691,-0.016137419088779748,37.974683544308384,0.027876560952510232,3,True
TSLA,2025-04-01 05:03:00-04:00,268.45,23463,269.09592311462075,269.8901428754807,-0.3711263685284849,38.09523809524117,1.0281059514831967,3,True
TSLA,2025-04-01 05:15:00-04:00,268.32,15848,268.3699230440383,268.8784816234796,0.11566732584604722,30.2491103202875,0.3635919518529629,3,True
TSLA,2025-04-01 06:34:00-04:00,265.39,33660,265.63396659763924,266.35982091105916,0.26067245938798944,24.43890274314552,-0.1500195312692576,3,True
TSLA,2025-04-01 06:56:00-04:00,265.41,19915,265.8081399705104,265.9116576500624,-0.018835229413072252,33.23353293413524,0.013636598907186048,3,True
TSLA,2025-04-01 08:00:00-04:00,263.75,1183789,262.914604330013,262.64110406811335,0.30805506959763473,68.88217522658738,0.14071402064277244,3,True
TSLA,2025-04-01 09:31:00-04:00,266.22,1256662,264.00468807988045,263.73490517356555,1.2771296367802387,72.47704974920448,0.10503147061886792,4,True
TSLA,2025-04-01 09:32:00-04:00,267.2016,1192947,264.64407046390437,264.05005924869596,0.36871760198331494,76.57187581528903,0.2805454542239994,3,True
TSLA,2025-04-01 09:44:00-04:00,264.755,728908,263.40486496891026,263.3206222158926,0.5183955630746251,54.33115566156537,0.1577611816739583,3,True
TSLA,2025-04-01 10:22:00-04:00,264.195,658948,262.8477208146605,262.73488259835455,0.42363459093319733,63.77923075807932,0.21739919308508693,4,True
TSLA,2025-04-01 10:24:00-04:00,265.38,725738,263.5321413213827,263.07659718872276,0.5379602970146946,68.18359157284651,0.3533195988515132,3,True
TSLA,2025-04-01 10:30:00-04:00,266.79,637749,265.3870403105526,264.3269411997231,0.3007631865859617,75.88366780477091,0.3918707964353054,3,True
TSLA,2025-04-01 10:36:00-04:00,268.15,705513,266.64935853516954,265.4895264400848,0.5059970014992476,73.90536979280026,0.2249728478367755,3,True
TSLA,2025-04-01 10:38:00-04:00,269.42,723904,267.49958946250854,266.0956416860205,0.3426443202979579,75.61111674612074,0.3075427178625665,3,True
TSLA,2025-04-01 11:50:00-04:00,276.2408,1091224,274.52593876266684,274.0937407718981,0.6134987201172448,69.0600190536687,0.17503339444458332,3,True
TSLA,2025-04-01 14:55:00-04:00,269.4,421687,268.6866382961011,269.1168685334912,0.39498382835809753,46.954237417194335,0.066695183127785,3,True
TSLA,2025-04-01 15:16:00-04:00,270.025,414615,269.50066053643184,269.38917572999395,0.2560376393151431,60.94828008024832,0.07108550578556685,3,True
TSLA,2025-04-01 15:45:00-04:00,270.82,425318,269.90555936651344,269.7378912149092,0.3111341580857685,66.28800534580859,0.10553067765722367,3,True
AAPL,2025-04-01 04:26:00-04:00,221.3,7422,221.1888994037737,226.82633832610796,0.22644927536232817,55.84415584416066,1.7483608655642264,3,True
AAPL,2025-04-01 04:43:00-04:00,221.76,3327,221.31561036530292,224.4329509320356,0.25769700257696204,74.64114832535957,1.7454579895255637,3,True
AAPL,2025-04-01 05:31:00-04:00,220.86,951,220.9670709018308,221.40646319671998,0.0,38.135593220349136,0.35129579806269184,3,True
AAPL,2025-04-01 06:10:00-04:00,220.08,4537,220.5982348320385,220.88219965878827,-0.19047619047618536,22.16494845361464,0.05803975694039709,3,True
AAPL,2025-04-01 06:14:00-04:00,220.16,1827,220.42447029250465,220.74859475932914,0.045442152140329206,21.081081081088,0.029007939740655353,3,True
AAPL,2025-04-01 06:37:00-04:00,219.55,3561,219.66032193875995,219.96269636325715,-0.08646582324565166,26.06060606061402,0.02358105473740707,3,True
AAPL,2025-04-01 06:39:00-04:00,219.25,7464,219.57825755100797,219.89790578477923,-0.13664313368253467,18.716577540115253,0.011041961930756017,3,True
AAPL,2025-04-01 07:44:00-04:00,219.9,2837,219.70476757035237,219.70320328717602,0.09558923938277619,55.7971014492806,0.02384395471328902,3,True
AAPL,2025-04-01 08:38:00-04:00,219.96,3186,219.84756380295124,219.83588043581878,0.040933278755628244,66.66666666667118,0.02807332530006977,3,True
AAPL,2025-04-01 09:33:00-04:00,219.57,212853,219.59341623772286,219.87922326074676,0.21222701444512104,36.1952861952901,-0.09075419456778977,3,True
AAPL,2025-04-01 09:58:00-04:00,223.157,221147,222.4833326359855,221.91234653767205,0.25923263545690745,78.69351881807496,0.041726864112837436,3,True
MSFT,2025-04-01 08:33:00-04:00,374.13,874,373.82367591259015,373.80371098502826,0.037434155993465446,36.49425287356622,0.0187503642564189,3,True
MSFT,2025-04-01 13:50:00-04:00,381.0092,27333,380.8210082221461,380.8128227925328,0.057564536883836226,57.931459060132134,0.014821150036147592,3,True
MSFT,2025-04-01 14:18:00-04:00,378.46,37313,378.8461447907768,379.141711733738,-0.07656765676568034,35.76309794989109,0.031019698769116755,3,True
NVDA,2025-04-01 06:47:00-04:00,109.2,24283,108.92950918167178,108.87458178944381,0.24786560176259798,73.33333333333606,0.06515864922865164,3,True
NVDA,2025-04-01 07:17:00-04:00,108.73,35466,108.58473594936149,108.65926296112129,0.21198156682027403,51.1278195488785,0.0056980720940483925,3,True
NVDA,2025-04-01 09:36:00-04:00,107.56,1012483,107.95211098468157,108.28453099970531,0.30419513250485863,30.259723309844603,-0.13788408026992077,3,True
NVDA,2025-04-01 11:18:00-04:00,109.28,962500,108.87884449349679,108.62718601676231,0.2476836987432396,81.33751166822461,0.03586612511391005,3,True
NVDA,2025-04-01 15:55:00-04:00,110.015,2424979,109.58324288757818,109.37192557012867,0.22775930396756738,77.19788297559839,0.03025093129277323,3,True
META,2025-04-01 08:38:00-04:00,576.36,665,573.8844773650932,573.7622993512582,0.6215083798882803,60.306576993624184,0.1535324459523728,3,True
META,2025-04-01 08:58:00-04:00,573.75,668,573.3357559656172,573.3231716412406,0.06103941402162416,36.68149902024889,0.08800724140879738,3,True
META,2025-04-01 10:43:00-04:00,580.878,83926,579.0644093918755,578.1344333543076,0.2101231756546973,70.86988568207781,0.2552574920030991,3,True
META,2025-04-01 14:19:00-04:00,580.125,36053,580.6618638631021,581.5482746273533,0.054310885581321244,34.11554545085521,0.003923209228525071,3,True
META,2025-04-01 14:27:00-04:00,579.1,54421,579.5606870848828,580.3805769448634,-0.15000775902201946,29.952346436779337,0.04896736355763065,3,True
AMZN,2025-04-01 06:00:00-04:00,190.24,2153,190.5673852957444,190.71514267175576,-0.20981955518253326,34.34343434344102,0.2722589127080116,3,True
AMZN,2025-04-01 06:01:00-04:00,189.92,5210,190.43790823659555,190.64285697432342,-0.1682085786375187,25.954198473287477,0.21345247414718682,3,True
AMZN,2025-04-01 06:08:00-04:00,190.06,2148,190.22004417096767,190.44317922541518,0.01578698100299647,32.57142857143366,0.13249160370839452,3,True
AMZN,2025-04-01 06:11:00-04:00,189.71,2916,189.99034261553547,190.2707657591399,-0.06321445503871814,26.008968609869598,0.07600163841029883,3,True
AMZN,2025-04-01 06:33:00-04:00,188.95,3774,189.25242172244737,189.59327560757697,-0.08460684257840523,20.666666666671333,0.006299134198750056,3,True
AMZN,2025-04-01 06:57:00-04:00,189.73,2354,189.6127986328758,189.60196853876252,0.10552419142086933,62.01117318435941,0.05941404029070839,3,True
AMZN,2025-04-01 07:06:00-04:00,189.4,5291,189.53841994548264,189.5658617628081,-0.10548523206750371,38.582677165359726,0.00774714019323159,3,True
AMZN,2025-04-01 08:34:00-04:00,188.68,3671,188.54955629605053,188.5482746922172,0.04241781548250945,45.93085787452343,0.0278823197205715,3,True
AMZN,2025-04-01 10:38:00-04:00,190.02,119384,189.6564329393912,189.49707474312928,0.2109482122139017,66.16883669475064,0.06655955118992261,3,True
AMZN,2025-04-01 13:54:00-04:00,192.035,72929,192.1255025505321,192.1423053341178,-0.05724843217362885,37.54789272031109,0.012215297221407115,3,True
GOOGL,2025-04-01 07:01:00-04:00,154.68,1568,155.03312679808027,155.14667705518164,-0.1484733070815203,39.81042654028751,0.007550778789467888,3,True
GOOGL,2025-04-01 08:01:00-04:00,154.64,5674,154.4845310804715,154.4650021030138,0.038814853150448414,64.3243243243256,0.06282128171256975,3,True
GOOGL,2025-04-01 09:30:00-04:00,154.045,784425,153.98753872079408,154.11904958312257,0.25055316933488836,39.2226148409942,-0.03704829036627168,3,True
GOOGL,2025-04-01 09:32:00-04:00,155.34,129062,154.37537982504656,154.27042793623033,0.4299337320187391,72.04049844236859,0.10451422862502033,3,True
GOOGL,2025-04-01 10:38:00-04:00,156.35,161218,155.9812608260016,155.82774904170722,0.2500641190048558,68.38235294117871,0.03403927730232573,3,True
GOOGL,2025-04-01 10:59:00-04:00,157.395,98484,156.98353607447214,156.7391212274528,0.20704171011869388,72.98125450613101,0.011586687319300404,3,True
GOOGL,2025-04-01 14:16:00-04:00,155.97,57035,156.15845419572804,156.31717648893706,-0.14724711907809773,37.86407766990944,0.008839020831953037,3,True
QQQ,2025-04-02 09:33:00-04:00,467.72,216271,466.67690577829535,466.634395963116,0.23788602901781974,64.28571428571541,0.12355444454299949,4,True
QQQ,2025-04-02 09:37:00-04:00,470.365,213704,468.27338636678985,467.47014374914,0.21198627948100235,87.23404255319187,0.43775568995696096,3,True
QQQ,2025-04-02 11:20:00-04:00,473.796,115580,472.9485402362698,472.86731382080154,0.14605637226408064,61.913517418000595,0.04149641476022495,3,True
QQQ,2025-04-02 14:16:00-04:00,474.3799,230149,474.71993287552857,475.11757375333826,-0.10951779321961563,28.060628507936826,0.02947876677699135,3,True
SPY,2025-04-02 07:27:00-04:00,558.0,7330,557.97051158692,557.9673947807854,-0.003584100928277767,41.49659863946179,0.011448444779397268,3,True
SPY,2025-04-02 09:33:00-04:00,556.79,278716,555.7384180043834,555.6067654398579,0.12870582222554994,70.67669172932398,0.1423361540617562,3,True
TSLA,2025-04-02 05:00:00-04:00,265.0,7258,265.3536781846158,266.44685658841644,-0.16576250753466137,34.01015228426719,1.3136617774756019,3,True
TSLA,2025-04-02 05:25:00-04:00,265.1,7354,265.53447068446246,265.6943633157625,-0.17697782129004747,38.37209302325963,0.23106829584016875,3,True
TSLA,2025-04-02 05:26:00-04:00,264.99,9766,265.42557654756996,265.6303302870568,-0.04149377593360981,34.362934362937736,0.18365178158098405,3,True
TSLA,2025-04-02 06:03:00-04:00,264.0,16931,264.6061366442686,265.04374714345386,0.2430133657351119,25.543478260870998,-0.1637172842804243,3,True
TSLA,2025-04-02 06:15:00-04:00,264.0,32205,264.1139084878087,264.3870072714259,-0.10594823671862263,38.38630806846112,0.03646902533596108,3,True
TSLA,2025-04-02 07:11:00-04:00,262.42,19385,262.1926733918783,262.19264796824257,0.12591094662139923,55.357142857144545,0.0665508376610984,3,True
TSLA,2025-04-02 09:02:00-04:00,259.1,298645,260.3344187999341,261.20508304055244,0.8171206225681127,34.19137676083824,-0.5271330516640506,3,True
TSLA,2025-04-02 09:22:00-04:00,256.37,72413,256.74792448211656,257.5267096819306,0.2541842640388037,38.1449927664369,0.06091396243217251,3,True
TSLA,2025-04-02 09:31:00-04:00,253.325,1097486,254.17905229176426,255.52482587393422,0.45113294761471856,25.59098467484685,-0.23130574006189653,3,True
TSLA,2025-04-02 09:33:00-04:00,253.74,825537,253.71219346672916,255.05555857349935,0.7664508955164573,36.5391295286401,-0.16149081310758273,3,True
TSLA,2025-04-02 09:35:00-04:00,256.315,1395497,254.34280381870667,255.1158748541317,0.7527515723270373,49.77679296126793,0.1953822210340248,3,True
TSLA,2025-04-02 09:37:00-04:00,258.07,1069220,255.45819444397227,255.51163211085264,0.5513237614696909,60.370903301850994,0.5388795101852712,3,True
TSLA,2025-04-02 09:40:00-04:00,256.46,650267,255.67283555531384,255.5958167624738,0.3231182080630779,51.85914394041016,0.4221982657137041,3,True
TSLA,2025-04-02 10:46:00-04:00,263.4355,517999,262.19377684573647,262.1764932980665,0.2858942952477017,52.54097354709904,0.16496506483601214,3,True
TSLA,2025-04-02 11:04:00-04:00,266.0553,619674,264.82772266233576,264.06119423618065,0.30170967559517425,75.87464051991628,0.1724487986777471,3,True
TSLA,2025-04-02 11:18:00-04:00,268.005,774445,266.60234276453275,265.8332245122056,0.36512751376249764,67.57024674224597,0.061495026383255325,3,True
TSLA,2025-04-02 11:19:00-04:00,268.9,638152,267.0618742116262,266.1120222838233,0.3339489934889306,74.14976848155851,0.15945331300479193,3,True
TSLA,2025-04-02 11:20:00-04:00,271.665,1731667,267.982499369301,266.61683843983934,1.0282632949051962,81.9670305190466,0.381513743642963,3,True
TSLA,2025-04-02 11:21:00-04:00,272.23,1857308,268.83199949544087,267.1271258543994,0.20797673605359446,82.61569848598742,0.5284498117882612,3,True
TSLA,2025-04-02 11:22:00-04:00,275.165,1771470,270.0985995963527,267.8578416858177,1.0781324615215082,90.27518260574132,0.7706401726636938,3,True
TSLA,2025-04-02 11:27:00-04:00,276.3912,1196472,273.53928511573287,270.6070172043748,0.5058909090909225,86.39729445936901,0.6623524617739021,3,True
TSLA,2025-04-02 12:10:00-04:00,280.6678,723356,279.24275893087895,278.4313833507316,0.2805103709518253,80.31318152346986,0.11489500138569453,3,True
TSLA,2025-04-02 12:12:00-04:00,282.547,1008235,280.19756571576255,279.024424256803,0.5219154689056538,84.0455370400929,0.2846140718829454,3,True
TSLA,2025-04-02 12:18:00-04:00,282.595,820345,281.5193443949929,280.29361769750125,0.23231893310633467,75.00860387748124,0.13131539920884028,3,True
TSLA,2025-04-02 13:10:00-04:00,281.94,400006,280.79873747120524,280.71747010710635,0.43456097372436275,71.46721370997085,0.20680641792236926,3,True
TSLA,2025-04-02 13:28:00-04:00,284.03,606700,282.9788885057842,282.47890795444533,0.3107893342751078,63.54872121743357,0.06732844175122643,3,True
TSLA,2025-04-02 13:54:00-04:00,283.0413,507875,282.23623825138054,282.2263869281313,0.3265631646107936,55.12422360248502,0.05382783604706799,4,True
TSLA,2025-04-02 15:00:00-04:00,281.315,421622,281.7016452298506,281.9623455127044,0.24230762378179005,35.304501323919965,-0.24249336298222215,3,True
TSLA,2025-04-02 15:24:00-04:00,280.68,450512,280.1160804895138,280.5171164655339,0.25897019163794166,45.77645167443333,0.007604932207539883,3,True
AAPL,2025-04-02 06:02:00-04:00,221.64,10722,222.18961319804012,223.73223424941546,-0.274465691788528,31.547619047623,1.1326745969487249,3,True
AAPL,2025-04-02 06:03:00-04:00,221.85,2898,222.1216905584321,223.5611220449231,0.09474824038981922,32.35294117647487,1.0522275387800564,3,True
AAPL,2025-04-02 07:41:00-04:00,222.1,2000,222.2600952120145,222.26656482148394,-0.0629949604031732,37.500000000008434,0.03698761199048603,3,True
AAPL,2025-04-02 07:43:00-04:00,222.0,3927,222.1696609356893,222.2219543979206,-0.00900819745969228,37.97468354431319,0.007125570833333844,3,True
AAPL,2025-04-02 08:00:00-04:00,222.4,26127,222.06788818906034,222.1217613926211,0.2388786226168449,51.96850393701264,0.02282648338208873,3,True
MSFT,2025-04-02 04:03:00-04:00,380.5,565,255.23971777912664,238.23229294350998,70.39856695029107,99.12548365786907,9.912542494759233,3,True
MSFT,2025-04-02 09:34:00-04:00,379.3,66170,377.89214592858576,377.81354787715946,0.21533217961080542,58.4170280757826,0.1730361359728975,3,True
MSFT,2025-04-02 14:28:00-04:00,380.67,82446,380.9034403373386,381.1037938480679,-0.036763740447987026,37.437562437566584,0.013430362213175229,3,True
MSFT,2025-04-02 14:38:00-04:00,381.59,40686,381.08786380852894,381.04435005898864,0.11018705564445064,66.10878661087922,0.11585540943620148,3,True
NVDA,2025-04-02 04:52:00-04:00,109.31,9959,109.3956463349381,111.16197223419248,-0.054859650726890585,31.11111111112845,2.0570242255698012,3,True
NVDA,2025-04-02 05:20:00-04:00,109.2,4456,109.28073677403401,109.44451460225815,-0.009156670634546948,14.705882352969326,0.2308687643744909,3,True
NVDA,2025-04-02 05:26:00-04:00,109.25,4255,109.2598542261155,109.37112535920805,0.009154155986812462,24.324324324348197,0.1641119141686631,3,True
NVDA,2025-04-02 05:28:00-04:00,109.19,6324,109.23790670471394,109.34134327207276,-0.0183133412691161,21.621621621644977,0.1385473692904194,3,True
NVDA,2025-04-02 05:38:00-04:00,109.36,7219,109.33900882952216,109.33811696668022,-0.04569966182249585,64.28571428572396,0.08734468307991505,3,True
NVDA,2025-04-02 06:03:00-04:00,108.96,21566,109.12282559110136,109.23026435103709,0.25763709974235827,35.15625000000489,-0.03825514009308102,3,True
NVDA,2025-04-02 06:48:00-04:00,108.83,22080,108.64874849532656,108.640438323404,0.036768085301952524,62.7272727272767,0.05366107973630091,3,True
NVDA,2025-04-02 09:33:00-04:00,107.3477,1193503,107.26057398877737,107.33106711229816,0.418802619270342,48.27454197429932,0.008786615118532237,3,True
NVDA,2025-04-02 09:34:00-04:00,107.685,1295384,107.3454591910219,107.36324282936197,0.31421260073574153,57.14285714285962,0.038430768705536494,3,True
NVDA,2025-04-02 09:35:00-04:00,107.92,1277431,107.46036735281753,107.41385711760178,0.21822909411710611,60.72961373390757,0.07079826338168542,4,True
NVDA,2025-04-02 09:36:00-04:00,108.32,1360874,107.63229388225403,107.49623374327433,0.3706449221645647,67.97752808988906,0.11354448890360458,3,True
NVDA,2025-04-02 09:37:00-04:00,108.83,1258117,107.87183510580324,107.61748522115847,0.4708271787297047,73.34384858044285,0.1673162262356227,3,True
NVDA,2025-04-02 10:23:00-04:00,109.1399,610501,108.82566607921682,108.81850844548603,0.2847560415326633,61.542642553613994,0.025110799633137334,3,True
NVDA,2025-04-02 12:29:00-04:00,111.152,937170,110.79246783053739,110.56065069797624,0.2136771401523685,79.52075098814421,0.04510724955356632,3,True
NVDA,2025-04-02 15:00:00-04:00,109.23,612219,109.35840884200789,109.55057928983128,0.22139909917266998,27.83809785597066,-0.07080613751448017,3,True
META,2025-04-02 09:31:00-04:00,576.58,79652,575.0044235266565,575.4752593255249,0.40574662603396483,58.39694656488652,0.0067976146248107105,3,True
META,2025-04-02 09:33:00-04:00,579.13,74386,576.1519350570603,575.9351234095247,0.36577626332841007,70.89452603471365,0.38068300451801096,4,True
META,2025-04-02 10:57:00-04:00,586.45,26681,585.2659341491828,584.9977940436784,0.23329943512482298,65.60752888557687,0.11215405770892474,3,True
META,2025-04-02 11:55:00-04:00,581.25,121630,582.4386575077681,583.8154452766668,0.5066399225342355,33.65041617122505,-0.4887724063724792,3,True
META,2025-04-02 12:08:00-04:00,585.1664,27257,583.8498747264299,583.7401893611527,0.24006235385813923,79.82816911226492,0.29451867977150425,3,True
AMZN,2025-04-02 06:03:00-04:00,190.55,1034,191.1005205490396,200.71241473780304,-0.23560209424082768,31.77083333333782,7.7266700684570715,3,True
AMZN,2025-04-02 06:27:00-04:00,190.5,1639,190.67440144322944,194.9004786953533,-0.06295247088448086,27.672955974846943,4.24446807329657,3,True
AMZN,2025-04-02 06:34:00-04:00,190.24,2020,190.54361692366686,194.1048584259118,-0.08403361344537785,18.115942028991,3.666439295929184,3,True
AMZN,2025-04-02 06:35:00-04:00,189.98,7831,190.4308935389335,193.72987129628345,-0.13666947014299158,15.723270440256329,3.3912443204542946,3,True
AMZN,2025-04-02 06:47:00-04:00,189.93,2029,189.92852513015697,191.6457918608856,0.015797788309646066,27.044025157238295,1.9031875643232192,3,True
AMZN,2025-04-02 07:31:00-04:00,190.01,1875,190.05347980116147,190.1853824367223,0.031587259805210266,33.33333333334102,0.18549569977697544,3,True
AMZN,2025-04-02 07:41:00-04:00,189.8,3502,189.9414407481573,190.05582479539171,-0.06318449873630172,25.80645161291949,0.0881753383883514,3,True
AMZN,2025-04-02 07:43:00-04:00,189.7,9303,189.86412207882069,189.99902875652208,-0.03161888701518345,23.529411764720138,0.06284015580051217,3,True
AMZN,2025-04-02 07:44:00-04:00,189.5,10162,189.79129766305655,189.95366250592915,-0.10542962572481773,18.390804597713384,0.042217412167074087,3,True
AMZN,2025-04-02 07:45:00-04:00,189.27,8145,189.68703813044527,189.8915113690265,-0.12137203166225907,15.238095238106212,0.01554830323616263,3,True
AMZN,2025-04-02 07:48:00-04:00,189.5,8975,189.60856352278802,189.80166143427985,0.0,28.787878787884722,0.023534790930949623,3,True
AMZN,2025-04-02 09:30:00-04:00,188.3,1007333,188.13497175065027,188.4135505022264,0.3410423105616678,39.013886447533636,-0.07762567518214983,3,True
AMZN,2025-04-02 09:31:00-04:00,188.805,286708,188.29538192041616,188.43975248117883,0.26818906001062626,49.547387937617934,0.016294742269991364,3,True
AMZN,2025-04-02 09:33:00-04:00,189.405,194851,188.59110042906636,188.55368800097423,0.34351116729163245,60.02264659077125,0.11249646265067889,3,True
AMZN,2025-04-02 09:34:00-04:00,189.8993,234329,188.8527403432531,188.67601636452204,0.26097515905072477,66.15479942886508,0.1782230004080902,3,True
AMZN,2025-04-02 11:20:00-04:00,192.515,57800,192.14030863544224,192.13385801779182,0.1743157456550959,59.779614325070966,0.0331993504210712,3,True
AMZN,2025-04-02 11:52:00-04:00,193.57,590586,192.45508006212873,192.39624658793394,0.8177083333333224,66.41682143804806,0.04734022907023262,4,True
AMZN,2025-04-02 11:55:00-04:00,194.75,633100,193.33436099180994,192.84890803000297,0.3917727717923647,82.32189973614797,0.24862792186891117,3,True
AMZN,2025-04-02 11:57:00-04:00,194.675,336765,193.6953910347584,193.10302316529172,0.3919242967279635,70.49019607843186,0.24671644001791848,3,True
AMZN,2025-04-02 13:04:00-04:00,198.24,325261,197.48616990679454,197.02006625617514,0.23764979521665452,75.6880925531491,0.07354032051059833,3,True
AMZN,2025-04-02 15:00:00-04:00,195.15,95903,195.1132738566132,195.2596755159103,0.25687130747495956,39.92313460817676,-0.06351723354002005,3,True
AMZN,2025-04-02 15:27:00-04:00,195.57,144653,195.26860475089902,195.2485864010667,0.13568521031206426,58.3333333333358,0.0343506808347119,3,True
GOOGL,2025-04-02 06:37:00-04:00,156.03,1175,156.3355783267201,157.1070128639728,-0.08964589870013029,8.602150537646608,0.549174776988643,3,True
GOOGL,2025-04-02 07:00:00-04:00,156.21,2848,156.2113065639038,156.64807759164873,-0.01920122887865139,34.883720930241935,0.3667040426871624,3,True
GOOGL,2025-04-02 08:00:00-04:00,156.4,20047,156.2087035319182,156.20952789521527,0.2114435830076422,62.50000000000578,0.03708189019033335,3,True
GOOGL,2025-04-02 08:16:00-04:00,155.7,4496,155.69569438036123,155.82005373134382,-0.025555445685698785,28.517063589496956,0.01006645143321111,3,True
GOOGL,2025-04-02 09:31:00-04:00,155.48,108474,155.16662293083044,155.22689660244288,0.34852200851942516,53.88888888889152,0.00032072221642004406,3,True
GOOGL,2025-04-02 13:58:00-04:00,156.96,152501,157.1807681615939,157.32741697454034,-0.1590229629158446,33.57095121408251,0.010911146904921176,3,True
GOOGL,2025-04-02 15:05:00-04:00,156.44,63086,156.2663853303281,156.24649050333633,0.019180359312054307,53.46164497369482,0.04401202637091404,3,True
QQQ,2025-04-03 06:45:00-04:00,458.64,7697,458.32736297001816,458.32392610717517,-0.002180311784583111,53.31010452961767,0.06950090132394562,3,True
QQQ,2025-04-03 09:05:00-04:00,454.96,44517,454.83640915077217,455.2600638976727,-0.015383601081242482,37.883008356546604,0.05551496205205364,3,True
QQQ,2025-04-03 09:06:00-04:00,454.86,38706,454.8411273206177,455.22369445242975,-0.021979954281692304,32.658959537572855,0.07156278971067065,3,True
QQQ,2025-04-03 09:25:00-04:00,455.91,57201,455.33079112790415,455.3125593036861,0.21101219914276825,52.99145299145428,0.052302666732486874,4,True
QQQ,2025-04-03 09:30:00-04:00,458.135,1195099,456.3370832367917,455.8414177208995,0.36475562468507583,77.2011121408724,0.2593664648053031,3,True
QQQ,2025-04-03 10:25:00-04:00,456.4594,501055,455.73939197950654,456.06643483313184,0.2898888254163623,60.08725112544775,0.04885067560901263,3,True
QQQ,2025-04-03 11:11:00-04:00,453.46,302331,452.6005017355007,452.8950168654602,0.21882118567444486,52.494802494802556,0.1218179168414395,3,True
QQQ,2025-04-03 15:58:00-04:00,451.015,516222,451.21591916560044,451.3862360196021,0.023286243374509574,29.213415187347337,0.01395770854666678,3,True
SPY,2025-04-03 04:00:00-04:00,547.7,15736,470.3535906127875,460.0281262356139,21.535559747032075,98.43039195010998,6.158946092767861,3,True
SPY,2025-04-03 06:25:00-04:00,545.86,13766,545.7707905892189,545.9706737011879,0.040319624660956066,36.13707165109135,0.01331252994456511,3,True
SPY,2025-04-03 07:39:00-04:00,546.09,47404,545.5099447401747,545.507868896517,0.08797492714576194,60.13745704467497,0.0748080780369208,3,True
SPY,2025-04-03 08:00:00-04:00,550.09,153441,546.7686611714945,546.2824045250661,0.7490842490842642,79.81790591805766,0.23918439316895101,3,True
SPY,2025-04-03 09:26:00-04:00,544.72,37802,544.0486403332411,543.997687179226,0.04407875404055517,62.32117188034957,0.08751464661932384,3,True
SPY,2025-04-03 09:30:00-04:00,546.7075,1632502,545.0069910804957,544.5041427697738,0.3022603016181735,77.36972704714651,0.2733452053211891,3,True
SPY,2025-04-03 10:31:00-04:00,543.3927,654711,542.95655135977,542.9549123965146,0.011539948097838426,53.60342989360981,0.2161768888684144,3,True
SPY,2025-04-03 15:56:00-04:00,537.97,1028707,538.229630303763,538.4581585091088,-0.06780164767291597,38.32353426012495,0.02577518842159854,3,True
SPY,2025-04-03 15:57:00-04:00,537.71,1038129,538.1257042430104,538.3901440991898,-0.0483298325185455,25.88614710929805,0.0015520757588383116,3,True
TSLA,2025-04-03 04:30:00-04:00,273.86,29112,273.27904530360485,286.43324517836237,0.24525055821955632,73.11320754717056,8.271035635583967,3,True
TSLA,2025-04-03 05:11:00-04:00,272.3,12172,272.8610598657921,273.3082177262901,-0.07339449541283738,29.431438127091965,0.36391842030412525,3,True
TSLA,2025-04-03 05:12:00-04:00,271.93,14622,272.6748478926337,273.1829252057183,-0.13587954461991014,28.115015974442088,0.29448335680718385,3,True
TSLA,2025-04-03 05:19:00-04:00,272.39,15804,272.2206235887733,272.64563907440345,0.09922093194179027,34.75935828877172,0.2123385165076701,3,True
TSLA,2025-04-03 05:29:00-04:00,271.0,27546,271.69083624245474,272.0954861565569,-0.15106296746620895,33.918128654971866,0.05107047670868303,3,True
TSLA,2025-04-03 06:23:00-04:00,268.5,17205,268.6324790372716,269.0988474763808,0.22396416573349232,33.75527426160457,-0.06459336537423427,3,True
TSLA,2025-04-03 06:44:00-04:00,269.58,22680,268.92229859787983,268.7710226116891,0.2156133828996154,64.7749510763212,0.15487449131686662,3,True
TSLA,2025-04-03 07:02:00-04:00,266.2,46857,267.37741958297835,268.06192511494163,0.20326733418654097,25.52447552447603,-0.32147230088739714,3,True
TSLA,2025-04-03 07:04:00-04:00,266.39,32150,266.93554853310616,267.7271281941666,0.203122061312766,30.985915492957858,-0.2946042449091808,3,True
TSLA,2025-04-03 07:28:00-04:00,266.35,9645,266.0187360192151,266.27303045818866,0.3088163296049551,38.645418326694276,0.05579280230189371,3,True
TSLA,2025-04-03 07:39:00-04:00,266.21,22152,265.8242755954758,265.9543625686234,0.21080368906456481,50.29585798816625,0.07353709127651442,3,True
TSLA,2025-04-03 08:00:00-04:00,267.7,583153,266.2165006501591,266.1294046283457,0.6769462203836119,60.9561752988048,0.08004271355208306,4,True
TSLA,2025-04-03 09:08:00-04:00,265.82,20222,265.19203266219705,265.1345287619506,0.27159562429270867,55.805789587384865,0.10540506467106105,3,True
TSLA,2025-04-03 09:30:00-04:00,268.13,2001779,265.4681423016781,265.0855688518866,1.0667169242366992,75.24530818329116,0.3138124871795684,3,True
TSLA,2025-04-03 09:31:00-04:00,270.67,1436586,266.934411073074,265.8448502908154,0.9473016820199298,85.60286728108436,0.6268856566236582,3,True
TSLA,2025-04-03 09:32:00-04:00,272.1499,1148626,267.9775088584592,266.41803662801397,0.5467543503158812,92.43876691440721,0.8165194607690992,3,True
TSLA,2025-04-03 09:34:00-04:00,272.655,910673,269.34860566941387,267.3389145686066,0.7222016992981084,86.84705305321687,0.8620909905724139,3,True
TSLA,2025-04-03 09:35:00-04:00,273.3856,1032097,270.1560045355311,267.8886132441878,0.2679576754506696,87.24392718970017,0.8973798131762936,3,True
TSLA,2025-04-03 09:39:00-04:00,275.84,1204335,272.47602745775356,269.78954077193345,0.6416342006425824,82.6493090564024,0.7379219837220492,3,True
TSLA,2025-04-03 11:11:00-04:00,263.9943,659676,262.8456663020356,263.0598751276507,0.5501047419539162,57.94678525665226,0.193535452923297,3,True
TSLA,2025-04-03 11:58:00-04:00,267.92,453463,266.8668690592631,266.49449484189955,0.21995122170186399,63.14935064935085,0.1384035633345561,3,True
TSLA,2025-04-03 12:12:00-04:00,269.56,449372,268.66569193240923,267.985404080665,0.21935531843699785,66.62948691948907,0.09484300179701333,3,True
TSLA,2025-04-03 13:00:00-04:00,271.075,400091,270.11258777466844,269.97885430653616,0.44837233431529455,58.53624906929962,0.03136041043964366,3,True
TSLA,2025-04-03 13:23:00-04:00,267.8329,372924,268.6083268482063,269.26743913650455,0.24811917505707104,26.528378097809096,-0.27343244150542595,3,True
TSLA,2025-04-03 13:37:00-04:00,269.81,242622,268.9321633935042,268.8388574847459,0.20426353710170098,72.63630326761513,0.2376462722141423,3,True
TSLA,2025-04-03 14:00:00-04:00,268.35,233208,268.55243401363833,268.89129035486684,0.22783297228654575,30.127872818386848,-0.14755967630338468,3,True
TSLA,2025-04-03 14:33:00-04:00,267.98,457700,267.2639663773606,267.35271860451775,0.2356461567234014,59.73098389752626,0.1101225514510144,3,True
TSLA,2025-04-03 14:37:00-04:00,267.91,195319,267.41868062816695,267.39837846084123,0.21309918482175227,51.56117578839482,0.11962782131940378,3,True
TSLA,2025-04-03 15:18:00-04:00,266.945,401714,267.6671837132163,268.3147224565861,0.2309165321218165,27.22653698192731,-0.31271822936384586,3,True
TSLA,2025-04-03 15:52:00-04:00,267.34,442881,266.6787575399024,266.5659455034382,0.2888547098323091,65.58446991883538,0.0940681445996582,3,True
TSLA,2025-04-03 15:53:00-04:00,267.94,429112,266.9310060319219,266.69085954858014,0.2244333059026049,66.79717457114077,0.15679049680007726,3,True
AAPL,2025-04-03 04:42:00-04:00,208.57,23335,209.53916409757863,210.76891983597906,-0.4724184004581078,15.61181434599375,0.8197343851193861,3,True
AAPL,2025-04-03 04:43:00-04:00,208.33,20209,209.29733127806293,210.54719985089005,-0.11506928129644267,14.45312500000206,0.7090583312281842,3,True
AAPL,2025-04-03 04:48:00-04:00,208.88,4212,208.81416551319575,209.79377070051723,0.2062844806908215,35.59870550161908,0.5166184542016783,3,True
AAPL,2025-04-03 04:49:00-04:00,209.0,13097,208.8513324105566,209.72160972774293,0.05744925315971372,39.482200647250224,0.5205077022085804,3,True
AAPL,2025-04-03 05:18:00-04:00,208.06,11187,208.42413884975636,208.6602253812841,-0.07204264924836057,34.41860465116444,0.025078467864317,3,True
AAPL,2025-04-03 05:25:00-04:00,207.84,12992,208.2702322037045,208.47794023323553,-0.12493993272464365,32.47863247863407,0.008996410252619935,3,True
AAPL,2025-04-03 05:53:00-04:00,207.99,10795,207.6081658463199,207.67220763062207,0.27480474399770305,58.22784810126702,0.05891917954384826,3,True
AAPL,2025-04-03 07:10:00-04:00,208.0,25263,207.41547490812513,207.30749515224062,0.34735623311463737,72.66666666666794,0.05600958205537518,3,True
AAPL,2025-04-03 08:00:00-04:00,206.5,263679,206.75550054237806,206.90953567871867,-0.2367264119039647,38.00738007380197,0.0056406593323989895,3,True
AAPL,2025-04-03 08:53:00-04:00,207.38,16586,206.90777471580816,206.84559591943247,0.20293776575182054,59.08746686861129,0.0712892312633718,3,True
AAPL,2025-04-03 09:25:00-04:00,205.71,99439,205.58151725828176,205.90384653692507,0.26813232020488353,29.890782968048157,-0.0481166837041494,3,True
AAPL,2025-04-03 09:28:00-04:00,205.5,56687,205.5910168362403,205.8303129503569,-0.08751458576429227,29.819649480039487,0.0077777248525127685,3,True
AAPL,2025-04-03 09:30:00-04:00,206.965,3705302,205.85445077519384,205.90782062012968,0.7030945893343743,65.378233005265,0.11260040707758645,3,True
AAPL,2025-04-03 09:30:00-04:00,206.965,3705302,206.07656062015508,206.00392783648152,0.0,64.77352119236207,0.17051318162656923,3,True
AAPL,2025-04-03 09:32:00-04:00,205.745,1303080,205.85399879689928,205.90568416238142,0.31448074110189683,50.483712094561874,0.06312711154446887,3,True
AAPL,2025-04-03 09:33:00-04:00,206.38,935395,205.95919903751945,205.9488037839831,0.30863447471383143,59.81195181051877,0.09086478189930847,4,True
AAPL,2025-04-03 09:50:00-04:00,204.39,567245,203.72240304770662,204.28889027404858,0.5064909520062777,36.45990922844206,0.007430324223618334,3,True
AAPL,2025-04-03 10:15:00-04:00,204.465,584472,203.94658196368457,203.9327482482232,0.19847103793002585,56.01170669125727,0.09927008501479923,3,True
AAPL,2025-04-03 10:25:00-04:00,205.785,503931,204.8114759366813,204.47890891302632,0.4956780778434311,79.51882102272745,0.13600302408870202,3,True
AAPL,2025-04-03 10:27:00-04:00,206.065,464609,205.18994459947604,204.71657761407135,0.2212927386800123,78.83786746895852,0.18094851722773042,3,True
AAPL,2025-04-03 11:34:00-04:00,204.88,253400,204.44041616095703,204.41275903125222,0.119725364673684,52.64026402640348,0.027866888436649237,3,True
AAPL,2025-04-03 15:50:00-04:00,201.95,559854,201.62350636093424,201.8086032580507,0.31791763946151796,53.10664256665243,0.00891354875768069,3,True
AAPL,2025-04-03 15:54:00-04:00,202.88,607681,202.1685184454387,202.03347876378027,0.22477460787946324,66.1835748792275,0.15636393630137171,3,True
AAPL,2025-04-03 15:55:00-04:00,203.665,915817,202.46781475635098,202.1817988761639,0.38692823343848826,77.27891156462606,0.2233691031969758,3,True
MSFT,2025-04-03 07:06:00-04:00,371.96,4249,372.0723808894803,372.36626466830677,-0.037624294544491566,29.955947136565413,0.0006850694423339299,3,True
MSFT,2025-04-03 09:27:00-04:00,372.94,26969,370.8194620580692,370.55453722520645,0.7646375401907601,73.37093195266331,0.18826401532504924,4,True
MSFT,2025-04-03 09:28:00-04:00,374.52,66894,371.5595696464554,370.9150338410968,0.4236606424625977,78.69737581728391,0.3850618973765473,3,True
MSFT,2025-04-03 14:00:00-04:00,376.73,58017,376.46772715143163,376.43883201354663,0.08235481642846487,45.21768364431122,0.012456247674079287,3,True
NVDA,2025-04-03 04:46:00-04:00,106.91,40042,107.0554413028278,110.10156659794936,-0.08411214953271129,30.357142857146073,3.079637471194424,3,True
NVDA,2025-04-03 04:47:00-04:00,106.91,31592,107.02635304226226,109.81142417995396,0.0,36.55913978494981,2.8664002712284358,3,True
NVDA,2025-04-03 05:11:00-04:00,106.85,16053,106.91305555194718,107.2444735922513,0.06555534744332459,39.3442622950847,0.4628159936302376,3,True
NVDA,2025-04-03 05:14:00-04:00,106.68,32314,106.82940444259697,107.1206262901963,-0.09365049634763034,33.88429752066493,0.3566532911112643,3,True
NVDA,2025-04-03 05:29:00-04:00,106.4,33561,106.64405918145015,106.78405938791511,-0.20634027386982057,37.037037037039845,0.10306855834949846,3,True
NVDA,2025-04-03 05:30:00-04:00,106.43,36180,106.60124734516012,106.7518721708319,0.028195488721816098,36.090225563912846,0.08776281097895544,3,True
NVDA,2025-04-03 05:45:00-04:00,106.04,115925,106.5328305385842,106.61375822799286,-0.6371814092953509,30.59701492537566,0.015298305214796942,3,True
NVDA,2025-04-03 05:47:00-04:00,105.81,47701,106.2374115446939,106.45608118015939,0.20835306373709894,31.00000000000192,-0.058356229159588824,3,True
NVDA,2025-04-03 06:08:00-04:00,105.31,56359,105.4542653234647,105.65020322691166,0.057007125890740085,36.44067796610545,0.0024586526537776765,3,True
NVDA,2025-04-03 06:23:00-04:00,105.14,68294,104.95007170538564,105.09030395425198,0.2192355352206743,49.36708860759686,0.053220384538466614,3,True
NVDA,2025-04-03 09:30:00-04:00,104.0782,7433356,103.82908463728685,103.81336274750181,0.0,55.444971646801406,0.02020293785282023,3,True
NVDA,2025-04-03 09:31:00-04:00,104.365,2128624,103.9362677098295,103.863511588638,0.2755620293202643,62.72040302267089,0.05075685397087399,3,True
NVDA,2025-04-03 09:33:00-04:00,104.87,2799170,104.2226993342909,104.01251370961818,0.2971519510937881,71.31147540983676,0.11330201405537065,3,True
NVDA,2025-04-03 10:25:00-04:00,105.24,1270903,104.92815693542434,104.87672320618377,0.324118207816948,63.32518337408437,0.01645133586379839,3,True
NVDA,2025-04-03 11:17:00-04:00,103.32,865646,102.87377710066558,102.85369044486323,0.2947103567975562,57.46976481788454,0.1304450035820384,3,True
NVDA,2025-04-03 14:52:00-04:00,103.9917,885955,103.52655248963796,103.24362234496172,0.20408576227188835,87.88808793091226,0.07813491448313928,3,True
META,2025-04-03 04:00:00-04:00,563.35,2668,194.38581879803615,144.2471546133226,451.22309197651657,99.76781105219392,29.422114978916092,3,True
META,2025-04-03 08:52:00-04:00,551.0,9885,551.0370146875798,551.7973359898991,0.05265929436544248,36.470162187330104,0.08222390839681282,3,True
META,2025-04-03 08:54:00-04:00,550.12,9482,550.8156894000512,551.5624264379331,-0.12345679012344402,32.33122362869234,0.06447348100641659,3,True
META,2025-04-03 09:01:00-04:00,549.75,28506,550.3204345079098,550.9269258544161,-0.07270744342451341,29.3970970366678,0.060255897510908873,3,True
META,2025-04-03 09:06:00-04:00,549.75,11754,550.001380267552,550.5127551858827,-0.034549223551672004,33.49704267004739,0.07911084623201892,3,True
META,2025-04-03 09:29:00-04:00,547.16,28795,546.7872992927286,547.9560911583918,0.3963302752293618,32.743362831858946,-0.2017889130906989,3,True
META,2025-04-03 10:15:00-04:00,541.41,106571,539.8974187003248,540.5266364252069,0.2295573615713531,37.15818913122974,0.06632277110439366,3,True
META,2025-04-03 10:25:00-04:00,540.67,180192,540.389025265778,540.6067063517643,0.28564539164950276,61.72080772607553,0.038560157845254295,3,True
META,2025-04-03 11:11:00-04:00,540.69,132039,538.7745052039189,538.158638194305,0.25402358525550284,73.13794623181997,0.419916791788058,3,True
META,2025-04-03 11:32:00-04:00,545.44,113510,543.6612865828165,542.4718697406273,0.3587922500874141,67.39251814628739,0.10287891143899519,3,True
META,2025-04-03 14:41:00-04:00,541.695,49235,540.1739664812012,539.9876116525535,0.24334727414043744,79.79063976828004,0.339304503538224,3,True
META,2025-04-03 15:45:00-04:00,535.685,151659,534.342950428967,534.2052044787889,0.03641524584958589,78.68852459016375,0.5084472015540474,3,True
AMZN,2025-04-03 05:10:00-04:00,185.75,5310,186.15878608032844,187.28805267725352,-0.2095197163425322,33.81294964029006,1.409027568213892,3,True
AMZN,2025-04-03 05:34:00-04:00,185.42,5463,185.75512059927726,186.04434906775217,-0.20989182498252212,26.388888888892453,0.2603088427900939,3,True
AMZN,2025-04-03 05:36:00-04:00,185.82,4688,185.75287718353746,185.99218931219184,0.08617903694925211,33.54838709677642,0.24170821069003867,3,True
AMZN,2025-04-03 05:41:00-04:00,185.39,3327,185.65412359550157,185.85056734338303,-0.15618267987936862,39.1959798994991,0.1628388371897571,3,True
AMZN,2025-04-03 05:45:00-04:00,185.01,6098,185.45467128089683,185.70501678691434,-0.1888217522658775,35.56485355648719,0.0910709462660747,3,True
AMZN,2025-04-03 05:47:00-04:00,185.11,3701,185.31458961977398,185.5934849478631,0.0540511323712245,35.56485355648719,0.06326447973485028,3,True
AMZN,2025-04-03 05:50:00-04:00,184.73,4451,185.1057898853243,185.42059725609545,-0.14594594594594668,28.37209302325789,0.03275130388902703,3,True
AMZN,2025-04-03 05:51:00-04:00,184.63,5838,185.01063190825943,185.34872477826858,-0.05413305905916932,21.53110047847153,0.018420151314920474,3,True
AMZN,2025-04-03 06:14:00-04:00,184.38,5398,184.75573237913886,184.83978112975203,-0.24346696964779868,35.40372670807723,0.04234275915385338,3,True
AMZN,2025-04-03 06:34:00-04:00,184.65,3533,184.50596758407235,184.4935247217839,0.05960767313319959,63.15789473684377,0.06546142218825587,3,True
AMZN,2025-04-03 07:41:00-04:00,183.68,18660,183.3661537257879,183.5174100676054,0.26200873362447474,55.59566787003686,0.021864648146504573,3,True
AMZN,2025-04-03 08:04:00-04:00,183.94,14610,183.59130210600583,183.58798919832606,0.24180324071929604,52.36832133383975,0.019375315000881896,3,True
AMZN,2025-04-03 09:03:00-04:00,182.01,46997,181.65734702836176,181.92262468652063,0.2699427060378845,55.33049040511798,0.0756044601962465,3,True
AMZN,2025-04-03 09:27:00-04:00,182.3,24480,181.92455248058053,181.9145845539665,0.2915772679760176,56.80050051683872,0.0320467353723707,3,True
AMZN,2025-04-03 09:28:00-04:00,182.85,41324,182.10964198446442,181.99962232178774,0.3017004936917145,67.19219601650505,0.08663235902394774,3,True
AMZN,2025-04-03 09:31:00-04:00,183.7019,698854,182.84820135683663,182.41977406720014,0.23785099254636233,76.36059634945003,0.20057443592077345,3,True
AMZN,2025-04-03 11:15:00-04:00,180.0,312210,179.53687046301982,179.1679586190577,0.22109887980650278,68.78321422026772,0.11211587019755256,3,True
AMZN,2025-04-03 13:00:00-04:00,182.41,121433,181.9822303233231,181.96919215270907,0.2252747252747156,64.87455197132648,0.054659537071557546,3,True
AMZN,2025-04-03 14:37:00-04:00,179.78,114144,179.5711660220406,179.79529666697783,0.23416592328278085,39.78034608262816,0.005585622624384556,3,True
AMZN,2025-04-03 14:42:00-04:00,180.075,291658,179.87730336210228,179.87404015931463,-0.0860012206624905,59.55414012738954,0.10287771722565059,3,True
AMZN,2025-04-03 14:55:00-04:00,179.87,230017,179.97714609106464,179.9585086927796,-0.0916488460577014,39.42544941840238,0.01234372725435099,3,True
GOOGL,2025-04-03 05:11:00-04:00,153.48,1655,153.67559645428076,153.74989922405447,-0.13014055179595418,39.13043478261256,0.06728531802875859,3,True
GOOGL,2025-04-03 05:12:00-04:00,153.3,2227,153.6004771634246,153.70899929459497,-0.11727912431586107,35.43307086614634,0.04066847161594156,3,True
GOOGL,2025-04-03 05:15:00-04:00,153.26,1051,153.48110538459176,153.6327266897479,-0.013048016701466825,21.34831460674782,0.01147689618343778,3,True
GOOGL,2025-04-03 05:17:00-04:00,153.19,1346,153.4228843076734,153.59247880886173,-0.04567401800861237,19.79166666667281,0.0014810833260974487,3,True
GOOGL,2025-04-03 05:39:00-04:00,153.19,2274,153.2400616181533,153.30646060385152,-0.07175472928898641,35.0877192982489,0.02841630885225574,3,True
GOOGL,2025-04-03 07:08:00-04:00,152.54,2625,152.4032916063227,152.39227272462855,-0.03931847968545732,51.49700598802511,0.06172478169164143,3,True
GOOGL,2025-04-03 08:06:00-04:00,152.77,3847,152.4898854378788,152.47417904465803,0.25593909961938444,55.952380952383024,0.005934424502877797,3,True
GOOGL,2025-04-03 09:27:00-04:00,150.9,55150,150.2803120038526,150.22981519933367,0.43181019519311636,75.66735112936367,0.0827034121191957,4,True
GOOGL,2025-04-03 09:30:00-04:00,151.96,1084714,150.83983974597254,150.5160595036316,0.5092929426549375,87.3195538057737,0.19887074838680818,3,True
GOOGL,2025-04-03 09:31:00-04:00,152.55,296521,151.36109743742244,150.82029711043933,0.38826006843906136,93.00660019660121,0.2689158771461315,3,True
GOOGL,2025-04-03 11:09:00-04:00,151.34,79630,150.99370136268817,150.98295268031805,0.2716491088584183,61.88118811881264,0.0518871234503261,3,True
QQQ,2025-04-04 04:00:00-04:00,448.5,5283,210.3234692794444,177.95611355541774,197.53217460528057,99.77740585774058,18.988841482666714,3,True
QQQ,2025-04-04 06:24:00-04:00,440.39,84481,441.0451359199443,443.13947936289645,0.5548451913416796,31.6076294277931,-0.4388254564333576,3,True
QQQ,2025-04-04 06:51:00-04:00,436.22,57421,437.8693903670111,438.7082852941606,-0.36544698734638503,25.145348837210207,0.0018137859712139548,3,True
QQQ,2025-04-04 07:00:00-04:00,437.62,142153,436.7016010180454,437.38605240758943,0.2864541558768918,47.26962457337944,0.14855943912519876,3,True
QQQ,2025-04-04 07:35:00-04:00,434.27,66325,433.19843693897667,434.0447522441524,0.30488509065711433,43.77745241581282,0.04270318836086551,3,True
QQQ,2025-04-04 07:37:00-04:00,435.01,68178,433.7097996409451,434.1395473092168,0.20270425909290068,47.144754316069374,0.25868890614885776,3,True
QQQ,2025-04-04 07:55:00-04:00,436.08,97730,434.7533974902394,434.41623802422157,0.21602242956288986,62.53602305475552,0.26166784389007114,3,True
QQQ,2025-04-04 08:44:00-04:00,439.19,92536,437.82216436500863,437.65324521943285,0.34944886517087603,57.63342814120802,-0.004008191258674798,3,True
QQQ,2025-04-04 09:56:00-04:00,437.74,444339,437.2766260426429,437.22197044098925,0.3208507127469451,63.31329935164298,0.14199749014479265,3,True
QQQ,2025-04-04 11:01:00-04:00,433.6,776233,431.2472115670102,430.84281335948805,0.5122974570574312,67.25807991923509,0.5695979526627595,3,True
QQQ,2025-04-04 12:35:00-04:00,428.2732,324895,428.3792146335089,429.22576474756085,0.14806846880552893,34.707759489419516,0.014525872777807258,3,True
QQQ,2025-04-04 12:36:00-04:00,429.455,319885,428.5943717068072,429.2466043159644,0.27594535450736757,52.16191352345911,0.12496367678043974,3,True
QQQ,2025-04-04 13:02:00-04:00,429.655,233341,428.7629894613921,428.7509072846957,0.37026654519121127,63.996696944674355,0.13099263900705566,4,True
QQQ,2025-04-04 13:48:00-04:00,430.62,275120,429.63030313901317,429.0314231525318,0.23976349542587094,74.99104263704787,0.08286415233042987,3,True
SPY,2025-04-04 04:00:00-04:00,534.06,4775,446.19983192919744,435.59331734589085,26.121147715196578,95.45003065393928,6.765156542936946,3,True
SPY,2025-04-04 06:30:00-04:00,524.98,85485,525.4995685243823,527.2348983009397,0.2750506169538314,33.653007846556605,-0.14494372661330446,3,True
SPY,2025-04-04 07:14:00-04:00,521.67,59222,521.9534485112081,522.344791503482,-0.03449267030757319,33.182406209574225,0.03932675252611606,3,True
SPY,2025-04-04 07:18:00-04:00,522.5,102067,522.0662765101908,522.26570009117,0.04403852413503717,35.875706214691064,0.1276609350399257,3,True
SPY,2025-04-04 07:35:00-04:00,519.46,115812,518.5503210672368,519.5417009852446,0.23347805113362874,38.83792048929789,-0.02365507231713937,3,True
SPY,2025-04-04 07:55:00-04:00,521.2,67126,519.6463332174123,519.4235316600725,0.207644389756223,61.629629629630124,0.29366292337371247,3,True
SPY,2025-04-04 08:00:00-04:00,536.01,609270,524.3402160686818,521.8448856325464,2.485612129787196,96.48749334752546,1.3339894848631464,3,True
SPY,2025-04-04 08:33:00-04:00,525.13,122283,523.4565945990405,522.8362753046149,0.28646181464011544,74.12451361867703,0.19634637867224497,3,True
SPY,2025-04-04 09:57:00-04:00,523.56,638672,522.1103736256978,522.0699804100377,0.2988505747126391,61.8432026688908,0.23458662396543478,3,True
SPY,2025-04-04 10:51:00-04:00,512.56,1281172,512.6934486191042,514.2178581650994,0.4468135141490803,34.880382775119315,-0.23297293776340422,3,True
SPY,2025-04-04 11:01:00-04:00,518.32,1976245,515.6660877167849,515.0714459597673,0.45155913874299625,71.16795901412371,0.6422011304086899,3,True
SPY,2025-04-04 12:09:00-04:00,515.56,543789,516.0415089419022,516.1925191205174,-0.0368395540475186,39.63636363636384,0.01672033203495732,3,True
SPY,2025-04-04 12:36:00-04:00,513.29,416927,512.2846880720638,512.8908998032284,0.23041924586513218,53.5528596187177,0.1351575614129613,3,True
SPY,2025-04-04 12:41:00-04:00,513.92,685817,513.2598272594539,513.2090641431771,0.08142131509152328,66.93020608918306,0.3343032139062456,3,True
SPY,2025-04-04 13:02:00-04:00,513.46,302798,512.4499740139095,512.4344984096881,0.3380689035233475,65.34979423868398,0.1345667742988499,4,True
TSLA,2025-04-04 04:34:00-04:00,266.97,14903,267.8446875127339,276.2544412378749,-0.17574035297636126,38.96396396396517,5.893442888930611,3,True
TSLA,2025-04-04 04:55:00-04:00,266.11,7645,266.7761980426434,268.15249255934833,-0.35199400861262164,37.26027397260295,1.4216144675095652,3,True
TSLA,2025-04-04 04:56:00-04:00,266.23,10860,266.6669584341147,267.97772050849846,0.04509413400473061,39.572192513369664,1.2999150368702734,3,True
TSLA,2025-04-04 05:02:00-04:00,265.11,16585,266.0199329117526,267.05909106065127,-0.23331953486621648,29.710144927536774,0.751741724903412,3,True
TSLA,2025-04-04 05:03:00-04:00,265.6,8932,265.9359463294021,266.9264464187739,0.18482893893101426,31.042654028437227,0.7012152293922567,3,True
TSLA,2025-04-04 05:06:00-04:00,264.76,9561,265.4324845206539,266.42630084055133,-0.09056603773585081,28.602620087336916,0.5049048657067194,3,True
TSLA,2025-04-04 05:07:00-04:00,265.34,5469,265.4139876165231,266.32754621868304,0.21906632421815342,34.468937875752346,0.5014812475021921,3,True
TSLA,2025-04-04 05:27:00-04:00,264.04,11274,264.92883794571645,265.28725577851475,-0.32465081162701415,32.51366120218705,0.07838575561337024,3,True
TSLA,2025-04-04 05:28:00-04:00,263.7,20272,264.6830703565732,265.14295979864977,-0.12876836842903305,26.43979057591713,0.013821146728402511,3,True
TSLA,2025-04-04 06:01:00-04:00,264.6,6998,264.41957617453414,264.41111013016854,-0.03777861730259735,59.34579439252506,0.06717349410545376,3,True
TSLA,2025-04-04 06:05:00-04:00,263.67,12755,264.44665840108917,264.44989900291546,-0.43049733771383103,36.07594936708969,0.014764803004603512,3,True
TSLA,2025-04-04 06:11:00-04:00,259.7,93963,261.4872840198951,262.83527132450723,0.5264380274057512,25.714285714286007,-0.5752951237459321,3,True
TSLA,2025-04-04 06:19:00-04:00,254.75,67384,256.86255174535137,259.4142946417075,0.21242280004720726,17.959770114942714,-0.6556487570344005,3,True
TSLA,2025-04-04 06:51:00-04:00,252.07,46604,253.31261396109494,253.7449371576135,-0.6111505401782291,38.17980022197606,0.13285534615708916,3,True
TSLA,2025-04-04 06:53:00-04:00,251.85,47749,252.8580729351008,253.45325384926736,-0.1783590963139181,35.0649350649356,0.013541870237488207,3,True
TSLA,2025-04-04 07:00:00-04:00,254.57,106451,253.18689276119932,253.27432463966542,0.4260523097558089,60.208062418725795,0.26781706423091944,3,True
TSLA,2025-04-04 08:00:00-04:00,265.39,1125547,254.39144136005888,252.39380488813362,5.267541945975962,93.95095367847433,1.0810727470610353,3,True
TSLA,2025-04-04 08:18:00-04:00,251.9392,31058,251.35968950805145,251.289721123398,0.23441416351701605,58.10059643760423,0.08923305563259581,3,True
TSLA,2025-04-04 08:23:00-04:00,251.64,26329,251.30490945799838,251.27891818330713,0.26696417898552927,68.44344011697468,0.029829495131672764,3,True
TSLA,2025-04-04 08:33:00-04:00,254.84,92517,253.00479532194106,252.2931028965465,0.6874753062030781,77.75307177916164,0.2710372390653828,3,True
TSLA,2025-04-04 09:04:00-04:00,256.47,86339,255.14122768311586,254.48397027035327,0.24456280636309113,78.55670103092801,0.15649597593400488,3,True
TSLA,2025-04-04 09:30:00-04:00,259.01,1895896,255.52923249632124,255.09656055289997,1.3737769080234719,78.4487905055282,0.30957731942265293,4,True
TSLA,2025-04-04 09:31:00-04:00,259.645,961667,256.9093087976456,255.83347979578505,0.24516427937144591,79.40995697602948,0.5774588830273217,3,True
TSLA,2025-04-04 09:34:00-04:00,257.6147,804621,257.0533893043946,256.17637001937265,0.6032334908423698,62.525031783094185,0.2700243894775327,3,True
TSLA,2025-04-04 10:20:00-04:00,247.58,543689,247.16532870721426,248.26118362928995,0.2064192334156445,35.879128804269996,0.051598099473087355,3,True
TSLA,2025-04-04 10:26:00-04:00,244.76,891715,246.42191362462404,247.4279025640607,-0.6524805422793212,38.04912727985913,0.0006479423407754759,3,True
TSLA,2025-04-04 10:41:00-04:00,242.3,692161,242.42369060965268,243.6384344574891,0.30800311314973516,38.84279338739114,0.11011368177802816,3,True
TSLA,2025-04-04 10:57:00-04:00,243.57,588324,241.6710584936453,241.5195044346346,0.23972426565150862,57.83957861412094,0.686055741190176,3,True
TSLA,2025-04-04 12:10:00-04:00,244.065,343244,243.49557188783012,243.4872134694977,0.33298390577789494,50.80688873558723,0.07088813090154425,3,True
TSLA,2025-04-04 12:41:00-04:00,242.63,1688354,242.0216953142846,241.94629314619144,0.2230161415109455,59.20229931423991,0.21408747753494467,4,True
TSLA,2025-04-04 13:35:00-04:00,242.275,335012,241.28372524945016,241.14928641775296,0.32921981116449395,67.55162241887936,0.1375531144950683,3,True
TSLA,2025-04-04 13:48:00-04:00,245.1075,451198,243.55871930217782,242.8499482937966,0.6477641358354047,77.42662291512306,0.1352841461205756,3,True
TSLA,2025-04-04 15:11:00-04:00,241.035,427790,239.97565885011954,239.92578001740415,0.36643001394931485,53.80948070366048,0.15346935063884276,4,True
AAPL,2025-04-04 04:42:00-04:00,202.0,2937,202.11559578474987,203.11334062305409,-0.054425807728475384,26.277372262776154,0.7487987668588891,3,True
AAPL,2025-04-04 04:48:00-04:00,202.13,3406,202.0435880334336,202.75456158940924,0.10895943737307956,39.89071038251531,0.5839911499798873,3,True
AAPL,2025-04-04 05:02:00-04:00,201.62,9072,201.8734601762896,202.1724956603946,-0.11889428316655959,34.677419354842,0.23396833863265132,3,True
AAPL,2025-04-04 05:07:00-04:00,201.67,5156,201.71648423056664,201.971374508941,0.044647286437138334,34.57943925233883,0.1531683767462101,3,True
AAPL,2025-04-04 05:08:00-04:00,201.6,10914,201.69318738445332,201.93761318994638,-0.03471017007983246,34.90566037736153,0.14282887757106122,3,True
AAPL,2025-04-04 05:09:00-04:00,201.59,5360,201.67254990756268,201.90601199086035,-0.004960317460311892,35.23809523809798,0.13394902449268675,3,True
AAPL,2025-04-04 05:11:00-04:00,201.3,5054,201.57843194084012,201.82149751310772,-0.12403870007442475,16.161616161618994,0.10080890910629048,3,True
AAPL,2025-04-04 05:12:00-04:00,201.2,6826,201.5027455526721,201.76499773918883,-0.049677098857436874,14.678899082571064,0.07937090483039744,3,True
AAPL,2025-04-04 05:26:00-04:00,200.9,6186,201.15055341252705,201.360025279027,-0.07957823535262865,20.72072072072413,0.03283119571914023,3,True
AAPL,2025-04-04 05:32:00-04:00,201.0,5053,201.00389334221694,201.19520852340375,0.04977600796416404,38.53211009174547,0.033327495011139296,3,True
AAPL,2025-04-04 06:30:00-04:00,194.61,56919,195.0455750930268,196.3171013314099,0.3454676704135462,36.20915032679797,-0.0363603527647689,3,True
AAPL,2025-04-04 06:48:00-04:00,194.51,20085,194.26666683801153,194.88041586625192,0.39743986786413554,34.81152993348191,0.04246729281450712,3,True
AAPL,2025-04-04 06:52:00-04:00,194.2,15595,194.17815473684956,194.64600496294787,0.2684840974803704,36.22047244094542,0.0883376432389591,3,True
AAPL,2025-04-04 07:00:00-04:00,193.93,94075,193.5935096802155,194.02312358369133,0.5756664246447496,49.407783417936244,0.0628242320389788,3,True
AAPL,2025-04-04 07:29:00-04:00,191.0,45721,191.32688201291734,192.17571376912645,0.2677305895322446,21.05263157894845,-0.20383397529842506,3,True
AAPL,2025-04-04 07:34:00-04:00,191.74,12799,191.3962198979928,191.87995800654852,0.2614515791675487,35.75221238938133,0.06659187053370419,3,True
AAPL,2025-04-04 07:45:00-04:00,193.0,33505,192.60587896961093,192.41642486483119,0.25453223209184195,61.188811188811584,0.1529205413641137,3,True
AAPL,2025-04-04 07:47:00-04:00,193.7,33591,192.91976254055103,192.59787178911665,0.25879917184266077,70.70707070707083,0.1899798264431884,3,True
AAPL,2025-04-04 08:44:00-04:00,194.0,23818,193.22105198703483,193.13707806579245,0.4348726444398432,55.28321823465086,0.08855840666076206,3,True
AAPL,2025-04-04 09:30:00-04:00,196.17,4201167,194.52872527009464,194.4964096806506,1.1654891444484505,66.20819405629534,0.0482800282407147,4,True
AAPL,2025-04-04 10:51:00-04:00,191.9488,786755,192.59616906447644,193.62613380540392,0.2474474474474464,18.53523005112352,-0.16461244753905668,3,True
AAPL,2025-04-04 11:01:00-04:00,195.03,583474,193.68762602731036,193.5763651588366,0.572400990099009,65.03232515032332,0.37046233444532617,3,True
AAPL,2025-04-04 12:36:00-04:00,193.275,255095,192.73964128365503,193.04184768136562,0.4182469995323901,57.59765420462982,0.08053159573251034,3,True
AAPL,2025-04-04 13:28:00-04:00,190.93,382190,191.4826212887869,191.749051907671,-0.30285624771551056,36.295281131937166,0.0028838659780528464,3,True
AAPL,2025-04-04 13:39:00-04:00,192.1,336620,191.62778490863712,191.57755334667164,0.13067548330902845,56.78413086684061,0.15078066228266734,3,True
AAPL,2025-04-04 15:27:00-04:00,190.53,433275,190.24798789585756,189.902880465188,0.3053435114503955,56.717494589687256,0.030492491179610615,3,True
MSFT,2025-04-04 04:00:00-04:00,369.74,2108,224.92351414088688,205.71742682824927,96.09652612039245,98.94892966893298,11.464752712564689,3,True
MSFT,2025-04-04 06:30:00-04:00,362.77,7517,363.4570501937452,364.95060665137555,0.36797255422753583,28.24427480916087,-0.626906262215139,3,True
MSFT,2025-04-04 06:43:00-04:00,359.94,9834,360.72201242133843,362.2113253940421,0.3596821413634599,36.466591166478466,-0.22787919573263204,3,True
MSFT,2025-04-04 06:56:00-04:00,357.3,8602,357.32686579813367,358.9461380861174,0.39336892385501976,36.99421965317966,-0.08270288476115795,3,True
MSFT,2025-04-04 07:00:00-04:00,358.0,19848,356.8628442309156,358.15472856097085,0.7315700619020982,49.95150339476269,0.12934057042026792,3,True
MSFT,2025-04-04 07:31:00-04:00,356.99,29291,356.2248542462761,356.45165611055353,0.3485593815881982,55.8028616852152,0.06709541998820517,3,True
MSFT,2025-04-04 07:55:00-04:00,358.0,8020,357.0245969952837,356.8475164655878,0.2801120448179262,56.55877342419106,0.09847413389967137,3,True
MSFT,2025-04-04 08:34:00-04:00,365.37,13323,363.1399280231029,361.6540098708956,0.2386831275720258,79.83539094650233,0.3790117833150495,3,True
MSFT,2025-04-04 08:44:00-04:00,366.82,20816,365.3686418541316,363.984027429716,0.443592552026284,69.38775510204096,0.07139080423422417,3,True
MSFT,2025-04-04 09:30:00-04:00,365.69,1097876,364.39561692444136,364.57519561921015,0.43117653520816646,61.559507523940276,0.03830753969375558,3,True
MSFT,2025-04-04 09:31:00-04:00,366.52,204556,365.02759483164243,364.84412861091744,0.22696819710683602,60.64425770308161,0.22602089861346575,4,True
MSFT,2025-04-04 09:43:00-04:00,365.7217,138410,365.1075829072833,365.0348310597484,0.22793170544548325,50.22637359498449,0.019753113430098293,3,True
MSFT,2025-04-04 11:01:00-04:00,369.802,299664,368.12922256377664,368.0064045440721,0.347877998480417,65.71683352924504,0.37868017253054065,4,True
MSFT,2025-04-04 11:04:00-04:00,372.39,295324,369.64432195265374,368.7842182900617,0.4504747518342622,82.77543254652484,0.6296950232990478,3,True
MSFT,2025-04-04 11:46:00-04:00,369.4,71090,368.5470510990663,368.4355729961153,0.22111588914361935,68.52208460868033,0.20523370476503783,3,True
MSFT,2025-04-04 12:35:00-04:00,364.395,96258,364.4083901137608,365.12707984571466,0.14703457373714812,34.84897069197771,0.04670462577539536,3,True
MSFT,2025-04-04 12:36:00-04:00,365.31,92958,364.58871209100863,365.1437089506497,0.25110114024615715,55.3962807172909,0.13491543214457047,3,True
NVDA,2025-04-04 04:55:00-04:00,102.19,22142,102.3920143393267,103.62681101693482,-0.26351747023227734,39.09090909091177,1.579660252543169,3,True
NVDA,2025-04-04 05:02:00-04:00,102.07,18118,102.2366222455748,102.94033254182189,-0.08809710258418368,34.25925925926232,0.9059589333792211,3,True
NVDA,2025-04-04 05:05:00-04:00,101.97,16634,102.15035058973432,102.7237434574169,-0.08818342151676317,31.818181818184698,0.7113797726473781,3,True
NVDA,2025-04-04 05:10:00-04:00,102.09,17171,102.12112928124418,102.48864170816503,-0.0293772032902484,37.25490196078839,0.5053513291818865,3,True
NVDA,2025-04-04 05:27:00-04:00,101.73,17201,101.95389095645865,102.08744021524599,-0.1864207221350056,25.000000000006793,0.12336936028482093,3,True
NVDA,2025-04-04 05:28:00-04:00,101.7,26424,101.90311276516692,102.05221837749636,-0.029489826010031805,26.153846153852655,0.10303243752691316,3,True
NVDA,2025-04-04 05:30:00-04:00,101.72,15932,101.83239216970685,101.99208130371599,0.02950142590225635,20.967741935492043,0.0807883734365692,3,True
NVDA,2025-04-04 05:31:00-04:00,101.6,15301,101.78591373576549,101.95643754883271,-0.11797090051121062,15.277777777785772,0.06793958724684357,3,True
NVDA,2025-04-04 05:32:00-04:00,101.68,33893,101.7647309886124,101.9313068625752,0.07874015748032814,26.027397260281646,0.06517019228707821,3,True
NVDA,2025-04-04 05:33:00-04:00,101.85,33028,101.78178479088993,101.92391532961382,0.16719118804089383,36.47058823529872,0.07445859443279895,3,True
NVDA,2025-04-04 06:01:00-04:00,102.1,14285,101.97711992544076,101.96209344416388,0.06860727237085751,61.842105263160185,0.023098193058663875,3,True
NVDA,2025-04-04 06:05:00-04:00,101.79,48057,101.98408432146056,101.9771616994494,-0.2254459909821538,36.89320388349865,0.004892917978112239,3,True
NVDA,2025-04-04 06:30:00-04:00,97.82,144076,97.89439187488935,98.70108160307231,0.6792918896665334,34.701492537314124,0.016973471566966936,3,True
NVDA,2025-04-04 06:52:00-04:00,97.9,99211,98.00753380823389,98.15103002567876,0.29710070689479284,37.42138364779976,0.04316586142347173,3,True
NVDA,2025-04-04 07:00:00-04:00,98.2,390344,97.86628294568045,97.96409036333732,0.43980771197709156,53.45454545454638,0.05376379679050916,3,True
NVDA,2025-04-04 07:31:00-04:00,96.05,247876,96.2878297845266,96.75744617905185,0.26096033402922547,18.3098591549317,-0.09767434025614014,3,True
NVDA,2025-04-04 08:33:00-04:00,98.39,166245,97.96285799909727,97.77145858213021,0.3004221405103147,64.88530990727286,0.026940581267281494,3,True
NVDA,2025-04-04 09:28:00-04:00,98.98,244490,98.55146070747423,98.55344245642964,0.5894308943089399,63.816925734025176,0.007093852583311445,3,True
NVDA,2025-04-04 09:29:00-04:00,98.92,270318,98.6251685659794,98.5867658694815,-0.060618306728632554,60.81388730791215,0.029356201022211554,3,True
NVDA,2025-04-04 09:30:00-04:00,99.22,10589929,98.74413485278353,98.64433260861954,0.30327537403962435,75.31645569620305,0.060905104116489875,3,True
NVDA,2025-04-04 10:37:00-04:00,94.6638,1683083,94.6980590120216,95.08515640722395,0.3028248108669418,35.638153428378516,0.0022418900390904772,3,True
NVDA,2025-04-04 10:46:00-04:00,93.9299,2478056,94.54860063700346,94.80420481480002,-0.6319867382227118,32.15416871124759,0.012228236377061164,3,True
NVDA,2025-04-04 10:51:00-04:00,93.3598,3686237,93.47779905673329,94.11359577574805,1.3238550032559138,35.554767812833305,-0.14753508766379342,3,True
NVDA,2025-04-04 11:01:00-04:00,95.175,3419478,94.31066029452423,94.21499807264836,0.8517429046149605,64.48339483394868,0.20772421879287623,4,True
NVDA,2025-04-04 11:49:00-04:00,95.59,1145065,95.04509368324926,95.0011209878208,0.39015527444772324,62.51545117428998,0.10199005011237307,3,True
NVDA,2025-04-04 13:48:00-04:00,95.135,1347133,94.72637841449692,94.5204784140507,0.416930546759553,78.84057971014538,0.04852664671622589,3,True
NVDA,2025-04-04 14:47:00-04:00,93.9701,1251660,93.72839009928305,93.83914098104223,0.34180459156432086,48.25033942101485,0.030961541315044944,3,True
NVDA,2025-04-04 15:09:00-04:00,94.185,584468,94.03044269552102,94.01324830297803,0.20746887966804906,49.154671046277215,0.01600812208751798,3,True
NVDA,2025-04-04 15:11:00-04:00,94.6065,1320602,94.18878332513346,94.09087876279176,0.32502651113468506,58.41320324923788,0.05714018864029517,3,True
NVDA,2025-04-04 15:14:00-04:00,95.105,1399461,94.54607306246834,94.29419967151895,0.3602649118437995,73.5886300829061,0.11548162608266568,3,True
META,2025-04-04 04:00:00-04:00,526.92,1929,181.01057447239288,134.1125350869583,459.3630573248407,99.59779361066421,27.536451032329182,3,True
META,2025-04-04 06:24:00-04:00,511.25,6027,513.7069757444094,517.2845124167511,0.3336277107251373,20.236686390532938,-1.1875185642994373,3,True
META,2025-04-04 06:30:00-04:00,513.61,9085,512.1420123295426,514.8010875870212,0.8462595719615162,38.929088277858334,-0.14473829315152642,3,True
META,2025-04-04 06:42:00-04:00,508.0,3358,508.48234746842843,510.6676766884025,0.29615004935834577,39.334027055151026,0.08974505465528893,3,True
META,2025-04-04 06:46:00-04:00,508.41,4686,507.7403055230684,509.57007560166824,0.5756676557863605,38.717787554997166,0.21968798269415624,3,True
META,2025-04-04 07:00:00-04:00,511.0,20568,507.7687750817325,507.9896976556452,0.717439293598221,59.50110051357312,0.6241982956214189,3,True
META,2025-04-04 07:31:00-04:00,504.78,11749,505.33941499266194,506.6719112175242,0.35387673956261967,35.46875000000013,-0.45111116236607796,3,True
META,2025-04-04 07:35:00-04:00,504.52,22854,504.1604643809944,505.5835688938762,0.3460758184494317,39.28334439283356,-0.2564756977809839,3,True
META,2025-04-04 07:55:00-04:00,505.75,6294,503.90686589057657,503.8480949671879,0.5467196819085585,65.73426573426599,0.3643678589113589,3,True
META,2025-04-04 08:33:00-04:00,508.82,52033,506.28840503584195,505.9793296339199,0.43821555467824513,59.535741074706095,0.19945187739266385,4,True
META,2025-04-04 08:51:00-04:00,506.76,23733,504.9991200364923,505.03029493635813,0.40020604667749815,51.797382097341234,0.18017920366584345,3,True
META,2025-04-04 09:00:00-04:00,511.9953,20856,508.56815158545743,507.1336273011263,0.4903858081149792,75.01006433579177,0.5938402435918577,3,True
META,2025-04-04 10:51:00-04:00,499.56,231907,499.6881267467652,502.34711097643697,0.9635352193090974,34.39217137271598,-0.4975864893997102,3,True
META,2025-04-04 11:01:00-04:00,510.41,266175,506.1150392157816,504.771617815294,0.80579858985248,72.70452413953394,1.0713708171373935,3,True
META,2025-04-04 11:47:00-04:00,512.715,62543,510.77470831335006,510.58222611204576,0.22577996715928972,52.96831744078769,0.31404692756236174,3,True
META,2025-04-04 12:05:00-04:00,512.685,46386,511.1356155001557,510.9552087742075,0.3759067281430717,50.67053280173977,0.1320606468558415,3,True
META,2025-04-04 12:51:00-04:00,509.075,43190,508.1543338830221,508.07718878135574,0.288607395441387,53.32866152768096,0.06450686652152413,3,True
META,2025-04-04 13:32:00-04:00,509.1,65582,507.9822735704736,507.9345981886748,0.35616483721840897,72.94058493254016,0.2067860050390979,4,True
META,2025-04-04 13:48:00-04:00,514.1,106477,512.2252865910876,511.0530677922142,0.30828065246235603,73.75634517766524,0.20222811089316883,3,True
META,2025-04-04 14:20:00-04:00,509.265,83064,509.2487255317473,510.7054159292372,0.3388862071343368,25.07993682101862,-0.42460707881639626,3,True
META,2025-04-04 14:41:00-04:00,506.445,100403,506.40132500226616,507.45714545843595,0.21073251810519444,37.21505528008985,-0.03860408684529504,3,True
AMZN,2025-04-04 04:53:00-04:00,177.4,3247,177.5001460790446,189.17368868965534,0.0,36.47058823529614,8.308343492324841,3,True
AMZN,2025-04-04 04:55:00-04:00,177.0,4968,177.36969349058856,187.08651957822755,-0.17483503468501693,36.046511627909375,7.394717590534782,3,True
AMZN,2025-04-04 04:59:00-04:00,176.65,7261,176.9963704537451,183.8091555072929,-0.05657708628005187,31.944444444447726,5.721058333211932,3,True
AMZN,2025-04-04 05:08:00-04:00,176.68,2158,176.53985857038504,179.89050044168354,0.26103733968902976,31.443298969074448,3.3259424440145082,3,True
AMZN,2025-04-04 05:31:00-04:00,176.22,1572,176.3940738834703,177.23172439227204,-0.04537719795802975,27.00729927007626,1.0037540712994302,3,True
AMZN,2025-04-04 05:32:00-04:00,176.09,6626,176.33325910677627,177.12793126570185,-0.07377142208602194,28.030303030306612,0.9217688085249884,3,True
AMZN,2025-04-04 05:34:00-04:00,176.23,4533,176.29128582833684,176.96961261628252,0.017026106696937937,32.60869565217597,0.8017555294168153,3,True
AMZN,2025-04-04 05:57:00-04:00,175.89,2165,176.01809946598138,176.23067386866924,-0.034100596760444635,33.33333333333891,0.18062832458318234,3,True
AMZN,2025-04-04 06:07:00-04:00,175.58,3178,175.91586198170262,176.0792970506639,-0.06829823562889414,31.250000000003126,0.08161067176714848,3,True
AMZN,2025-04-04 06:08:00-04:00,175.45,4202,175.8226895853621,176.02208822787625,-0.07404032349926926,33.13253012048497,0.05399827810015018,3,True
AMZN,2025-04-04 06:09:00-04:00,175.37,5701,175.7321516682897,175.9628074798875,-0.045597036192635,30.00000000000267,0.03258990290698682,3,True
AMZN,2025-04-04 06:24:00-04:00,170.1,41339,171.41557579871076,173.052042809546,0.5735233252527561,15.177304964539914,-0.4411671163390283,3,True
AMZN,2025-04-04 06:39:00-04:00,169.5,52519,168.81215233555625,169.7229696266736,0.4920851366573942,48.35965978128827,0.26773262969191247,3,True
AMZN,2025-04-04 06:46:00-04:00,168.88,33254,168.4203379694817,169.04964840954779,0.6376258864191575,53.83022774327182,0.20825325256827876,3,True
AMZN,2025-04-04 07:00:00-04:00,169.31,99386,167.9527984802467,168.26268436188099,1.383233532934125,53.51882160392847,0.14036000057121156,3,True
AMZN,2025-04-04 07:33:00-04:00,164.01,46168,165.17717171539792,166.3140976040575,0.30579169469757694,17.02479338843021,-0.32178221043634514,3,True
AMZN,2025-04-04 07:55:00-04:00,166.98,65240,166.12010747789503,165.92801178607363,0.7420814479637938,66.95205479452076,0.19441701753563476,3,True
AMZN,2025-04-04 08:51:00-04:00,167.66,15956,167.35579183383268,167.3151577963379,0.20320344250537303,56.35172687574462,0.015278875085513885,3,True
AMZN,2025-04-04 09:00:00-04:00,169.0999,31020,168.399307970554,167.9887767673765,0.29650059311980836,68.38333450432134,0.11995132764321942,3,True
AMZN,2025-04-04 09:34:00-04:00,170.28,759205,168.58907528868698,168.44741260876492,0.7213989792997033,60.17582721860748,0.19699435331885298,3,True
AMZN,2025-04-04 10:48:00-04:00,172.3,501079,172.3830119487872,172.9957660006328,0.22686289337445764,39.91366968895154,-0.09461759637406986,3,True
AMZN,2025-04-04 10:51:00-04:00,171.46,635682,171.74794211777908,172.52090608612534,0.80545593509318,35.38681948424136,-0.14270121567897964,3,True
AMZN,2025-04-04 11:01:00-04:00,173.77,497846,172.72900929782708,172.6180817725425,0.5467958917980686,62.301587301587574,0.25979237479500666,3,True
AMZN,2025-04-04 12:10:00-04:00,176.8295,175689,176.45156252833155,176.42033808684275,0.2179149309983197,58.11793839962895,0.06103775532036764,3,True
AMZN,2025-04-04 13:00:00-04:00,175.234,1346069,174.70160802513072,174.5493400231102,0.26836036963924226,82.92562391895264,0.16938994242427954,3,True
AMZN,2025-04-04 13:32:00-04:00,174.78,155313,174.5723378880279,174.55695486146072,0.2868946522836868,62.415810599360974,0.04205200491210379,3,True
AMZN,2025-04-04 15:12:00-04:00,174.2406,168613,173.59821104712915,173.52422221168098,0.2419744563341375,63.55838818238747,0.13111362582196454,3,True
AMZN,2025-04-04 16:00:00-04:00,171.57,10962359,172.1351349498351,173.33980620661643,0.3450695987834873,16.211557026617598,-0.3451847803630024,3,True
GOOGL,2025-04-04 05:00:00-04:00,149.5,3386,149.75422271085185,150.96093497883862,-0.06684491978609097,35.546875000001265,0.6359635284193672,3,True
GOOGL,2025-04-04 05:01:00-04:00,149.45,1752,149.69337816868148,150.82357725348965,-0.033444816053518345,35.27131782945848,0.5987302524353595,3,True
GOOGL,2025-04-04 05:16:00-04:00,149.28,2340,149.29770692470822,149.8594572463457,0.08716057660074217,33.08270676692037,0.34905669971432074,3,True
GOOGL,2025-04-04 05:31:00-04:00,148.93,2765,149.13392791728347,149.41216452798812,-0.046979865771812346,38.40579710145155,0.1286152101439343,3,True
GOOGL,2025-04-04 06:06:00-04:00,148.9,1596,149.12265316265245,149.16905239543706,-0.19438300154165367,38.76404494382239,0.03353703935931676,3,True
GOOGL,2025-04-04 06:09:00-04:00,148.75,2901,149.048122530122,149.1309567231246,-0.1007387508394908,33.6898395721947,0.008757304776008945,3,True
GOOGL,2025-04-04 07:00:00-04:00,146.32,30258,145.39708038568193,145.71595684955597,0.9173046416994124,54.96688741721909,0.08188910976512875,3,True
GOOGL,2025-04-04 07:33:00-04:00,145.43,17359,145.09524650766693,145.2499810462045,0.29655172413793895,46.33333333333447,0.02943708108583029,3,True
GOOGL,2025-04-04 07:35:00-04:00,145.96,5126,145.33775776490683,145.33767028611942,0.29547172404316147,62.33766233766306,0.10721982298878124,3,True
GOOGL,2025-04-04 08:14:00-04:00,146.67,3795,146.2070907581625,146.14827846862582,0.23235153420348986,53.71872887085956,0.004050046414241448,3,True
GOOGL,2025-04-04 08:49:00-04:00,147.05,7294,146.70008008836112,146.66305563618388,0.27275826798500713,46.488764044944716,0.019966028344859166,3,True
GOOGL,2025-04-04 09:27:00-04:00,147.97,35513,147.50320580140715,147.43574517763136,0.32544579293509734,62.08425720620928,0.0224780298062872,3,True
GOOGL,2025-04-04 09:28:00-04:00,148.49,21618,147.70056464112574,147.53158652511942,0.35142258565925566,79.01234567901302,0.07842040189553393,3,True
GOOGL,2025-04-04 09:30:00-04:00,148.465,1455864,147.91096137032048,147.6601128306772,0.27353775496421484,71.03235747303606,0.10392289283738976,3,True
GOOGL,2025-04-04 09:57:00-04:00,150.99,342827,150.17549479325643,149.59994314928477,0.3389154704944275,77.27272727272711,0.10487781976832794,3,True
GOOGL,2025-04-04 11:01:00-04:00,149.13,422129,148.12499495197946,147.86445788317116,0.6275303643724639,73.32635983263647,0.2383580139824663,3,True
GOOGL,2025-04-04 12:38:00-04:00,148.43,106954,148.18139647709418,148.17407722559412,0.020215633423181778,59.84671066638406,0.08434806853730478,3,True
GOOGL,2025-04-04 12:57:00-04:00,148.01,109094,147.95767903694426,148.03938521263368,-0.010133423408220654,32.96089385475054,0.0014567079854308634,3,True
GOOGL,2025-04-04 15:12:00-04:00,147.67,101777,147.19466183126409,147.14803675609406,0.2579944327517181,62.96680497925369,0.0741128982899448,3,True
GOOGL,2025-04-04 16:00:00-04:00,145.91,8816687,146.1136264555879,146.88319920546493,0.2748951962064483,16.903409090910884,-0.19622397667390434,3,True
QQQ,2025-04-07 04:00:00-04:00,402.7,43000,197.43090116447036,170.13927200496812,175.99204989377014,98.95617070357554,16.244356963290194,3,True
QQQ,2025-04-07 06:02:00-04:00,410.39,46783,408.355918078576,408.1330121327773,0.8155845431989661,63.60759493670921,-0.054882120879768403,3,True
QQQ,2025-04-07 06:05:00-04:00,411.04,21234,409.366230056231,408.69455457008064,0.31237797735259587,63.90605686032178,0.19104116217445288,3,True
QQQ,2025-04-07 06:12:00-04:00,412.31,28733,411.04022148148863,410.0172215921339,0.2333779020299076,76.14457831325262,0.1885494551372755,3,True
QQQ,2025-04-07 06:37:00-04:00,415.26,22915,413.5560979721378,412.9068155430501,0.2704399478437258,55.417185554172214,0.08530790938203658,3,True
QQQ,2025-04-07 08:00:00-04:00,413.54,1970737,412.05554961445625,411.91167861041134,0.4005923911724052,63.486842105264145,0.2910424955483644,4,True
QQQ,2025-04-07 08:28:00-04:00,414.0,147929,411.3823492452141,410.9832445259425,0.6686930091185372,77.79661016949107,0.3743618802629457,3,True
QQQ,2025-04-07 08:30:00-04:00,415.61,74323,412.74750351693706,411.7052434098698,0.2363553047295186,84.01084010840123,0.6307007738098083,3,True
QQQ,2025-04-07 09:11:00-04:00,412.7,56862,412.3881398754949,412.7868459826472,0.24289531212047244,34.60875454041776,-0.19099648017311827,3,True
QQQ,2025-04-07 09:31:00-04:00,409.44,920977,409.0890060491364,410.1031634392124,0.34064452885675944,34.713375796178596,-0.1355845647259818,3,True
QQQ,2025-04-07 09:33:00-04:00,408.1888,809638,408.5923238714474,409.6817615200102,0.264989806194893,32.2858988556667,-0.13884190259707352,3,True
QQQ,2025-04-07 09:50:00-04:00,409.75,684750,407.1995939954688,407.0634187993841,0.3502155172413701,63.267394270123006,0.7178588812744926,3,True
QQQ,2025-04-07 10:10:00-04:00,423.73,1354747,417.760024377647,415.30432448198223,1.7139153604263324,73.57077224241937,0.346283494826622,3,True
QQQ,2025-04-07 10:11:00-04:00,427.66,2460881,419.74001950211766,416.4275677108929,0.9274774030632704,76.95429526928169,0.8047958818853429,3,True
QQQ,2025-04-07 10:12:00-04:00,430.64,1293027,421.92001560169416,417.71960700990263,0.6968152270495187,78.77504531818975,1.2186757454905908,3,True
QQQ,2025-04-07 10:13:00-04:00,436.63,1525798,424.86201248135535,419.438733645366,1.3909530001857684,82.54761779137863,1.7721981012711616,3,True
QQQ,2025-04-07 10:15:00-04:00,436.75,1858159,428.6200879880675,422.17374681435206,0.7520358024406537,80.3954336966258,1.894822463150196,3,True
QQQ,2025-04-07 10:16:00-04:00,440.79,1630915,431.05407039045406,423.86613346759276,0.9250143102461417,85.96278633414124,2.0775670616166195,3,True
QQQ,2025-04-07 10:50:00-04:00,424.76,708363,420.84542998512774,420.5435358646878,0.871547650146054,68.71820956256363,0.7513605423422334,3,True
QQQ,2025-04-07 11:16:00-04:00,418.2301,792799,420.8771321142802,422.68858292023964,0.44794831457974915,22.8561087947014,-1.068887491232241,3,True
QQQ,2025-04-07 12:11:00-04:00,417.7,355527,417.5864256999786,418.62184685664175,0.4062402346097338,33.22147651006732,-0.2758700418181719,3,True
QQQ,2025-04-07 12:26:00-04:00,420.7101,209236,418.465475742625,418.1949293064161,0.30280850658019887,69.93496802867068,0.42887909374628364,3,True
QQQ,2025-04-07 13:00:00-04:00,421.53,752337,417.9749755760538,418.1308597982973,1.2028233938346178,72.18875502008045,0.20061118621220847,3,True
QQQ,2025-04-07 13:01:00-04:00,421.36,468168,418.65198046084305,418.4244179984521,-0.04032927668254915,69.27963887902072,0.39578476102470417,3,True
QQQ,2025-04-07 13:12:00-04:00,419.68,229448,418.4530890930348,418.35563611775535,0.43795620437956373,60.72629455279112,0.11920542172427664,3,True
QQQ,2025-04-07 13:29:00-04:00,425.74,368966,423.7452094792471,422.43456575607183,0.4269572806831379,77.70382695507422,0.14074887942502512,3,True
QQQ,2025-04-07 13:46:00-04:00,428.905,546073,426.8583350848001,425.506002759004,0.45789905141115916,74.77203647416448,0.15761641982261243,3,True
QQQ,2025-04-07 14:18:00-04:00,429.56,424840,427.68051284630883,427.4872781146202,0.37855774173949364,55.68917668825191,0.08241071303811243,4,True
QQQ,2025-04-07 15:00:00-04:00,424.89,461574,424.0330821646061,424.92757131579407,0.4112017015242886,36.65521191294425,-0.11359627401263073,3,True
QQQ,2025-04-07 15:18:00-04:00,424.09,522760,422.3990886130773,422.8265521683924,0.3573287898149369,52.683751313325274,0.2364977460118235,3,True
QQQ,2025-04-07 15:33:00-04:00,425.13,325306,422.8997460731341,422.6554521342677,0.2452309651253426,59.88612901207561,0.36220871760509177,3,True
QQQ,2025-04-07 15:55:00-04:00,423.76,505910,422.39186273235356,422.53935630438383,0.24839724633909377,55.19709636821315,0.07710810420151065,3,True
SPY,2025-04-07 06:02:00-04:00,491.98,77792,489.57598939849237,489.36970561319106,0.8176397057316764,61.70212765957519,-0.07419614344133879,3,True
SPY,2025-04-07 06:37:00-04:00,496.5,41328,494.61825984048266,493.95033945914577,0.2584709825935949,58.90585241730294,0.1318289252630045,3,True
SPY,2025-04-07 08:00:00-04:00,495.26,1733692,493.7573183127172,493.71025186041356,0.3627373497882225,59.90415335463304,0.2690928041538722,4,True
SPY,2025-04-07 08:28:00-04:00,495.52,265500,492.71701968500315,492.34757297214196,0.6234135445222888,73.27118310413752,0.39721159522665134,4,True
SPY,2025-04-07 08:30:00-04:00,497.45,176666,494.1728925984021,493.10501898524126,0.31256301673725506,80.08582802181397,0.6804692733951929,3,True
SPY,2025-04-07 10:10:00-04:00,502.3837,1900894,496.2456640467985,494.08529655375116,1.579897688901477,73.1315158213182,0.32667502988206487,3,True
SPY,2025-04-07 10:11:00-04:00,507.84,4000910,498.5645312374388,495.3357241397738,1.0860822116641078,78.25050914817659,0.9114950343691564,3,True
SPY,2025-04-07 10:12:00-04:00,510.6,2102508,500.97162498995107,496.72338558161255,0.5434782608695787,79.52114031955041,1.3874520031045243,3,True
SPY,2025-04-07 10:13:00-04:00,517.22,2300484,504.2212999919609,498.5867141651023,1.296513905209551,83.5554779746394,2.013399177843914,3,True
SPY,2025-04-07 10:15:00-04:00,516.39,2813639,508.18443199485506,501.46083815297703,0.5079995328739928,80.00284454558371,2.106874151118085,3,True
SPY,2025-04-07 10:16:00-04:00,521.23,2827590,510.7935455958841,503.25803468452455,0.9372760897771171,85.29107373868038,2.3022918346966152,3,True
SPY,2025-04-07 10:17:00-04:00,522.99,2574057,513.2328364767072,505.05184971320415,0.3376628359841094,85.89330024813887,2.3749714671247464,3,True
SPY,2025-04-07 10:50:00-04:00,504.25,593094,500.297834635055,499.86974419167507,0.6885559693587284,69.01477832512325,0.8076854368634341,3,True
SPY,2025-04-07 11:16:00-04:00,497.355,1668617,500.16841835982757,502.18953123255847,0.4716981132075526,22.461253758964105,-1.1919771606305685,3,True
SPY,2025-04-07 12:11:00-04:00,497.35,495052,497.34671305615666,498.36872240495336,0.3288146534333958,34.42693096105279,-0.2969690172464805,3,True
SPY,2025-04-07 12:26:00-04:00,500.05,378667,497.7015345596444,497.59183483629886,0.306908449009069,68.14377552258155,0.3916344398238232,3,True
SPY,2025-04-07 13:00:00-04:00,501.16,1524637,497.27591405872585,497.4103904793545,1.105551969012275,73.10642377756521,0.22776915734359238,3,True
SPY,2025-04-07 13:01:00-04:00,500.81,719627,497.98273124698073,497.7194458903223,-0.06983797589592555,69.70715314450345,0.4276772919967397,3,True
SPY,2025-04-07 13:12:00-04:00,498.945,446050,497.7157213939537,497.6226929097999,0.381249371290604,60.102533172497026,0.12077043262528345,3,True
SPY,2025-04-07 13:46:00-04:00,508.81,884520,506.56568240499683,505.1707460975306,0.4600379087031925,72.91362546558032,0.1615435819405755,3,True
SPY,2025-04-07 14:18:00-04:00,509.44,339927,507.64251627065084,507.4175102064928,0.30123447067393894,55.166700826672276,0.07325121323041861,3,True
SPY,2025-04-07 15:00:00-04:00,504.84,1268744,503.996074274562,504.84968866902324,0.323920430834046,36.95391151750262,-0.0846882726412218,3,True
SPY,2025-04-07 15:18:00-04:00,504.19,589775,502.4765680832598,502.89360621568215,0.308371796912299,52.60960334029255,0.2240949904523808,3,True
SPY,2025-04-07 15:32:00-04:00,504.58,636513,502.41903593635277,502.44244398725357,0.3999442863680702,52.40147783251257,0.2471013020839256,3,True
SPY,2025-04-07 15:51:00-04:00,502.22,864045,502.1259198333112,502.5891992805447,0.24451341829758722,30.112474437628237,-0.16159068238870594,3,True
SPY,2025-04-07 15:55:00-04:00,504.18,1397845,502.7451767637243,502.7432397244345,0.18081745385181147,57.80463242698931,0.14713061616309533,3,True
TSLA,2025-04-07 04:37:00-04:00,222.13,78785,220.6974160086919,227.4830783465097,0.27989707010971365,70.94972067039139,6.219831192442037,3,True
TSLA,2025-04-07 04:38:00-04:00,224.23,57804,221.40393280695355,227.18734395137244,0.9453923378201834,74.12935323383111,6.023944222126584,3,True
TSLA,2025-04-07 04:42:00-04:00,225.84,102709,223.29633087772822,226.3208031906102,0.4894544807332979,79.21960072595296,4.879270818829626,3,True
TSLA,2025-04-07 05:22:00-04:00,220.3,26679,221.07452283580076,221.61764950077875,-0.3573205481930408,35.687732342008104,0.10124852366692294,3,True
TSLA,2025-04-07 05:24:00-04:00,220.23,37706,220.7832946149125,221.38342933948658,-0.03631246879397532,26.40332640332703,0.057891022174729856,3,True
TSLA,2025-04-07 05:33:00-04:00,222.17,8553,221.58468640436823,221.51647082219196,0.2391265114600305,62.17054263565922,0.261344179317201,3,True
TSLA,2025-04-07 05:44:00-04:00,223.95,22611,223.0891385797548,222.5841384145914,0.24619516562218724,61.99095022624449,0.16854292650136782,3,True
TSLA,2025-04-07 06:02:00-04:00,227.28,81265,223.8899320109462,223.48347689553768,1.9970381007943239,65.256124721604,0.15089210725978502,4,True
TSLA,2025-04-07 06:07:00-04:00,228.0,61446,225.80566092134686,224.64967488282446,0.43610413638166534,65.11456023651168,0.4265186115210654,3,True
TSLA,2025-04-07 06:22:00-04:00,230.92,52104,228.81050094258404,227.47660750797397,0.5792935232370677,70.26666666666691,0.21349066271794848,3,True
TSLA,2025-04-07 06:37:00-04:00,232.17,45257,229.80638450870438,228.96030337893035,0.7201422931760071,55.83905789990214,0.1400737651133278,3,True
TSLA,2025-04-07 06:45:00-04:00,234.88,47089,232.76586653481593,231.21389850170485,0.5436411112538009,82.00873362445421,0.278553693728143,3,True
TSLA,2025-04-07 07:01:00-04:00,228.09,123153,229.4132845616145,230.30233807734527,0.48017621145375333,32.11845102505727,-0.572517344565574,3,True
TSLA,2025-04-07 08:00:00-04:00,227.13,2299401,225.0818152769753,224.7000491226008,0.8973390786726432,69.69205834684001,0.4383009132583612,3,True
TSLA,2025-04-07 08:26:00-04:00,224.14,41676,223.21670986132952,223.12264142427227,0.37168062334869134,63.533834586466554,0.18963512126755264,3,True
TSLA,2025-04-07 08:28:00-04:00,225.55,87828,223.75269431125093,223.386893739068,0.8495416946121104,64.8335745296676,0.2985111547620518,3,True
TSLA,2025-04-07 08:29:00-04:00,226.85,93600,224.37215544900076,223.7017215809709,0.5763688760806795,69.54887218045147,0.43677089672046226,3,True
TSLA,2025-04-07 08:30:00-04:00,227.75,87970,225.04772435920063,224.06974689179174,0.39673793255454726,76.96897374701703,0.558019945056857,3,True
TSLA,2025-04-07 09:11:00-04:00,224.69,52177,224.97444170346165,225.3496018697171,0.20067784516588638,31.93615644546776,-0.1726149802761768,3,True
TSLA,2025-04-07 09:26:00-04:00,223.11,48660,223.2077300922597,223.86378375353897,0.21110312612289128,31.502890173412126,-0.0856589673694218,3,True
TSLA,2025-04-07 09:28:00-04:00,223.3866,98183,223.11586725904624,223.7002559946603,0.4390989613776375,35.048449202387076,-0.022478961364528982,3,True
TSLA,2025-04-07 09:30:00-04:00,222.6299,2755032,223.12653504578964,223.61036776418206,-0.5183877742526488,34.973939321913605,0.02934778636587798,3,True
TSLA,2025-04-07 09:30:00-04:00,222.6299,2755032,223.02720803663172,223.5212343310746,0.0,36.13971684707341,0.01820474807506356,3,True
TSLA,2025-04-07 09:31:00-04:00,225.4288,1082773,223.5075264293054,223.694649391886,1.2571986062968277,59.47974048231145,0.1942250628410076,3,True
TSLA,2025-04-07 09:32:00-04:00,220.8187,1189926,222.96976114344432,223.43319944716907,-2.0450359492664605,38.74999003118281,0.005060716155498746,3,True
TSLA,2025-04-07 09:34:00-04:00,224.39,876756,223.13171913180435,223.41881772493312,0.9825536313711414,55.09790593709977,0.10912578927872407,3,True
TSLA,2025-04-07 10:10:00-04:00,235.145,1264116,229.56193820336483,227.68162652904346,3.1564392000172026,67.96809295779494,0.1549272916134563,3,True
TSLA,2025-04-07 10:11:00-04:00,238.05,1849260,231.25955056269189,228.62420593549405,1.2354079397818296,70.586914208714,0.5792089949670032,3,True
TSLA,2025-04-07 10:12:00-04:00,242.5299,1321998,233.51362045015352,229.8883599413582,1.8819155639571372,73.7422661193595,1.0825818599055643,3,True
TSLA,2025-04-07 10:13:00-04:00,248.85,1461237,236.58089636012284,231.61214540123473,2.60590549866222,77.42500302407169,1.7241097372256071,3,True
TSLA,2025-04-07 10:50:00-04:00,233.75,564837,230.32645537041566,230.01703350383676,1.4672049311976298,68.67773579752374,0.6699926965983241,3,True
TSLA,2025-04-07 11:15:00-04:00,227.3511,890205,230.1732744104804,231.39689346047908,0.5978318584070719,29.434421912036044,-0.7285286682932911,3,True
TSLA,2025-04-07 11:38:00-04:00,229.98,414867,228.48860448790361,228.40803938242763,0.23972453471645672,70.1137538779733,0.4796095700043992,3,True
TSLA,2025-04-07 12:13:00-04:00,227.18,359623,226.6152667116487,227.1304847539713,0.39330063193248055,46.09298691150654,0.0457686788005911,3,True
TSLA,2025-04-07 12:25:00-04:00,228.54,278342,227.01128673695726,226.91643073364355,0.5035291013434584,58.14819725882106,0.26401185205788463,3,True
TSLA,2025-04-07 12:26:00-04:00,229.68,398088,227.54502938956583,227.1676643033123,0.4988185875558049,69.85335457271374,0.3933801800348938,3,True
TSLA,2025-04-07 13:00:00-04:00,231.9266,1042269,227.85757628895237,227.8530661496591,2.5135254596888146,72.24594363791655,0.21051271673535688,4,True
TSLA,2025-04-07 13:12:00-04:00,229.1092,260372,228.07734002197398,228.00948148235113,0.6852120413096019,58.209986936062904,0.07512829488416228,3,True
TSLA,2025-04-07 13:46:00-04:00,236.0978,492753,234.4372903480663,233.12467276967146,0.4543249797898108,73.42271035077562,0.2580582547302972,3,True
TSLA,2025-04-07 14:18:00-04:00,236.14,319968,234.43765316292553,234.40020394758915,0.5674861322572777,55.63208230513328,0.09931417825160505,3,True
TSLA,2025-04-07 14:40:00-04:00,234.77,250017,233.62063493993392,233.5794367303203,0.36766277628148547,58.07794173287961,0.22908428305491102,3,True
TSLA,2025-04-07 15:32:00-04:00,232.35,326684,230.61416538106712,230.40547518846756,0.6454128042969742,55.814997083152925,0.24639771072774558,3,True
TSLA,2025-04-07 15:58:00-04:00,231.72,396739,230.6525506431646,230.62026049875735,0.22183574812364437,59.345095693780266,0.18863716791704843,3,True
TSLA,2025-04-07 15:59:00-04:00,233.315,1456073,231.1850405145317,230.86523681705214,0.6883307440013864,65.0921695963371,0.3298730334020755,3,True
AAPL,2025-04-07 05:08:00-04:00,180.04,9799,180.39399640498522,180.66905295138963,-0.03886513797125568,30.046948356809736,0.06075969551811211,3,True
AAPL,2025-04-07 05:18:00-04:00,179.83,6308,180.11515307191732,180.34725244421023,-0.06113148827385784,22.404371584701877,0.03366712148549994,3,True
AAPL,2025-04-07 05:22:00-04:00,179.71,6087,179.90884669825738,180.1659746220956,0.033398274422480334,38.095238095239864,0.011713731835160224,3,True
AAPL,2025-04-07 05:23:00-04:00,179.54,9153,179.83507735860593,180.10906783826871,-0.09459685048134325,35.95505617977712,0.0015762308031088135,3,True
AAPL,2025-04-07 06:02:00-04:00,182.5,20422,181.45336634856932,181.38939101871114,0.9458487748216227,58.522727272727835,-0.028202760654325615,3,True
AAPL,2025-04-07 06:07:00-04:00,183.36,14611,182.37550308509924,181.91015555240955,0.21862702229995534,64.02321083172191,0.16615928843110306,3,True
AAPL,2025-04-07 06:12:00-04:00,184.21,17115,183.1479340636567,182.45525343378833,0.3158525295431147,78.03992740471855,0.2065693093416936,3,True
AAPL,2025-04-07 06:15:00-04:00,184.3,16885,183.4989422405923,182.79771106971324,0.37033002940856097,73.91304347826085,0.14507365215057955,3,True
AAPL,2025-04-07 06:37:00-04:00,185.63,13781,184.25099538771528,183.95045743408429,0.7708593453124024,59.92217898832725,0.060422051449743996,3,True
AAPL,2025-04-07 06:42:00-04:00,186.35,20260,185.39714856864657,184.69597390521278,0.23128227194493256,86.74698795180716,0.19561705717417216,3,True
AAPL,2025-04-07 07:13:00-04:00,183.57,41346,183.33662046737052,183.70681830876785,0.3114754098360706,35.779816513762654,-0.03201346301042923,3,True
AAPL,2025-04-07 07:40:00-04:00,181.58,28561,181.3271471163697,181.77079180649324,0.22077491996910226,43.2291666666678,0.014200220014831788,3,True
AAPL,2025-04-07 08:00:00-04:00,183.84,720420,182.20761185200894,181.88360183307518,0.9776996594529352,74.20814479638065,0.23887055413673738,3,True
AAPL,2025-04-07 08:25:00-04:00,181.2,92180,180.67274437468618,180.87104346952847,0.22678245478178205,57.01754385965013,0.06271467411623688,3,True
AAPL,2025-04-07 08:28:00-04:00,182.49,46086,181.1567619198393,181.05288765554354,0.7675317504141521,73.93519086780452,0.20247857362807134,4,True
AAPL,2025-04-07 08:29:00-04:00,183.0,60154,181.52540953587146,181.22989786867592,0.2794673680749593,82.03326964145256,0.28663118762287987,3,True
AAPL,2025-04-07 09:17:00-04:00,183.4,39279,182.80184598065773,182.762735915346,0.3282275711159688,59.360842142667416,0.04256379427309733,4,True
AAPL,2025-04-07 09:29:00-04:00,177.21,168682,179.23923839126013,180.76118989847737,0.256284050985256,17.064379816058448,-0.6095852073525928,3,True
AAPL,2025-04-07 09:50:00-04:00,179.3905,665366,178.0360206125843,177.944806158027,0.5376865355871452,62.10210739793702,0.4829435978560057,3,True
AAPL,2025-04-07 10:10:00-04:00,183.98,921928,181.69010668269343,180.68849280666345,1.5017268203334266,73.75537022997237,0.24657945566973838,3,True
AAPL,2025-04-07 10:11:00-04:00,185.92,1831628,182.53608534615475,181.16408436969405,1.0544624415697257,78.92226507002243,0.43185800611751646,3,True
AAPL,2025-04-07 10:12:00-04:00,186.99,1203976,183.4268682769238,181.69371306335822,0.5755163511187655,80.32025772219077,0.5863943231748586,3,True
AAPL,2025-04-07 10:15:00-04:00,190.22,1153026,186.34735655778502,183.5983719484284,0.7467824797415368,93.2524513877347,0.8920421840102548,3,True
AAPL,2025-04-07 10:53:00-04:00,183.325,235120,182.42574550250467,182.31799984632727,0.3970427163198176,67.13889338950119,0.3288062385975766,3,True
AAPL,2025-04-07 11:16:00-04:00,179.535,780238,180.40135550585484,181.58612114324518,1.0952193254124554,29.615019529122776,-0.4946680758890533,3,True
AAPL,2025-04-07 11:43:00-04:00,179.065,232807,178.59783309702772,178.58102323066123,0.2884346121534431,72.71200671704469,0.282201917367802,3,True
AAPL,2025-04-07 13:00:00-04:00,178.78,762492,178.00980999250578,178.09712415852573,0.6644144144144271,60.464984726779846,0.010629210905091835,3,True
AAPL,2025-04-07 13:46:00-04:00,182.63,393434,181.6941563900755,181.11447408726923,0.3461538461538405,71.69755810532567,0.0887058813750794,3,True
AAPL,2025-04-07 14:18:00-04:00,183.26,1265660,181.19054318641912,181.14996048328373,1.2010934091724712,63.368555875760705,0.14792228328846188,4,True
AAPL,2025-04-07 14:38:00-04:00,181.865,195937,181.1481603034851,181.11813283010412,0.2038623653544125,46.74493062967006,0.10773584995886404,3,True
AAPL,2025-04-07 14:57:00-04:00,180.1682,270182,180.20695212135308,180.62630164623835,0.3554837631593699,26.30759091726246,-0.1354448781300601,3,True
AAPL,2025-04-07 15:00:00-04:00,180.64,473902,180.20739948613283,180.51347982437136,0.3722842696004758,39.825101748983265,-0.024116550921095548,3,True
AAPL,2025-04-07 15:33:00-04:00,180.56,264254,179.43492696080216,179.36582472893895,0.26654820079963226,57.650830661615174,0.18147131829344137,3,True
AAPL,2025-04-07 15:54:00-04:00,180.85,625164,179.87153658636123,179.75357369753402,0.5755915802352352,58.13843913304249,0.08463496412743507,4,True
AAPL,2025-04-07 15:55:00-04:00,181.65,740517,180.227229269089,179.9259760886673,0.4423555432679027,66.76418069222348,0.180216887399834,3,True
MSFT,2025-04-07 05:01:00-04:00,346.25,2947,346.125403489213,345.9036762702614,0.2228783142294688,39.16666666666694,-0.9619870491215039,3,True
MSFT,2025-04-07 06:16:00-04:00,350.71,7232,348.9534454624047,348.0866995823907,0.4928507980171304,66.18876941457609,0.10877195875938217,3,True
MSFT,2025-04-07 06:18:00-04:00,352.2,5266,349.931805095939,348.702231059827,0.3390216802940049,74.31289640591969,0.2827008624099596,3,True
MSFT,2025-04-07 06:39:00-04:00,356.0,10657,353.1250104460608,351.8219694857395,0.37782665087688905,68.07228915662694,0.30432918358554906,3,True
MSFT,2025-04-07 06:44:00-04:00,356.3,5929,354.58298582296527,353.1116680341876,0.3096846846846857,69.9511400651468,0.22247382613719413,3,True
MSFT,2025-04-07 07:09:00-04:00,356.13,5037,354.4403988525789,353.9818576687877,0.32113580664243635,63.022941970310875,0.13290489290350627,3,True
MSFT,2025-04-07 07:13:00-04:00,355.8,5651,355.0063073700164,354.4257480150179,0.22535211267606936,70.59585492228013,0.1254618163031218,3,True
MSFT,2025-04-07 07:39:00-04:00,352.25,3804,352.71712059086514,353.47894160048367,0.2904079947612548,36.34053367217342,-0.3048214719994022,3,True
MSFT,2025-04-07 08:00:00-04:00,354.0,198994,352.7781280089685,352.75826161938517,0.32876091146130104,63.85185185185172,0.2418900034381809,4,True
MSFT,2025-04-07 08:24:00-04:00,353.5,8190,352.5907472725158,352.3200675112053,0.272195754018556,69.19347358657649,0.14024587839306651,3,True
MSFT,2025-04-07 08:28:00-04:00,356.0,11362,353.5525723228225,352.8843914426646,0.8898713370741884,72.2438567520272,0.2918580041878065,3,True
MSFT,2025-04-07 08:32:00-04:00,356.86,11084,355.30297362342816,354.0348251093946,0.43058565277349636,66.15403561131816,0.42971093522333526,3,True
MSFT,2025-04-07 08:49:00-04:00,356.86,14930,354.8869614176912,354.8800862809008,0.8078811277172138,49.65585054080661,-0.1691344885212181,3,True
MSFT,2025-04-07 09:11:00-04:00,353.54,7469,353.799992702831,354.45803681857694,0.2836557553752783,31.64179104477651,-0.2963311031918472,3,True
MSFT,2025-04-07 09:28:00-04:00,349.7,16685,350.3834207400353,351.7285881478728,0.44521039781704186,31.549815498155397,-0.29985177825701026,3,True
MSFT,2025-04-07 09:30:00-04:00,352.89,2078487,350.9497892736226,351.75660177510144,0.5986487642178906,51.68867931905459,0.07406688339572454,3,True
MSFT,2025-04-07 10:10:00-04:00,357.46,304976,352.84138423073756,351.71138394390977,1.4790631653655018,70.98426637394797,0.32585854810321935,3,True
MSFT,2025-04-07 10:11:00-04:00,361.55,543066,354.58310738459005,352.6058035853725,1.1441839646394003,77.64937993235624,0.7791353712401867,3,True
MSFT,2025-04-07 10:50:00-04:00,359.4,130513,356.86684258735437,356.628428414719,0.7286995515694894,65.45789111726566,0.4179453822946907,3,True
MSFT,2025-04-07 11:16:00-04:00,353.5501,218834,355.7824165669555,357.2415621582544,0.3833333333333355,23.81302208345751,-0.7821245310695468,3,True
MSFT,2025-04-07 12:26:00-04:00,356.39,45649,355.0133992617732,354.8477586947108,0.20919678556765575,69.37086092715234,0.2648668404473135,3,True
MSFT,2025-04-07 13:00:00-04:00,356.11,372096,353.72873170725916,353.88330179245094,1.018381935776702,71.8111346018326,0.15089594302937126,3,True
MSFT,2025-04-07 13:01:00-04:00,355.965,104127,354.1759853658073,354.07254708404633,-0.04071775574964187,68.29268292682917,0.2803691553481393,3,True
MSFT,2025-04-07 13:05:00-04:00,354.685,45506,354.1014996058347,354.05198455299933,0.30968070363981415,56.27836611195181,0.1432584551593395,3,True
MSFT,2025-04-07 13:46:00-04:00,360.26,173558,359.2849437659674,358.67535383430373,0.3873268871736224,66.83133090670258,0.00538321460817337,3,True
MSFT,2025-04-07 14:18:00-04:00,360.93,74639,359.5399943257039,359.3694394981501,0.2555484569873201,57.45073891625627,0.11465824872128531,3,True
MSFT,2025-04-07 15:00:00-04:00,358.4336,161828,357.8951313171143,358.40889848247065,0.32990441001525816,35.920193126953635,-0.07772434809736506,3,True
MSFT,2025-04-07 15:17:00-04:00,356.7875,60834,356.32867585155196,356.8377393621044,0.20431949671404492,38.88048411497833,0.04835241092750742,3,True
MSFT,2025-04-07 15:18:00-04:00,357.83,103641,356.6289406812416,356.9279448746404,0.2921907297761095,51.38141618947151,0.16369074008388285,3,True
MSFT,2025-04-07 15:33:00-04:00,358.08,64393,356.6317599365597,356.56254471265817,0.20568358309196455,57.03761927393733,0.23291921963280443,3,True
MSFT,2025-04-07 15:54:00-04:00,357.04,187459,356.1753223806707,356.3410553976592,0.3767219567051061,53.28895849647664,0.028380194529946945,3,True
MSFT,2025-04-07 15:55:00-04:00,357.865,276919,356.51325790453654,356.4795958160538,0.2310665471655815,61.04693140794275,0.140690360702981,4,True
NVDA,2025-04-07 04:35:00-04:00,89.5,110527,89.1111257026925,97.4559101050911,0.2127421341395097,62.81250000000048,6.405024789725932,3,True
NVDA,2025-04-07 04:42:00-04:00,90.47,276413,89.74957457296532,93.75731414379803,0.6900389538119223,78.43137254902004,4.206605378933242,3,True
NVDA,2025-04-07 05:06:00-04:00,89.3,92700,89.74188693415985,90.21390833285804,-0.423728813559332,30.158730158731814,0.6326417988458095,3,True
NVDA,2025-04-07 05:15:00-04:00,89.1,80646,89.33590748593585,89.68244922196538,-0.24630541871920597,20.83333333333576,0.2985997414431827,3,True
NVDA,2025-04-07 05:22:00-04:00,88.72,94078,88.88107197759456,89.24624340493823,0.11284134506883703,22.033898305088798,0.14664510413696508,3,True
NVDA,2025-04-07 05:23:00-04:00,88.93,26839,88.89085758207565,89.21749400448928,0.23669972948603402,35.074626865674915,0.1564677698873992,3,True
NVDA,2025-04-07 05:24:00-04:00,88.9,91391,88.89268606566053,89.18863091317206,-0.03373439784100096,31.297709923667526,0.15984145781173997,3,True
NVDA,2025-04-07 05:33:00-04:00,89.54,28646,89.28699049779024,89.26116136068772,0.21264689423616812,71.0659898477166,0.1703537839981656,3,True
NVDA,2025-04-07 06:02:00-04:00,90.97,250442,89.99007154767614,89.86763887920773,1.4384478144513713,66.15969581749114,0.05495124403067264,4,True
NVDA,2025-04-07 06:03:00-04:00,91.23,213085,90.23805723814093,89.99148989018884,0.2858085082994455,72.20216606498262,0.12036448337551961,3,True
NVDA,2025-04-07 06:07:00-04:00,91.75,132115,90.96878824474254,90.45024580984143,0.2841840638321269,77.16763005780393,0.1977287040417962,3,True
NVDA,2025-04-07 06:22:00-04:00,92.21,135372,91.65127315172458,91.3021235096856,0.545196816050586,65.43778801843428,0.016494636587694678,3,True
NVDA,2025-04-07 06:36:00-04:00,92.57,105855,92.06174954588631,91.81863628103022,0.5103148751357311,55.20231213872902,0.01108196912099374,3,True
NVDA,2025-04-07 06:39:00-04:00,93.33,125254,92.53697576749379,92.11567714577777,0.527789745799212,68.04407713498664,0.09853269798390174,3,True
NVDA,2025-04-07 07:01:00-04:00,91.16,211538,91.4717010812628,91.91990045054544,0.6181015452538574,37.35849056603834,-0.21721061237142447,3,True
NVDA,2025-04-07 07:03:00-04:00,91.1,237996,91.28988869200819,91.75281028970697,0.330396475770911,35.85271317829512,-0.170342497196682,3,True
NVDA,2025-04-07 07:46:00-04:00,89.44,169561,89.59622349838604,90.08246061638506,0.573484763296972,24.242424242425884,-0.08826310904384477,3,True
NVDA,2025-04-07 08:00:00-04:00,91.4452,6296105,89.81708243436131,89.70533888629815,2.1962449709432175,74.78493028774903,0.2406888382145807,4,True
NVDA,2025-04-07 08:01:00-04:00,86.9,692378,89.23366594748904,89.45030807845286,-4.970408506952795,35.884418295692186,0.015740474031167517,3,True
NVDA,2025-04-07 08:02:00-04:00,89.9018,3222096,89.36729275799124,89.49135279859351,3.4543153049481967,54.09165155893834,0.06811964001230297,3,True
NVDA,2025-04-07 08:27:00-04:00,89.08,227789,88.74235984166205,88.75784703573385,0.2588632526730583,61.320754716982165,0.10297294298482126,3,True
NVDA,2025-04-07 08:28:00-04:00,89.5,325317,88.89388787332965,88.82531548703076,0.47148630444544537,63.39285714285789,0.13824661929120416,4,True
NVDA,2025-04-07 08:30:00-04:00,89.98,487316,89.23688823893099,89.00092189010806,0.3345227475468393,86.36363636363686,0.1951842669836688,3,True
NVDA,2025-04-07 08:49:00-04:00,89.74,385985,89.38149888100006,89.3595494717439,0.5715566513504244,48.95811627422476,-0.02594792622551262,3,True
NVDA,2025-04-07 08:53:00-04:00,90.33,198285,89.77330194165764,89.56811862013788,0.3555160537717983,63.66912061628365,0.07502017953461719,3,True
NVDA,2025-04-07 09:26:00-04:00,88.09,273226,88.75519065270908,89.22241463334134,0.50199657729606,22.30213625512779,-0.18675444982196893,3,True
NVDA,2025-04-07 09:30:00-04:00,88.1602,16959102,88.16191009134964,88.74763831250688,0.7775491540923607,31.441144655326042,-0.14814453343473066,3,True
NVDA,2025-04-07 09:48:00-04:00,89.4,3564261,88.17137799105578,88.11474008031979,0.6530060797117931,59.84350495512069,0.22335208181221505,3,True
NVDA,2025-04-07 10:10:00-04:00,96.5154,4560657,94.3184796073152,93.05858498977395,2.5668437832093494,72.10491847703375,0.07024657644529042,3,True
NVDA,2025-04-07 10:11:00-04:00,97.38,4560398,94.93078368585216,93.4514408997945,0.895815590050919,72.61390089790505,0.19118943010904954,3,True
NVDA,2025-04-07 10:13:00-04:00,101.37,5235889,96.74666155894538,94.5663147932186,3.1955289063533954,80.09427121102256,0.5382598097495754,3,True
NVDA,2025-04-07 10:15:00-04:00,99.81,4983444,97.75346339772506,95.42678908530462,0.6047777441790192,69.6074913892079,0.48530250503081507,3,True
NVDA,2025-04-07 10:48:00-04:00,95.21,1675163,94.25912863389544,94.16156784057279,0.7353330159233895,60.764741468275496,0.25360591954265604,3,True
NVDA,2025-04-07 11:01:00-04:00,97.76,3217835,96.84787826148201,96.06603764702139,0.6278950077200252,71.6189207195205,0.14784353481411572,3,True
NVDA,2025-04-07 13:00:00-04:00,96.76,2973483,95.64417614473557,95.66460062760822,1.6813787305590688,66.09336609336674,0.04682481870481578,3,True
NVDA,2025-04-07 13:12:00-04:00,96.21,768913,95.6853212776132,95.66339709874397,0.74989083072321,60.776730319877885,0.03830602712701778,3,True
NVDA,2025-04-07 13:29:00-04:00,98.2329,1765822,97.51202325074696,97.03508879403346,0.4940153452685392,75.66229369445696,0.07196622027474403,3,True
NVDA,2025-04-07 13:46:00-04:00,99.25,1604219,98.62345712645217,98.13156111419096,0.5776246453181866,71.86706981264568,0.06039629569843147,3,True
NVDA,2025-04-07 14:18:00-04:00,99.41,1152614,98.81714598643035,98.73726739651,0.43950492548623377,54.17661097852084,0.04192887836986953,3,True
NVDA,2025-04-07 14:46:00-04:00,98.68,597827,98.4597996524285,98.45946899244872,0.4887983706721055,62.91486291486366,0.02012434883215529,3,True
NVDA,2025-04-07 15:00:00-04:00,97.785,1309198,97.48929267066038,97.79021632576413,0.6225560814982378,36.672027638790496,-0.04617675904478735,3,True
NVDA,2025-04-07 15:18:00-04:00,97.7601,1117682,97.1007917751601,97.15384057537443,0.5038552482779846,58.82352941176534,0.11924735566513056,3,True
NVDA,2025-04-07 15:32:00-04:00,97.665,876630,97.1733623104196,97.16068833801332,0.4887334087869233,48.16061274225503,0.050417672001552824,3,True
NVDA,2025-04-07 15:33:00-04:00,97.98,1163944,97.3346898483357,97.23517121637573,0.3225311012133192,58.05299196189438,0.09461385178498907,3,True
NVDA,2025-04-07 15:59:00-04:00,97.71,3816778,97.33075604325404,97.29022373203443,0.21538461538461728,55.828892272554754,0.06355242359057825,4,True
META,2025-04-07 06:03:00-04:00,489.82,1813,486.5814465235524,485.7159471886914,0.2558487013119892,66.92357096981375,0.053867172372514815,3,True
META,2025-04-07 06:12:00-04:00,493.0,2499,490.863422155181,488.8182659223208,0.2521555230193595,78.7301587301588,0.3565162099316401,3,True
META,2025-04-07 06:39:00-04:00,497.0,3062,493.7534664708015,492.40613450998393,0.40404040404040664,67.88008565310503,0.2083780605203751,3,True
META,2025-04-07 07:02:00-04:00,493.0,6784,493.31085201672835,493.75268606386976,0.20325203252031798,34.431916738942206,-0.5523063203915668,3,True
META,2025-04-07 07:51:00-04:00,486.4,5858,487.0669789329264,488.40328013232966,0.2349256068911565,34.32343234323446,-0.21288397145842097,3,True
META,2025-04-07 07:55:00-04:00,487.0,7328,486.8091945709267,487.831077202602,0.10277492291881352,28.693181818182282,0.035616146980245844,3,True
META,2025-04-07 08:00:00-04:00,492.8299,52443,488.3415368770014,488.20715354862864,1.197104722792619,69.83846643924555,0.5826175177908198,4,True
META,2025-04-07 08:24:00-04:00,488.18,10861,486.1004406671662,485.6628194358433,0.543724512913446,63.44778254649509,0.398766454815469,3,True
META,2025-04-07 08:28:00-04:00,490.35,14002,487.41514049727135,486.462123103506,0.6899525657610983,69.96264103478714,0.4990567206690856,3,True
META,2025-04-07 08:30:00-04:00,492.66,9703,488.9480899182537,487.35431661446773,0.45265475899192165,70.49784880147521,0.7332711472390092,3,True
META,2025-04-07 08:52:00-04:00,496.0,9932,492.9300045981074,491.57096173525804,0.24860035976312922,66.9362350749431,0.2987335141659886,3,True
META,2025-04-07 09:29:00-04:00,486.0,11053,485.9356828366455,487.86250139123496,0.7838745800671898,35.92619697694742,-0.5481671315553507,3,True
META,2025-04-07 10:00:00-04:00,500.7,290343,496.49257064304686,492.9152420514949,0.5421686746987842,97.37605102928393,0.9983871987128969,3,True
META,2025-04-07 10:10:00-04:00,512.0,253927,502.0887116653163,498.2173648396753,2.2139909792160184,81.12234763759487,0.7262920208634602,3,True
META,2025-04-07 10:11:00-04:00,515.43,258281,504.75696933225305,499.7821498542503,0.6699218749999902,84.48705321321415,1.277784821918015,3,True
META,2025-04-07 10:12:00-04:00,521.17,298942,508.03957546580244,501.72649986750025,1.1136332770696367,87.20765414599578,1.891335845459147,3,True
META,2025-04-07 10:13:00-04:00,529.9,305966,512.411660372642,504.28772715227296,1.67507723007847,89.81666858052955,2.6981244799334547,3,True
META,2025-04-07 10:15:00-04:00,529.67,287009,517.684662638491,508.20737781179577,1.1216220086102346,82.80648251737892,2.777803159194854,3,True
META,2025-04-07 10:50:00-04:00,515.435,96211,509.6319300606733,508.8694256620809,1.1867135200926526,64.74642608786627,0.8849816749072292,3,True
META,2025-04-07 11:16:00-04:00,503.995,170139,508.5205253686595,511.6399029740582,0.4194146127637577,19.8242087691211,-1.7456236981611042,3,True
META,2025-04-07 11:36:00-04:00,510.97,72473,507.5105079358191,507.1515849709923,0.41662572467329184,67.34368125979995,0.980130842827039,3,True
META,2025-04-07 11:38:00-04:00,513.165,109528,509.1901250789242,508.0113512156961,0.4354718753669662,78.69476327514735,1.1830816262153632,3,True
META,2025-04-07 13:00:00-04:00,516.39,171303,510.3363153495007,510.245955112283,1.6796568028532244,70.69654581787064,0.2526302089300314,4,True
META,2025-04-07 13:12:00-04:00,512.14,41218,510.41401393051535,510.3601111599575,0.508291629869495,59.48695267580723,0.08076860555281618,3,True
META,2025-04-07 13:29:00-04:00,520.16,78162,517.4816712892443,515.6833108111318,0.3637065264579631,77.61962447001915,0.2496133998049621,3,True
META,2025-04-07 13:46:00-04:00,524.34,107807,520.8507362632463,519.2074841909584,0.7019599181847136,77.35271614384077,0.2226907868055974,3,True
META,2025-04-07 15:00:00-04:00,518.9799,110466,517.4192773974568,518.425144013264,0.4548516346321474,39.870728504107674,-0.08919567848082333,3,True
META,2025-04-07 15:33:00-04:00,519.285,59938,516.3535336432208,516.0868261780458,0.27323459555486096,56.532399299474875,0.4257502123066047,3,True
META,2025-04-07 15:35:00-04:00,519.98,107571,517.4526615316613,516.6558894033437,0.248703464497102,61.86384666226084,0.6098939440271134,3,True
META,2025-04-07 15:59:00-04:00,516.54,340949,515.400372753658,515.3593416572148,0.03360016577371727,56.524153248195596,0.32611067394156734,3,True
AMZN,2025-04-07 04:21:00-04:00,164.28,16179,166.21426925447824,206.60426202661884,0.38496791934006236,64.46280991735611,12.544043400287748,3,True
AMZN,2025-04-07 05:09:00-04:00,163.6,7123,163.82773286483368,164.57281559285596,0.06116207951070152,30.973451327435455,0.6893066100824736,3,True
AMZN,2025-04-07 06:02:00-04:00,165.48,10250,164.639288891604,164.56948216044484,0.9024390243902447,55.656108597285694,-0.01618641316763425,3,True
AMZN,2025-04-07 06:05:00-04:00,165.74,5544,165.10123591250124,164.82082806945516,0.23586332022982326,61.74334140435912,0.09603372046155453,3,True
AMZN,2025-04-07 06:07:00-04:00,166.32,17977,165.43919098400082,165.02894881773153,0.3802281368821214,65.84821428571482,0.1456509291192326,3,True
AMZN,2025-04-07 06:38:00-04:00,169.02,19280,167.63375547056148,167.16174100933452,0.5173951828724377,61.43790849673255,0.10388356162337425,3,True
AMZN,2025-04-07 07:47:00-04:00,165.91,6427,165.79281721101023,166.05335540837518,0.2477341389728105,36.62420382165721,0.011586249845205787,3,True
AMZN,2025-04-07 07:55:00-04:00,165.97,13400,165.62153430717638,165.7892436390705,0.24764435854069955,49.35622317596689,0.05408100347017486,3,True
AMZN,2025-04-07 07:58:00-04:00,166.33,14988,165.94102556527434,165.90854518337375,0.012025735073062371,60.8163265306131,0.135079845636991,3,True
AMZN,2025-04-07 08:00:00-04:00,166.92,231581,166.2022563617756,166.03697949039153,0.3426510369702429,75.91240875912455,0.1753726447656642,3,True
AMZN,2025-04-07 08:24:00-04:00,166.2,20426,165.57608388462754,165.59534022754553,0.44116758324770355,62.17146674202946,0.059481644692051,3,True
AMZN,2025-04-07 08:28:00-04:00,167.25,25537,166.1576849191435,165.885311951059,0.6438801299795349,71.96756952622533,0.17820100220809537,3,True
AMZN,2025-04-07 08:29:00-04:00,167.6467,23151,166.4554879353148,166.04543813732636,0.237189835575502,71.36246905582692,0.2346660242939697,3,True
AMZN,2025-04-07 08:30:00-04:00,167.991,24477,166.76259034825188,166.22230739756944,0.20537236939348613,71.97391658742035,0.2791980739071032,3,True
AMZN,2025-04-07 08:49:00-04:00,167.7,22076,167.0080842297015,166.95629715239474,0.5516248950713454,50.000000000000746,-0.07538060555187376,3,True
AMZN,2025-04-07 08:50:00-04:00,168.11,21286,167.22846738376123,167.06117922944975,0.24448419797258314,53.995157384988595,0.0022566448237602565,3,True
AMZN,2025-04-07 09:30:00-04:00,163.39,4762020,163.99725155189725,165.27274880021747,1.113867743135244,28.920535320359278,-0.44029851335820547,3,True
AMZN,2025-04-07 09:31:00-04:00,164.6868,835133,164.03800099321424,165.0638816530723,0.7936838239794408,39.33350544296768,-0.18974442647958156,3,True
AMZN,2025-04-07 10:12:00-04:00,177.9,862321,173.89344217053846,171.81997740669317,1.2520766920451454,79.90049841743397,0.5241762107822361,3,True
AMZN,2025-04-07 10:13:00-04:00,180.92,749787,175.29875373643077,172.64725218790286,1.6975829117481522,85.17366772969325,0.7921446100361713,3,True
AMZN,2025-04-07 10:50:00-04:00,175.34,292345,173.83490205267688,173.6481858830588,0.7990801954584681,68.02228412256302,0.2961025793100747,3,True
AMZN,2025-04-07 11:16:00-04:00,171.49,462210,172.85452046152975,173.8940565053562,0.6633012444235753,21.861278890944945,-0.5302543815533016,3,True
AMZN,2025-04-07 11:34:00-04:00,171.82,128171,171.51280354360347,171.88613620096635,0.21574790565885849,39.785912730839165,0.17358574992186548,3,True
AMZN,2025-04-07 12:11:00-04:00,171.42,158435,171.37985663631318,171.90737755474038,0.4571026722925531,25.83223383741104,-0.1304948669445648,3,True
AMZN,2025-04-07 12:24:00-04:00,172.67,204827,171.91660891704512,171.8329561555746,0.2904106406458773,74.99015166436892,0.1672465070333836,4,True
AMZN,2025-04-07 13:00:00-04:00,172.85,486527,171.61307571644525,171.76908439174173,1.0877829112813542,64.24404029354193,0.04002908100914537,3,True
AMZN,2025-04-07 13:12:00-04:00,172.85,150748,171.963129778787,171.84576983610745,0.590682922571073,64.37525272947877,0.12072276181792602,3,True
AMZN,2025-04-07 13:46:00-04:00,176.27,241736,175.4374312183449,174.93181330035293,0.5246649558026784,76.14457831325367,0.05055264376326818,3,True
AMZN,2025-04-07 15:00:00-04:00,175.55,221310,175.1731094299141,175.47704488194094,0.40034315127253084,39.33115035697147,-0.05487936414016198,3,True
AMZN,2025-04-07 15:33:00-04:00,175.7206,162270,174.76156914019947,174.6345417830368,0.23993154592125698,60.802675585284994,0.15988782947403016,3,True
AMZN,2025-04-07 15:55:00-04:00,175.28,580376,174.3314257306608,174.40867562711392,0.4412354592860046,59.12571225071271,0.0640942243113729,3,True
AMZN,2025-04-07 15:56:00-04:00,175.07,438486,174.47914058452866,174.468796024649,-0.11980830670926812,58.21863767861895,0.10599315364557713,3,True
AMZN,2025-04-07 15:58:00-04:00,175.48,602861,174.77384997409837,174.61040993772644,0.23419203747072626,70.69021162801451,0.16273517991983183,3,True
AMZN,2025-04-07 16:00:00-04:00,175.89,9082222,175.105263983423,174.7961239154764,0.25078369905955356,70.40793123834673,0.20165516235518927,3,True
GOOGL,2025-04-07 04:56:00-04:00,140.0,3002,140.31638722464965,140.55326937906082,-0.12128130127700976,31.71806167401033,0.1689851404130822,3,True
GOOGL,2025-04-07 04:58:00-04:00,139.86,3245,140.1744878237758,140.44452014798412,-0.09999999999998899,25.742574257427535,0.11748877806993119,3,True
GOOGL,2025-04-07 05:05:00-04:00,139.7,3960,139.9035329088607,140.1487755754717,-0.13582100221603,27.485380116960528,0.07319504899045476,3,True
GOOGL,2025-04-07 05:06:00-04:00,139.7,6213,139.86282632708856,140.10797779588336,0.0,29.37500000000128,0.0662349487218864,3,True
GOOGL,2025-04-07 05:07:00-04:00,139.47,7869,139.78426106167086,140.0499798144394,-0.16463851109519423,15.000000000002132,0.04794680075309682,3,True
GOOGL,2025-04-07 05:21:00-04:00,139.0,6817,139.28356190942023,139.5578386797311,-0.10061808250682036,30.55555555555756,0.0005735854312931554,3,True
GOOGL,2025-04-07 05:26:00-04:00,139.22,1921,139.09320556647884,139.34043991017197,0.2087382134887905,38.95348837209499,0.02413891433118398,3,True
GOOGL,2025-04-07 05:27:00-04:00,139.31,4076,139.13656445318307,139.33767264561087,0.06464588421204454,38.95348837209499,0.04849081924130172,3,True
GOOGL,2025-04-07 05:28:00-04:00,139.21,4444,139.15125156254646,139.3260660414644,-0.07178235589692106,31.95266272189589,0.05786851585424424,3,True
GOOGL,2025-04-07 08:00:00-04:00,142.55,85969,142.1450363831742,142.14213054930593,0.5147369905514232,55.47445255474564,0.046559098586212114,4,True
GOOGL,2025-04-07 08:28:00-04:00,142.77,15690,141.98074810248644,141.84716080784028,0.6272906681702883,73.18181818181952,0.10727108554340001,3,True
GOOGL,2025-04-07 08:55:00-04:00,144.7091,40643,144.00304061842638,143.58831932296468,0.43663242642975053,81.32082520443407,0.06206857832729812,3,True
GOOGL,2025-04-07 09:29:00-04:00,141.72,27039,141.7113816946879,142.30804290912516,0.5748350010644998,32.545015486377935,-0.14402632180392955,3,True
GOOGL,2025-04-07 10:00:00-04:00,145.17,522429,143.91947098024022,143.1491777243759,0.6308054900873383,97.43589743589737,0.2665287395660444,3,True
GOOGL,2025-04-07 10:10:00-04:00,147.39,526310,145.38699946317587,144.5157768802124,1.7324682495858612,75.87161040398463,0.13606555720810487,3,True
GOOGL,2025-04-07 10:11:00-04:00,148.62,714096,146.0335995705407,144.88888807292034,0.8345206594748689,78.49037987173179,0.2790356742042427,3,True
GOOGL,2025-04-07 10:12:00-04:00,149.26,458898,146.67887965643257,145.28626188447302,0.43062844839185654,79.23315075017875,0.3874482014753351,3,True
GOOGL,2025-04-07 10:48:00-04:00,146.495,150560,145.9940137411171,145.94293230731842,0.4353489647607178,57.989088074825055,0.19111952783015979,3,True
GOOGL,2025-04-07 11:16:00-04:00,144.78,470621,145.81099790764398,146.62158866661318,0.7526875734176652,24.77947571126893,-0.4562019217188118,3,True
GOOGL,2025-04-07 11:34:00-04:00,145.02,137188,144.6211076328053,144.99102285324398,0.32514700795571727,35.93842510361253,0.10888313277979567,3,True
GOOGL,2025-04-07 13:00:00-04:00,146.33,484384,145.14765855100214,145.1583983124742,1.0985214868039161,73.59882005899713,0.0744184991389342,3,True
GOOGL,2025-04-07 13:01:00-04:00,146.21,231530,145.36012684080174,145.25399846588562,-0.08200642383653367,69.33534743202421,0.1320624429109713,3,True
GOOGL,2025-04-07 13:46:00-04:00,148.3,289118,147.71183871332354,147.38291088392555,0.45383729594257183,70.35256410256497,0.024263276406056855,3,True
GOOGL,2025-04-07 13:50:00-04:00,148.725,197048,148.12271313697735,147.6962423221949,0.246023186842792,67.04067321178192,0.06487860824680941,3,True
GOOGL,2025-04-07 14:18:00-04:00,148.649,74549,148.05277504846285,148.01432513666248,0.34359389766438486,54.61558241193195,0.022909901775943917,3,True
GOOGL,2025-04-07 15:17:00-04:00,146.35,79811,146.1830107133212,146.46435550104883,0.23286076296145097,36.01230916793327,0.006021600655678527,3,True
GOOGL,2025-04-07 15:33:00-04:00,147.13,102003,146.42700261920038,146.38117485412275,0.22820940767738218,57.73195876288716,0.11364892007365873,3,True
QQQ,2025-04-08 07:17:00-04:00,430.51,50925,429.76293602868293,429.66196110011924,0.15354193323251497,56.60847880299281,0.007826326949641138,3,True
QQQ,2025-04-08 07:37:00-04:00,433.37,59326,431.5796908962236,430.92863250254214,0.3612700030105831,86.82682154171158,0.21584666267581998,3,True
QQQ,2025-04-08 08:58:00-04:00,434.38,33756,433.81734384087804,433.8012538752342,0.15217190814349468,61.45552560647014,0.10125737281655908,3,True
QQQ,2025-04-08 09:08:00-04:00,435.87,65266,434.7098612741421,434.350563141942,0.3499481984574615,75.72115384615492,0.1485509572108029,3,True
QQQ,2025-04-08 09:25:00-04:00,438.13,190426,437.33963721631426,436.6558340497368,0.24940508877906442,66.25514403292217,0.0009037198625351239,3,True
QQQ,2025-04-08 11:19:00-04:00,435.85,356913,435.6599416017032,436.65565349479726,0.25186599349058536,30.512432574662057,-0.0565099685086734,3,True
QQQ,2025-04-08 11:38:00-04:00,436.74,419572,435.7082925787032,435.6883029833215,0.2064977973568416,69.93865030674851,0.2786262136744107,4,True
QQQ,2025-04-08 12:31:00-04:00,431.0,495034,431.9608989408559,432.6022307152414,-0.4204981285522824,37.775891341256845,0.07761288968557956,3,True
QQQ,2025-04-08 12:48:00-04:00,428.72,703774,428.1432749949375,429.12261591186245,0.27130695107120406,39.811542991755715,0.1323762812279905,4,True
QQQ,2025-04-08 13:35:00-04:00,424.5299,464575,423.49587148205757,424.05489736297704,0.45429592295496146,46.53576952316093,0.09094078346523937,3,True
QQQ,2025-04-08 13:38:00-04:00,425.045,354205,423.8692861988136,424.09003934107966,0.2819393653415103,52.2843154949919,0.24126490570558445,3,True
QQQ,2025-04-08 13:40:00-04:00,426.15,228046,424.52394316724076,424.36160276122285,0.24464256310130494,59.359942700872665,0.39206297125506806,3,True
QQQ,2025-04-08 14:17:00-04:00,425.08,164744,424.4023536666363,424.7517068509637,0.04000847238236904,35.47237076648885,0.011824501882109872,3,True
QQQ,2025-04-08 14:46:00-04:00,422.84,297023,422.20269874249016,422.7931223088677,0.2061757944877396,38.671209540034106,-0.0052146380886232135,3,True
QQQ,2025-04-08 15:20:00-04:00,415.62,403635,415.658046260707,417.21370058182856,0.22909783683411344,32.66157053509416,-0.09255525525949837,3,True
QQQ,2025-04-08 15:50:00-04:00,412.98,709371,411.6302373309926,412.7699242560369,0.7292860801483059,49.11828673315463,0.05395535198027823,3,True
QQQ,2025-04-08 15:54:00-04:00,415.92,683032,413.4282572107747,413.33737193910036,0.42253181060916134,62.5845964539406,0.6157916170728752,4,True
QQQ,2025-04-08 15:59:00-04:00,416.24,1197305,414.78394092282673,414.1023454303919,0.20703933747412417,73.39226885514361,0.5646611496237774,3,True
SPY,2025-04-08 06:22:00-04:00,510.65,17124,510.59215099084736,510.7369693821105,0.021545814235901517,38.00904977375647,0.029716885085152855,3,True
SPY,2025-04-08 06:28:00-04:00,511.3,24213,510.88232898934484,510.82959219700047,0.04891889247626846,67.23404255319258,0.09967460682831267,3,True
SPY,2025-04-08 07:37:00-04:00,516.57,70735,514.6313030985957,513.7726707259814,0.25813213259839873,88.45265588914374,0.27438193492796215,3,True
SPY,2025-04-08 08:01:00-04:00,517.39,99647,515.9781193662305,515.9646564398537,1.6403426056891268,53.87541607227778,-0.32049421016917845,3,True
SPY,2025-04-08 09:01:00-04:00,517.3,58414,516.9564625876305,516.9195069785968,0.07157642233959205,52.568493150685136,0.08452075593608632,3,True
SPY,2025-04-08 09:08:00-04:00,519.1,91922,517.8644418641377,517.447610116726,0.2704268881591698,82.73343766301475,0.19065094720521664,3,True
SPY,2025-04-08 09:52:00-04:00,521.425,378972,520.118706615791,520.0167741135415,0.2528311318759302,65.22442103632571,0.08884897390625963,3,True
SPY,2025-04-08 11:19:00-04:00,516.04,584410,515.7482320253206,516.9577949272136,0.2535285146725963,32.40461082324201,-0.05682547685450334,3,True
SPY,2025-04-08 11:21:00-04:00,516.725,458326,516.0815324962052,516.9079214274492,0.022183060968195,39.94020799682688,0.16308960163547193,3,True
SPY,2025-04-08 12:48:00-04:00,509.61,1511466,509.1467520792407,510.19378713642817,0.22223096286972943,37.794478200618805,0.09134710393066503,4,True
SPY,2025-04-08 13:35:00-04:00,504.27,1159696,503.28612318168103,503.9791010860008,0.3981922073785116,46.04591836734726,0.10946903027068744,3,True
SPY,2025-04-08 13:38:00-04:00,504.96,592467,503.71897506902076,504.01116535386984,0.23820867079562547,52.213393870601834,0.2843851996976863,3,True
SPY,2025-04-08 13:40:00-04:00,506.17,406047,504.4365440441734,504.30071516848744,0.2039038682345451,60.668103448276234,0.44854446801561043,3,True
SPY,2025-04-08 14:30:00-04:00,505.94,1531585,504.0475267209539,504.34578844177815,0.7026134033956355,56.52712131442759,0.001517379734090496,3,True
SPY,2025-04-08 15:40:00-04:00,492.98,1196576,493.4822289940539,495.02507364823396,0.30520061853991365,26.043956043956655,-0.33954559193094447,3,True
SPY,2025-04-08 15:50:00-04:00,492.66,1371918,491.2308989019822,492.58637766483236,0.6681787531416683,47.56309834638843,0.047504618667056686,3,True
SPY,2025-04-08 15:54:00-04:00,495.93,928313,493.28742419025195,493.2241039989292,0.3399089529590338,62.58532423208196,0.6959835025342611,3,True
TSLA,2025-04-08 04:18:00-04:00,237.89,7574,241.1405449534498,279.57238563639663,0.21906727893161726,35.76779026217288,7.425154160252482,3,True
TSLA,2025-04-08 04:42:00-04:00,238.09,11960,237.65019318324622,241.7558062917117,0.20622895622897097,64.88294314381343,4.020535436660435,3,True
TSLA,2025-04-08 06:43:00-04:00,237.04,10960,236.59511547616256,236.4031726436984,0.2707275803722542,62.67123287671278,0.0764905115337268,3,True
TSLA,2025-04-08 07:00:00-04:00,237.1,29141,236.60905942376718,236.58293008948567,0.34704587777212303,54.61847389558319,-0.0077841909792042835,3,True
TSLA,2025-04-08 07:37:00-04:00,240.81,65311,239.35173483539003,238.69912978888817,0.42118432026687636,81.22065727699496,0.19536481923049537,3,True
TSLA,2025-04-08 09:00:00-04:00,242.3,38863,241.5911133406442,241.53634439413506,0.20263843513501634,55.918210333196065,0.11217953208839007,4,True
TSLA,2025-04-08 09:25:00-04:00,244.67,92857,243.82932558837442,243.3261426905665,0.3568498769483064,73.21030355436244,0.06031013315614675,3,True
TSLA,2025-04-08 09:27:00-04:00,245.8,103387,244.41076837655964,243.68937412443512,0.3265306122449019,79.15548123047145,0.16741429028713573,3,True
TSLA,2025-04-08 09:30:00-04:00,246.2993,1841051,244.95369340879859,244.1319229334599,0.5713760718660588,74.44855638337762,0.16962208579151594,3,True
TSLA,2025-04-08 09:31:00-04:00,247.0984,1267109,245.59793178163113,244.58072473839658,0.324442659804558,75.2567197811042,0.23684686595604432,3,True
TSLA,2025-04-08 09:33:00-04:00,247.16,1145022,245.81467634024398,244.84985515569966,0.8816326530612262,68.27916175559876,0.16076148089008124,3,True
TSLA,2025-04-08 09:46:00-04:00,246.075,593671,244.72432758534677,244.56642370310942,0.2097247108649558,53.944896221707005,0.04119565934580749,3,True
TSLA,2025-04-08 09:57:00-04:00,245.105,640716,244.20883292965954,244.11896291789708,0.23924423360051073,53.239130434782744,0.13804654660087787,3,True
TSLA,2025-04-08 10:17:00-04:00,249.4286,862917,247.7046318992908,246.84070345971202,0.7910421827203917,69.59627500829015,0.12539763203102205,3,True
TSLA,2025-04-08 11:19:00-04:00,243.96,577421,243.59642876104596,244.20614972802068,0.3723437082141956,36.256140008458566,0.003847647188074399,4,True
TSLA,2025-04-08 12:11:00-04:00,241.864,217232,241.62200608366496,242.30471342600788,0.23788801856687858,37.06093058956895,0.002251391889021459,3,True
TSLA,2025-04-08 12:15:00-04:00,240.5,440319,241.35413369186918,241.9704855037278,-0.18941186040296598,35.42726032494184,0.008411954447276049,3,True
TSLA,2025-04-08 12:44:00-04:00,233.86,425540,233.57992766778358,235.09660806503703,0.4725897920605071,28.107148524278458,0.0034270739745911882,3,True
TSLA,2025-04-08 13:04:00-04:00,232.91,263411,232.68998861094104,233.41220726502408,0.320460360259478,39.26151761517659,0.008514156186862909,3,True
TSLA,2025-04-08 13:35:00-04:00,232.04,655738,230.83316017030847,230.86159466006742,0.8212035628937686,57.54848611692512,0.1807331216471476,3,True
TSLA,2025-04-08 14:30:00-04:00,231.48,901269,230.1988095526303,230.60702374087953,1.044890069812121,52.795549767863456,0.03279528143399413,3,True
TSLA,2025-04-08 15:50:00-04:00,218.43,959268,218.76875703975028,219.80837929316152,0.1880561416383708,37.15328467153338,0.0036423051464715694,3,True
TSLA,2025-04-08 15:59:00-04:00,221.58,1390777,220.8248195918994,220.5109871834402,0.2605380350237718,63.16739223603208,0.40399437304546987,3,True
AAPL,2025-04-08 04:16:00-04:00,183.48,10616,184.1938301323983,190.82627848784003,0.2130099950843789,30.18867924528459,0.7150240143686322,3,True
AAPL,2025-04-08 07:18:00-04:00,183.97,13645,183.37015577860873,183.38765928401872,0.2179005284087765,61.80124223602548,0.0805967874893431,3,True
AAPL,2025-04-08 07:57:00-04:00,185.3,13694,184.82082231418696,184.5445561434579,0.21633315305571443,66.4921465968603,0.049589746334862406,3,True
AAPL,2025-04-08 09:11:00-04:00,186.83,36214,185.89794655203607,185.58723317094564,0.33834586466165995,77.64350453172284,0.1435687340647449,3,True
AAPL,2025-04-08 09:51:00-04:00,187.28,384062,186.4710658120935,186.3800964775306,0.4128464961664413,65.16458243495799,0.06290085828612717,3,True
AAPL,2025-04-08 11:54:00-04:00,183.8,234756,184.03687949728663,184.45120139519855,0.32203482342667566,31.142967096403183,-0.14481861191685644,3,True
AAPL,2025-04-08 12:48:00-04:00,180.6978,705637,180.3168818390634,180.91398542587788,0.3152167878754275,40.303417314912295,0.0943912855074085,3,True
AAPL,2025-04-08 13:25:00-04:00,176.3,533820,176.83759961333328,177.42845147702158,-0.23766410140334537,32.0955939592108,0.021882499114094678,3,True
AAPL,2025-04-08 13:35:00-04:00,176.62,517147,175.90123866236425,176.3509646138628,0.4178866873241205,44.84983194188537,0.14370023872047477,3,True
AAPL,2025-04-08 14:30:00-04:00,176.0676,622940,175.9247785708779,176.3053908534637,0.4264202600958278,33.53268593083948,-0.06818862346584909,3,True
AAPL,2025-04-08 14:36:00-04:00,175.99,332332,175.75299091368424,176.03947780712244,0.4509132420091433,47.75292120243786,0.010912429310203586,3,True
AAPL,2025-04-08 14:46:00-04:00,176.7003,383190,175.95084254390352,175.96147040673995,0.4036024774134894,65.05698399533114,0.11136314191968713,3,True
AAPL,2025-04-08 15:40:00-04:00,171.1385,532478,171.23035190979013,171.8621917015458,0.4894160476791587,33.12768535859955,-0.1151445190614866,3,True
AAPL,2025-04-08 15:50:00-04:00,171.525,916853,170.24353027575404,170.77321799762677,1.3496745465632287,52.16517166718261,0.0723958957198968,3,True
AAPL,2025-04-08 15:54:00-04:00,172.67,828864,171.42115800094888,171.2238761680396,0.3486369799285294,62.64177108612779,0.3780639506325441,3,True
AAPL,2025-04-08 15:59:00-04:00,172.77,2033771,172.06858105375096,171.6470055249825,0.23205894297151364,72.41471304231877,0.2865316944625463,3,True
MSFT,2025-04-08 06:22:00-04:00,358.43,8136,357.80010754380646,357.8419964669192,0.23210290827739843,60.96096096096177,0.130553439579063,3,True
MSFT,2025-04-08 07:10:00-04:00,360.54,4716,359.6290655822106,359.2365753669121,0.2892906815020968,64.00000000000027,0.051905021815511265,3,True
MSFT,2025-04-08 08:00:00-04:00,364.06,87520,362.545394478228,361.8992901123079,0.2920110192837555,71.28099173553716,0.13648697285241473,3,True
MSFT,2025-04-08 09:22:00-04:00,370.0,42628,368.54938411077785,367.37076317156493,0.29818378964490133,81.48804585564508,0.15238780174818545,3,True
MSFT,2025-04-08 12:14:00-04:00,365.6172,46961,366.2217549764168,366.42225230539646,-0.31023435263322074,39.99632217727302,0.053410619029324924,3,True
MSFT,2025-04-08 12:48:00-04:00,361.925,168575,361.54365001547984,362.1748474598933,0.13141513349010925,38.782318598833086,0.11974032709479177,3,True
MSFT,2025-04-08 13:35:00-04:00,359.79,151447,359.15146295565546,359.4832080175333,0.2906782268962571,42.522239055277794,0.07242794993029755,3,True
MSFT,2025-04-08 13:38:00-04:00,360.22,102840,359.36586903329567,359.49494967508133,0.21561017680036265,54.824924179763734,0.16040880441130523,3,True
MSFT,2025-04-08 13:40:00-04:00,360.98,48745,359.8215961813093,359.6879336157696,0.21752015913536482,62.75826288644129,0.26517646336360556,3,True
MSFT,2025-04-08 15:50:00-04:00,352.64,209838,351.6123381271887,352.5096094455399,0.6237048949620183,47.08405691920936,0.048127007638622876,3,True
MSFT,2025-04-08 15:54:00-04:00,355.17,179270,352.9602856968965,352.915059453275,0.5605763015441356,64.00887228578148,0.4802402177307681,4,True
MSFT,2025-04-08 15:59:00-04:00,355.57,998469,354.0377032171591,353.51137351104614,0.38962138964961923,73.26775483731501,0.45144236861606324,3,True
NVDA,2025-04-08 04:24:00-04:00,99.2,86074,100.65234020401584,123.33755018653548,-0.12082158679016519,33.63228699551712,9.030215801689977,3,True
NVDA,2025-04-08 04:28:00-04:00,99.41,17204,99.86587054756491,115.72337353086228,0.24200867197741172,33.170731707318836,8.273320163801074,3,True
NVDA,2025-04-08 04:30:00-04:00,99.75,31105,99.77295715044154,112.92468886848121,0.3218344564014819,38.99082568807486,7.706484232491569,3,True
NVDA,2025-04-08 05:25:00-04:00,99.94,39902,100.1581916058761,100.26359108332863,-0.2992817238627321,34.666666666668874,0.12402000912455191,3,True
NVDA,2025-04-08 05:26:00-04:00,99.94,46137,100.11455328470089,100.23417371211693,0.0,36.3636363636388,0.10488482445107539,3,True
NVDA,2025-04-08 07:00:00-04:00,100.25,134584,100.03140406558693,100.00993366289035,0.24999999999999467,61.11111111111348,0.0128372005043807,4,True
NVDA,2025-04-08 07:29:00-04:00,100.76,69790,100.58618452960799,100.46642282342337,0.2188183807439792,74.40000000000086,0.012485965073751715,3,True
NVDA,2025-04-08 07:37:00-04:00,101.39,125596,101.05094394709094,100.80916671529151,0.2273625939106516,79.2000000000021,0.0478252496883399,3,True
NVDA,2025-04-08 07:52:00-04:00,102.1,216466,101.69806919402691,101.41760343706515,0.21594032194738322,78.57142857142894,0.03654099651363185,3,True
NVDA,2025-04-08 08:47:00-04:00,101.9,98163,101.73674294175319,101.71757703598743,0.009814505839633725,64.83842602770132,0.034653725736934135,3,True
NVDA,2025-04-08 08:58:00-04:00,102.2,119182,101.94305174690957,101.85301047816675,0.24521824423737737,79.01785714285731,0.035185077556256744,3,True
NVDA,2025-04-08 09:09:00-04:00,102.91,188528,102.5048780796779,102.2585793796503,0.20447906523854975,91.73553719008336,0.06415518636767459,3,True
NVDA,2025-04-08 09:25:00-04:00,103.88,595251,103.27991333089408,103.02386772020199,0.512820512820511,63.27088212334168,0.01176460040526045,3,True
NVDA,2025-04-08 09:30:00-04:00,104.12,10342507,103.7724004002674,103.39871402239164,0.25033699210477156,67.57503949447134,0.04990458727753233,3,True
NVDA,2025-04-08 11:20:00-04:00,102.91,1575847,102.81998028196267,103.19365950842052,0.27771010962240883,32.17904182949924,-0.03717710933226315,3,True
NVDA,2025-04-08 11:35:00-04:00,102.54,1045645,102.37796793776931,102.57655781166082,0.20521841102316696,35.98294591753539,0.05539568120514193,3,True
NVDA,2025-04-08 13:35:00-04:00,99.44,1435514,99.09152505309015,99.22077948563947,0.6401335930976915,49.17703601290507,0.02820190390941757,3,True
NVDA,2025-04-08 14:30:00-04:00,100.28,2245780,99.78013727420995,99.7954570204792,0.8548727748164398,58.025682182986756,0.006966764837261663,3,True
NVDA,2025-04-08 15:50:00-04:00,95.58,2268943,95.04089498871107,95.31721190608886,1.1107584893684574,55.31250000000082,0.04308347430542703,3,True
NVDA,2025-04-08 15:54:00-04:00,96.52,2169035,95.66305458737607,95.5524912957372,0.6605719673030475,65.22551857211816,0.20857482514969308,4,True
NVDA,2025-04-08 15:59:00-04:00,96.71,5770349,95.99664060719141,95.76109952483199,0.6976259891711578,70.20538176286045,0.17042079670297208,3,True
META,2025-04-08 04:30:00-04:00,520.99,8448,519.8802833401124,486.5052169799651,0.2135108101869676,31.505250875146658,-15.562150525911505,3,True
META,2025-04-08 07:00:00-04:00,524.0,42347,520.6253415674942,519.8745825331492,0.8351614517184469,72.19999999999993,0.20890589394991443,3,True
META,2025-04-08 07:37:00-04:00,531.98,6978,529.182253381282,527.6825936258512,0.38494923953653615,100.0,0.24431603789450373,3,True
META,2025-04-08 07:40:00-04:00,532.54,6789,530.1670421640206,528.4099120874803,0.2635839891554026,88.67924528301863,0.32595442083554005,3,True
META,2025-04-08 07:58:00-04:00,537.85,5103,534.4302089504655,532.8842020844814,0.5327102803738271,67.68027801911438,0.1519351079199156,3,True
META,2025-04-08 09:08:00-04:00,538.59,7454,537.2122744998917,536.2314590455532,0.21584206315241605,70.4056112588953,0.18381288222886316,3,True
META,2025-04-08 09:18:00-04:00,542.0,11666,539.4773650139135,538.1153306956087,0.31464001480658865,73.81809328223929,0.29001656757714556,3,True
META,2025-04-08 09:20:00-04:00,542.42,12488,540.3399136089047,538.7607691699245,0.22727692677246836,77.43644067796615,0.3410311979846332,3,True
META,2025-04-08 11:02:00-04:00,534.94,108391,534.3609387278386,535.7302018084707,0.1129812816385467,39.81945837512637,0.06505804187473574,3,True
META,2025-04-08 11:19:00-04:00,531.2109,56703,530.7456497652297,532.115300228417,0.36212374894717403,37.29209485839792,0.015491773278530463,3,True
META,2025-04-08 11:37:00-04:00,528.46,74611,528.3945870250973,529.3385349262151,0.20573595638777586,39.974164192342485,0.07879926246224844,3,True
META,2025-04-08 11:38:00-04:00,530.17,87045,528.7496696200778,529.4141226601955,0.32358172803994556,53.371851419823145,0.23188282967833596,3,True
META,2025-04-08 12:11:00-04:00,529.95,21831,528.9634005169254,528.8952604998537,0.20231432461050858,52.442266423241584,0.12467840056546237,3,True
META,2025-04-08 12:41:00-04:00,519.925,86899,521.2306537261497,522.9579143293068,0.20525768029910907,29.79171208640082,-0.3819857999076124,3,True
META,2025-04-08 12:48:00-04:00,522.6394,119127,521.0208639443105,521.8579723555804,0.37033978540879087,46.30360303310807,0.2938732556006163,3,True
META,2025-04-08 13:35:00-04:00,518.9664,98509,516.4344189644349,517.012306675292,0.7163941584590772,50.16418583671686,0.16965895930832464,3,True
META,2025-04-08 13:38:00-04:00,518.56,78764,516.9843425097907,517.128600056568,0.29980077754780954,54.47168179219134,0.340736070961573,3,True
META,2025-04-08 13:40:00-04:00,520.42,61569,517.8755792062661,517.5213223607999,0.416779222783914,61.3747701558245,0.5332732039685952,3,True
META,2025-04-08 13:42:00-04:00,522.68,75139,519.3131706920103,518.2658036039668,0.3503854239663484,75.4026073619633,0.7807902915169809,3,True
META,2025-04-08 14:30:00-04:00,521.54,161500,519.0781827033743,519.2151987314833,0.8254876563496882,58.07195571955748,0.013793231791098731,3,True
META,2025-04-08 15:40:00-04:00,506.86,181182,507.298191998038,508.53079460521,0.25912372663436933,30.878699555956004,-0.303330697807188,3,True
META,2025-04-08 15:51:00-04:00,508.26,150521,505.86571999908136,506.6350665973421,0.2950085345278408,59.905000368215866,0.23548391100760524,3,True
META,2025-04-08 15:54:00-04:00,509.8,170486,507.3226086395297,507.1678186306101,0.30496802754549357,60.83351757682977,0.6227690439040104,4,True
META,2025-04-08 15:59:00-04:00,510.79,447265,508.82782119900116,508.0156593443133,0.23941754812881744,70.2103065105529,0.6154898981943862,3,True
AMZN,2025-04-08 05:30:00-04:00,179.12,3451,179.06251003196647,179.3300082292396,0.10059237733319737,37.66233766234027,0.3156069392262988,3,True
AMZN,2025-04-08 07:00:00-04:00,179.12,7620,178.7272643269708,178.7038178537616,0.2799238607098964,55.47945205479545,-0.011743212494157322,3,True
AMZN,2025-04-08 07:37:00-04:00,180.84,13227,180.3376451644449,180.04055467947347,0.24390243902439046,81.86813186813296,0.04369853269751611,3,True
AMZN,2025-04-08 08:45:00-04:00,182.15,14900,181.74753042192327,181.69977355366143,0.22035824032526907,64.89459211732469,0.04056536166988014,3,True
AMZN,2025-04-08 08:58:00-04:00,182.85,24219,182.15631753500327,181.97400560550832,0.4118616144975329,67.09116322410338,0.0699875370161682,3,True
AMZN,2025-04-08 09:25:00-04:00,185.3801,229918,184.16406371068624,183.7341632611783,0.969553376906318,77.81043773954713,0.042293559150887394,3,True
AMZN,2025-04-08 09:27:00-04:00,185.86,107110,184.6930007748392,184.06096137287463,0.2751551119503759,79.3261156042485,0.14315524832536258,3,True
AMZN,2025-04-08 09:57:00-04:00,182.35,297153,181.77426197387575,181.76995766599987,0.247388675096194,65.69845365980562,0.23495134853196814,3,True
AMZN,2025-04-08 11:19:00-04:00,179.05,142237,178.9738417377221,179.56277200728448,0.23512287969547074,30.207964078933344,0.005060748368016732,3,True
AMZN,2025-04-08 11:34:00-04:00,178.03,228174,178.37553865731866,178.74235321029303,-0.09820150949749751,24.571629762930698,0.024065693851377135,3,True
AMZN,2025-04-08 12:31:00-04:00,176.4,279849,176.8041437854169,177.05883109914373,-0.44629856629124776,39.489965891966364,0.050199663415304574,3,True
AMZN,2025-04-08 13:35:00-04:00,174.6008,301428,174.15132877227413,174.40201488528493,0.4318665516249709,46.707301341590004,0.03603204692980566,3,True
AMZN,2025-04-08 13:38:00-04:00,174.8,197632,174.2361363314044,174.37434326467687,0.47847990085509995,51.358888311198015,0.08664582123424647,3,True
AMZN,2025-04-08 13:40:00-04:00,175.13,143774,174.49392725209884,174.47243245014613,0.22892462656669554,56.768151961654894,0.15254687718688092,3,True
AMZN,2025-04-08 14:19:00-04:00,175.13,127939,174.55554146569446,174.53368165860417,0.15418013455303914,63.65546218487513,0.10545447912480876,3,True
AMZN,2025-04-08 15:54:00-04:00,170.92,517317,170.09678575372544,170.08248163101706,0.3404954796289772,57.87681674966999,0.19829668053614596,4,True
AMZN,2025-04-08 15:59:00-04:00,171.09,1612092,170.48955475578077,170.29062907465155,0.2431521898344835,71.58390890423796,0.18646570908670307,3,True
AMZN,2025-04-08 16:00:00-04:00,171.6,8022779,170.71164380462463,170.40966279513776,0.2980887252323372,77.85272869701524,0.22200013960961001,3,True
GOOGL,2025-04-08 04:22:00-04:00,148.3,3509,148.72718117363576,151.3491185616199,-0.22202785440353923,22.78481012658476,0.7145116225786126,3,True
GOOGL,2025-04-08 04:26:00-04:00,147.96,4697,148.33209340872125,150.3115187225052,-0.02702702702702675,17.910447761196792,0.6930375103590865,3,True
GOOGL,2025-04-08 04:29:00-04:00,148.17,2356,148.24653978158162,149.92580059711173,0.11486486486484981,34.09090909091056,0.6826761639456871,3,True
GOOGL,2025-04-08 05:12:00-04:00,149.14,1533,148.97514889933805,148.96541002472077,0.0,57.89473684210645,0.16501319610072301,3,True
GOOGL,2025-04-08 05:41:00-04:00,148.8,3539,148.77663728862495,148.83484758705015,0.026888948642112,39.053254437872745,0.022757103518932287,3,True
GOOGL,2025-04-08 05:42:00-04:00,148.7,2057,148.76130983089996,148.82258871550013,-0.06720430107528541,39.520958083834174,0.018910445757619104,3,True
GOOGL,2025-04-08 07:37:00-04:00,150.32,10408,149.80806498989557,149.5604706598171,0.2400640170712176,87.61061946902612,0.07054728184548054,3,True
GOOGL,2025-04-08 09:09:00-04:00,151.0,10178,150.59362634983955,150.54929084815672,0.23898035050451405,61.2716763005788,0.037842942476315956,4,True
GOOGL,2025-04-08 09:57:00-04:00,151.2,102048,150.81280798628285,150.77433289915407,0.2114248977671096,60.24653312788989,0.08665936124699533,3,True
GOOGL,2025-04-08 12:27:00-04:00,148.69,131836,148.53831466719976,148.82146174949776,0.19541778975740165,28.05139186295621,0.0005695390895714691,3,True
GOOGL,2025-04-08 12:48:00-04:00,148.01,302983,147.74023732105837,147.94526663182347,0.2506095908967776,46.18181818181927,0.06206438483641602,3,True
GOOGL,2025-04-08 13:35:00-04:00,147.1,232462,146.83821586860955,146.9370959098625,0.28633760567220445,46.73629242819996,0.02972858886986765,3,True
GOOGL,2025-04-08 13:38:00-04:00,147.34,201778,146.9157265247281,146.94480534174494,0.347340461758483,55.637227605153605,0.06041334784384195,3,True
GOOGL,2025-04-08 14:17:00-04:00,147.23,87645,147.00586757536644,147.12036410192934,0.027175759222775042,36.059662350436284,0.0024574568295487043,3,True
GOOGL,2025-04-08 14:46:00-04:00,146.65,173591,146.4320755321538,146.61694179699174,0.2323832957419114,39.34010152284502,-0.006058242062656538,3,True
GOOGL,2025-04-08 15:40:00-04:00,143.91,196210,144.05382382397852,144.386990686339,0.22983702465524392,29.621848739497707,-0.06749295927095622,3,True
GOOGL,2025-04-08 15:50:00-04:00,143.94,287290,143.57376034202136,143.86194526128202,0.5713295552125741,47.872618969694024,0.015386875252602905,3,True
GOOGL,2025-04-08 15:52:00-04:00,144.34,272700,143.80320661889368,143.9209464969273,0.20131898646302826,61.16437906350655,0.10449347135779175,3,True
GOOGL,2025-04-08 15:54:00-04:00,144.76,424465,144.043652236092,144.01284834456797,0.4510443411282816,62.08966262729766,0.1610722207333311,4,True
QQQ,2025-04-09 05:55:00-04:00,417.29,6645,416.6833347453712,417.04170322808136,0.2474415029068533,47.68211920529897,0.0174343525844477,3,True
QQQ,2025-04-09 06:30:00-04:00,415.0,14373,415.2218126654726,415.52538250281555,-0.06501794013532569,37.500000000000426,0.04022816119804257,3,True
QQQ,2025-04-09 06:40:00-04:00,416.08,23146,415.0203448522252,415.10198171541407,0.2892402622445056,60.64735945485556,0.15935854738389105,3,True
QQQ,2025-04-09 06:41:00-04:00,416.34,18912,415.2842758817802,415.2145288321946,0.06248798308017278,54.43786982248561,0.22598282918530882,3,True
QQQ,2025-04-09 06:48:00-04:00,417.82,194439,416.36514657340285,415.8385701722403,0.24472168905949054,78.896103896104,0.2889766814266305,3,True
QQQ,2025-04-09 06:50:00-04:00,418.47,52617,416.9548938069779,416.20848774565314,0.25154520626706756,76.4542936288093,0.34098702959023164,3,True
QQQ,2025-04-09 07:01:00-04:00,412.57,80372,415.694415754121,416.3848381204233,0.5312020273398499,36.29293583927428,-0.7123081364034767,3,True
QQQ,2025-04-09 07:03:00-04:00,412.0,116957,414.0444260826374,415.4585439011762,0.4878048780487809,35.41442411194848,-0.907591563188433,3,True
QQQ,2025-04-09 07:48:00-04:00,409.84,134073,408.8313485901306,409.64420968119884,0.32066188529606965,45.81226295828094,0.05649646782929674,3,True
QQQ,2025-04-09 07:49:00-04:00,411.0,63945,409.2650788721045,409.7674633465444,0.2830372828420913,54.14549344744618,0.2290736809469014,3,True
QQQ,2025-04-09 08:11:00-04:00,410.41,14204,409.7685155546913,409.7525494599689,0.2124334619328927,55.14705882353007,0.08763299615883613,3,True
QQQ,2025-04-09 08:42:00-04:00,410.47,82888,409.37267264509114,409.30081314077745,0.1928334309705182,58.248703775122,0.14346327429539354,3,True
QQQ,2025-04-09 08:54:00-04:00,414.39,82677,412.7885293382779,411.5698361671507,0.2152357920193415,96.31004528918155,0.3508788397288275,3,True
QQQ,2025-04-09 09:00:00-04:00,415.71,87106,414.0058935148536,412.7854877574922,0.5125849271017113,78.36691410392369,0.1629828162608662,3,True
QQQ,2025-04-09 09:04:00-04:00,415.7996,89268,414.7366059836841,413.5544119373623,0.24098360655737672,70.60529878166744,0.08222272795795904,3,True
QQQ,2025-04-09 09:30:00-04:00,416.375,740900,415.5816733635173,415.4845717263429,0.22023780869397935,59.11831198191442,-0.11734523588545559,3,True
QQQ,2025-04-09 09:31:00-04:00,417.91,641022,416.17427095265117,415.77865431929166,0.3686580606424572,63.22241681261002,0.0777371205779831,3,True
QQQ,2025-04-09 09:32:00-04:00,418.9099,478032,416.721396762121,416.06331301753784,0.23926204206645707,67.08412357560468,0.21898683112044992,3,True
QQQ,2025-04-09 09:38:00-04:00,419.54,410789,417.60832647280955,416.84610490834797,0.7565023175388541,69.14028904366032,0.13969594102840144,3,True
QQQ,2025-04-09 09:39:00-04:00,421.06,454333,418.29866117824764,417.2291862803163,0.3623015683844155,74.71214007901753,0.3002865291470427,3,True
QQQ,2025-04-09 09:41:00-04:00,422.9,490673,419.8184231540785,418.14275725645973,0.2024663217591316,76.7986854539557,0.5538508316436754,3,True
QQQ,2025-04-09 11:47:00-04:00,419.68,244425,418.3255937826872,418.717093703978,0.38270187523918864,55.1569506726462,0.02806296932225305,3,True
QQQ,2025-04-09 13:02:00-04:00,426.4399,774695,424.1390944011309,423.3794691808776,0.6003609384399589,74.98170124431537,0.1902899601018977,3,True
QQQ,2025-04-09 13:04:00-04:00,427.21,316249,425.04942041672376,423.943445604031,0.2863916993356641,71.12804391899576,0.3345261432024592,3,True
QQQ,2025-04-09 13:19:00-04:00,434.33,2694306,426.473677418938,425.2987103905309,2.7513603028152422,68.03081367356778,0.4696543183906333,3,True
QQQ,2025-04-09 13:20:00-04:00,435.51,1386722,428.2809419351504,426.22700944593714,0.27168282181750936,74.32038834951456,0.9188965274423666,3,True
QQQ,2025-04-09 13:21:00-04:00,438.461,1208009,430.31695354812035,427.3391904053974,0.6775963812541752,79.98335596338322,1.3333856904517654,3,True
QQQ,2025-04-09 13:22:00-04:00,440.7,1221013,432.3935628384963,428.55380945945217,0.5106497499207441,83.67346938775515,1.6558868783014775,3,True
QQQ,2025-04-09 13:23:00-04:00,443.585,1336351,434.63185027079703,429.92028132677467,0.6546403449058324,85.42465753424658,1.9412778499284205,3,True
QQQ,2025-04-09 13:25:00-04:00,447.5586,1192426,438.69690417331014,432.6774606006402,0.8287374966207128,89.42464814717192,2.1731374234863745,3,True
QQQ,2025-04-09 13:27:00-04:00,452.03,1139405,443.2296186709185,435.8981492567274,0.37081445954347814,90.59202813599055,2.342836077367587,3,True
QQQ,2025-04-09 13:31:00-04:00,449.35,1453721,445.11259580760833,439.1545483619475,0.8777837643678232,76.30121816168332,0.7485163154349612,3,True
QQQ,2025-04-09 14:00:00-04:00,456.66,777423,453.97395617372763,451.671531459306,0.20846591033771844,65.91281547033768,0.11096501787559765,3,True
QQQ,2025-04-09 15:10:00-04:00,457.33,501287,455.73829505043125,455.5614539164526,0.20815986677769072,63.45454545454562,0.3868029137965952,4,True
QQQ,2025-04-09 15:50:00-04:00,466.6209,859921,464.19687357895,463.36201888004956,0.4116348330564623,75.81916325757058,0.07457553607164946,3,True
SPY,2025-04-09 06:41:00-04:00,494.32,28922,493.4361820828865,493.39915483976444,0.01618646811265556,53.36879432624157,0.2349433469125758,3,True
SPY,2025-04-09 07:01:00-04:00,490.99,113619,494.2279705216513,494.83422550677244,0.3679551912344925,36.18157543391219,-0.7093879995611166,3,True
SPY,2025-04-09 07:03:00-04:00,489.7,174415,492.40590113385684,493.8439880221259,0.24564994882292357,32.894736842105445,-0.9671510101487187,3,True
SPY,2025-04-09 07:48:00-04:00,488.17,336884,486.80514269568357,487.61480690091736,0.3577082005632892,48.14241486068155,0.1194727355004459,3,True
SPY,2025-04-09 07:49:00-04:00,489.32,137197,487.30811415654694,487.7698244553794,0.23557367310567123,57.95918367346974,0.3051648656806787,3,True
SPY,2025-04-09 08:02:00-04:00,498.5,262184,489.7761922973764,488.72161043164857,2.424491473186774,78.80646960401563,0.7682307057544185,4,True
SPY,2025-04-09 08:42:00-04:00,488.51,74148,487.41594390042286,487.3107361966278,0.12092146253483982,59.30232558139556,0.1991445018703471,3,True
SPY,2025-04-09 09:00:00-04:00,493.74,265466,491.8997768618364,490.68450426468814,0.4884601294419477,75.750577367206,0.17711769946693812,3,True
SPY,2025-04-09 09:32:00-04:00,496.55,628953,494.7666851524057,494.2808264813957,0.20786244752988292,59.455370650529986,0.09798299706368002,3,True
SPY,2025-04-09 09:38:00-04:00,498.13,686804,495.7552763125923,495.0382778303404,0.7666788040619821,66.79873217115707,0.14672679519812715,3,True
SPY,2025-04-09 09:39:00-04:00,499.54,667391,496.5122210500739,495.44752530030945,0.28305863931101793,73.984962406015,0.3295803089120626,3,True
SPY,2025-04-09 09:41:00-04:00,501.4,709464,498.07982147204734,496.3814258680243,0.2399040383846529,77.87234042553169,0.5915877331774426,3,True
SPY,2025-04-09 10:00:00-04:00,502.16,653321,500.4636217747734,499.355262149095,0.46213864159247997,73.57380477140978,0.05674848950711131,3,True
SPY,2025-04-09 11:47:00-04:00,497.72,493661,496.391651469354,496.7722748758777,0.3123929298425976,52.8493120946519,0.006870712784439903,3,True
SPY,2025-04-09 13:02:00-04:00,504.6,1285700,502.13149769870284,501.3232839599887,0.568011958146486,74.06959675330309,0.19486775828898384,3,True
SPY,2025-04-09 13:04:00-04:00,505.6,457619,503.1657585271698,501.954780132222,0.265735929877442,71.04821426686239,0.36919903772857976,3,True
SPY,2025-04-09 13:19:00-04:00,512.8,5244918,504.1882749006666,503.06541753191055,2.5743604104574436,67.17575577690285,0.4862266349668184,4,True
SPY,2025-04-09 13:20:00-04:00,519.85,3030132,507.3206199205333,504.5912886653732,1.3748049921997074,78.51899283394927,1.3584146791595963,3,True
SPY,2025-04-09 13:22:00-04:00,521.45,2560365,512.1031967491413,507.36015592179604,0.3657010874795752,83.18500898831857,2.1034308945127864,3,True
SPY,2025-04-09 13:23:00-04:00,522.62,2760801,514.206557399313,508.74741447436,0.22437434078050877,84.0248087957259,2.237071736458452,3,True
SPY,2025-04-09 13:25:00-04:00,527.24,2049649,518.3033967355603,511.6494334498843,0.7105745721271539,88.35978835978818,2.3343868989091185,3,True
SPY,2025-04-09 15:25:00-04:00,541.38,748568,539.4043614974216,537.6877578665136,0.22400355443656927,87.44939271254998,0.4004461294331363,3,True
SPY,2025-04-09 15:50:00-04:00,545.12,1363920,542.6062050155514,541.6847916451911,0.38210461379812877,79.79139504563385,0.09815159583251232,3,True
TSLA,2025-04-09 04:15:00-04:00,228.76,36578,237.3264218742884,297.2355277893932,0.32453293570737785,30.33126293995899,4.46623466226454,3,True
TSLA,2025-04-09 04:17:00-04:00,229.22,20345,234.3345099995446,285.3931634623084,0.20108410561288093,37.834821428571836,7.902992085549698,3,True
TSLA,2025-04-09 04:32:00-04:00,226.53,29326,227.93681586625544,241.884045549378,-0.09702315325248456,13.39950372208547,8.431393072504207,3,True
TSLA,2025-04-09 04:33:00-04:00,225.77,52014,227.50345269300436,240.41913231761635,-0.33549640224252997,8.008658008658713,7.945736826907421,3,True
TSLA,2025-04-09 04:34:00-04:00,227.02,23701,227.4067621544035,239.20102937965123,0.5536608052442826,28.421052631579585,7.582115517033028,3,True
TSLA,2025-04-09 04:35:00-04:00,226.44,66339,227.21340972352283,238.04093579968293,-0.25548409831733787,26.427406199021647,7.1799774708252215,3,True
TSLA,2025-04-09 04:37:00-04:00,227.15,13491,227.10098222305464,236.10449239643214,0.24714241581711427,35.35660091047086,6.477360762768651,3,True
TSLA,2025-04-09 04:40:00-04:00,227.3,12420,226.993942898204,233.80570427981377,0.4152677151440187,37.17948717948765,5.466404853581736,3,True
TSLA,2025-04-09 04:52:00-04:00,229.6,33344,228.39453871593412,230.04474565643926,0.4462332662525048,69.31818181818208,2.6433909586364237,3,True
TSLA,2025-04-09 04:53:00-04:00,230.39,52745,228.7936309727473,230.07613241494477,0.34407665505227225,77.56497948016414,2.5495772089875635,3,True
TSLA,2025-04-09 05:11:00-04:00,230.67,23147,229.7660913351769,229.75864214065405,0.21723074249466734,55.01066098081068,0.6041140345973606,4,True
TSLA,2025-04-09 05:25:00-04:00,228.36,17559,229.44210136037722,229.59876334479029,-0.7130434782608663,29.411764705883243,0.06993576147142039,3,True
TSLA,2025-04-09 05:44:00-04:00,228.5,6498,228.3125072604011,228.64877532081428,0.21490285513794394,36.54485049833999,0.003272114914641855,3,True
TSLA,2025-04-09 05:48:00-04:00,227.82,14956,228.18736297386033,228.4767279016558,-0.2801365665762168,37.35498839907263,0.02612687921597051,3,True
TSLA,2025-04-09 05:55:00-04:00,228.56,12675,227.96921644753576,228.1699055433217,0.4129689833933803,53.11355311355366,0.07712273243806717,3,True
TSLA,2025-04-09 06:14:00-04:00,228.1,18814,227.5846652385057,227.72870516806674,0.41822584195465584,50.35971223021653,0.04155259491474511,3,True
TSLA,2025-04-09 06:40:00-04:00,227.53,14624,226.56710274713544,226.55378408818288,0.36612262902515624,60.00000000000048,0.16947039835991995,3,True
TSLA,2025-04-09 07:06:00-04:00,222.72,59622,223.81937473461397,225.5274692358269,0.7737206461246204,28.504043126684962,-0.7181648280825694,3,True
TSLA,2025-04-09 07:33:00-04:00,221.0,43942,221.59955105319472,222.0858464660334,0.05885815185402432,37.12784588441422,0.050558040219756184,3,True
TSLA,2025-04-09 07:43:00-04:00,218.82,56262,219.50782778830393,220.5438061371178,0.27954722515006747,20.246478873240306,-0.20002986168943482,3,True
TSLA,2025-04-09 07:48:00-04:00,219.99,113443,218.98520500967146,219.8159173411638,0.6773145393803581,43.600562587904825,0.036365419230023566,3,True
TSLA,2025-04-09 08:00:00-04:00,220.69,685969,220.11243930329726,220.08744342531244,0.3638182727727646,73.22580645161337,0.17713670064968962,4,True
TSLA,2025-04-09 08:02:00-04:00,232.3,789241,222.31916115411028,221.08053175645657,6.2331366899894824,81.29130655821061,0.8574458920567118,4,True
TSLA,2025-04-09 08:41:00-04:00,221.0,40571,220.3892329554335,220.41192353870855,0.22221214457394112,56.18199802176125,0.04078650008221432,3,True
TSLA,2025-04-09 08:42:00-04:00,221.0,40184,220.51138636434683,220.4653850351896,0.0,48.54819976771256,0.07524675827362003,3,True
TSLA,2025-04-09 08:52:00-04:00,222.88,53819,222.0621975679367,221.4770153580282,0.24287127822253396,89.17118172499639,0.1775487877221727,3,True
TSLA,2025-04-09 09:00:00-04:00,224.9,140779,223.32693944271955,222.52622875514456,0.7887424935018483,77.17489764121925,0.15846424246257218,3,True
TSLA,2025-04-09 09:06:00-04:00,225.55,105139,224.4206722532723,223.48345483793358,0.3474232000751032,70.76205287713877,0.13546100181213827,3,True
TSLA,2025-04-09 09:30:00-04:00,226.35,1395498,225.08411230342938,224.9636896289063,0.7477633862999156,59.08460471567311,-0.09801298969155225,3,True
TSLA,2025-04-09 09:31:00-04:00,227.702,915051,225.81023187419484,225.3271980404184,0.597305058537656,60.46636290538777,0.12660437835796656,3,True
TSLA,2025-04-09 09:32:00-04:00,228.29,964387,226.30618549935588,225.59654367310765,0.25823225092445057,64.5569620253167,0.2406756032973127,3,True
TSLA,2025-04-09 09:35:00-04:00,228.655,702446,227.29003897567023,226.27087954403277,0.35233366190889903,68.42440393368432,0.30655436255374324,3,True
TSLA,2025-04-09 09:38:00-04:00,228.62,691195,227.52273995554322,226.63516119010728,0.9582689335394301,66.08519130195457,0.13826241059105415,3,True
TSLA,2025-04-09 09:39:00-04:00,230.2808,1088931,228.07435196443458,226.96658290009754,0.7264456303035516,71.01942780699906,0.24885482778532864,3,True
TSLA,2025-04-09 09:40:00-04:00,232.1,1030734,228.87948157154767,227.43325718190684,0.7899920444952357,80.27557243125084,0.41355986031556335,3,True
TSLA,2025-04-09 10:23:00-04:00,232.4475,626972,231.43739933858623,231.3226993440919,0.7531099648909745,59.96860434694157,0.01823292813597993,3,True
TSLA,2025-04-09 11:45:00-04:00,229.015,355757,228.76834147973318,229.4482069066514,0.4760233404992764,33.02831092464787,-0.16045780660920633,3,True
TSLA,2025-04-09 11:47:00-04:00,230.8,566437,229.25333854702924,229.555542898059,0.6717264241472565,58.592395343076994,0.08882389546042013,3,True
TSLA,2025-04-09 12:05:00-04:00,230.47,230481,229.79841325716475,229.7646047928735,0.2675599834678355,47.40942230117372,0.08547251581461544,3,True
TSLA,2025-04-09 12:13:00-04:00,232.6792,352959,231.33448126264727,230.65630467006656,0.24954760878932447,79.27620615969737,0.2897518674649459,3,True
TSLA,2025-04-09 12:50:00-04:00,234.2685,358688,233.08029301675822,232.8622394658836,0.41513073296184366,62.56378852827158,0.05874202753332419,3,True
TSLA,2025-04-09 13:02:00-04:00,235.61,1019557,233.9090572298005,233.50662349646922,0.8884313799375931,66.7362197878634,0.10510078125541683,3,True
TSLA,2025-04-09 13:04:00-04:00,236.61,423726,234.72219662707232,233.96299462518118,0.42229908961652907,65.20869327998591,0.27497979804162287,3,True
TSLA,2025-04-09 13:19:00-04:00,241.9,1868560,236.10805946505786,235.1638397126658,3.768526263861194,67.39092033209697,0.365890638834378,3,True
TSLA,2025-04-09 13:20:00-04:00,242.79,1242689,237.4444475720463,235.85712701151436,0.3679206283588199,71.56948070786206,0.6918406925289717,3,True
TSLA,2025-04-09 13:21:00-04:00,243.5805,1295630,238.67165805763707,236.55925182864942,0.32559001606327076,75.1725322871626,0.9044931381112191,3,True
TSLA,2025-04-09 13:22:00-04:00,245.58,927528,240.05332644610968,237.37931984422676,0.8208785186006207,78.61226611226625,1.1100792780127777,3,True
TSLA,2025-04-09 13:23:00-04:00,246.515,1156591,241.34566115688776,238.2098362220243,0.3807313299128534,81.25474323298769,1.2299952308876652,3,True
TSLA,2025-04-09 13:24:00-04:00,247.24,971179,242.52452892551023,239.03076020184025,0.2940997505222809,84.68718466195767,1.2737234605047758,3,True
TSLA,2025-04-09 13:25:00-04:00,249.5,1133980,243.9196231404082,239.98250927440023,0.9140915709431985,86.56818181818191,1.3624634356772898,3,True
TSLA,2025-04-09 13:26:00-04:00,252.2431,1287363,245.58431851232658,241.09710843127291,1.0994388777555208,87.33558764159079,1.502488988429472,3,True
TSLA,2025-04-09 13:57:00-04:00,257.9511,977698,254.90487741433657,252.8554190146286,0.667772400874167,73.58347017314742,0.10485723919469603,3,True
TSLA,2025-04-09 15:13:00-04:00,264.34,484686,263.0628838322736,263.012462960737,0.3345497167296818,61.86216006070425,0.23848896711964612,3,True
TSLA,2025-04-09 15:21:00-04:00,267.79,2787465,265.63613689556973,264.53780741125763,0.3339469244323823,87.62185821340925,0.47889752388559664,3,True
TSLA,2025-04-09 15:50:00-04:00,271.48,978692,269.89638961086035,269.18836961476484,0.21410114433371152,66.29626679411649,0.0324382932992161,3,True
TSLA,2025-04-09 15:54:00-04:00,273.2301,1171100,271.3614999046085,270.16777059269504,0.3305181213968389,81.99502310700305,0.25454198326171396,3,True
AAPL,2025-04-09 04:25:00-04:00,176.13,37845,175.76030348784522,183.34714926233428,0.467742855513098,65.94427244582138,3.450420045938925,3,True
AAPL,2025-04-09 04:33:00-04:00,173.64,14634,174.64671306081135,178.69563818526103,-0.2813989548038909,24.089635854342163,2.306157822553658,3,True
AAPL,2025-04-09 05:05:00-04:00,175.0,6702,175.32355464712646,175.59026286290316,-0.01142726545537709,33.12101910828348,0.20023366788518926,3,True
AAPL,2025-04-09 05:12:00-04:00,175.99,7125,175.6049253035331,175.59302198451647,0.06254264271094989,57.8378378378396,0.2316119742342403,3,True
AAPL,2025-04-09 05:56:00-04:00,175.36,10165,174.83485113428856,174.87533062777692,0.20571428571429795,64.2458100558681,0.08705906318359838,3,True
AAPL,2025-04-09 06:31:00-04:00,174.73,5226,174.5398575709939,174.51817384005818,0.16050444253368212,52.56916996047525,0.06649906361404359,3,True
AAPL,2025-04-09 06:37:00-04:00,175.56,12323,174.90630762309064,174.71662731345867,0.28561636010511204,74.52830188679289,0.11205940672460821,3,True
AAPL,2025-04-09 07:01:00-04:00,171.98,51231,174.79797572283508,175.48419984977255,0.4849547180835412,25.350467289720044,-0.5678426051037211,3,True
AAPL,2025-04-09 07:48:00-04:00,169.6,75000,169.10380943715205,169.49851047853332,0.37878787878786735,48.90109890109953,0.09163071809764656,3,True
AAPL,2025-04-09 08:00:00-04:00,174.5,533016,169.999189007114,169.59553177592392,3.376777251184837,82.12290502793311,0.4252817131071104,4,True
AAPL,2025-04-09 08:39:00-04:00,169.33,47976,169.01421320900772,169.07082240345022,0.438934693635451,56.0901339829487,0.016213696657377943,3,True
AAPL,2025-04-09 08:40:00-04:00,169.7,24856,169.1513705672062,169.12802036677294,0.21850823835114497,59.71209621627448,0.06083028543022549,4,True
AAPL,2025-04-09 08:41:00-04:00,170.24,30349,169.36909645376497,169.22910942433901,0.3182086034178022,67.44101545467828,0.12080155593498398,3,True
AAPL,2025-04-09 08:45:00-04:00,171.07,26232,170.10521390746217,169.65396245088382,0.3107775301981919,78.53049117691455,0.2186706753154891,3,True
AAPL,2025-04-09 09:00:00-04:00,173.5,63720,172.34463685300642,171.6553244061896,0.8720930232558155,76.77564825253727,0.02149240058444557,3,True
AAPL,2025-04-09 09:30:00-04:00,173.5,2952785,172.69315379222843,172.6443228944387,0.0,55.59531017779562,0.0001285557955086336,3,True
AAPL,2025-04-09 09:31:00-04:00,174.09,855366,172.97252303378275,172.77574808585337,0.34005763688760293,62.44019138756029,0.08548287543229324,3,True
AAPL,2025-04-09 09:32:00-04:00,175.015,822774,173.38101842702622,172.97931644168486,0.5313343672812776,68.75621890547299,0.19258440075300498,3,True
AAPL,2025-04-09 09:33:00-04:00,175.83,719113,173.870814741621,173.2384694924408,0.46567437076823204,72.93103448275906,0.30024333252373403,3,True
AAPL,2025-04-09 11:47:00-04:00,179.16,483959,178.48763706760607,178.7184871137327,0.4119377889869602,52.760971862096014,0.008234749963171528,3,True
AAPL,2025-04-09 11:48:00-04:00,179.7147,381485,178.73304965408485,178.8090519215752,0.30961152042867646,63.127594669603226,0.09644533635216074,3,True
AAPL,2025-04-09 12:10:00-04:00,179.59,249699,178.8770898983998,178.78154488934962,0.1617401003904062,59.591668950398294,0.11988240942065705,3,True
AAPL,2025-04-09 12:50:00-04:00,180.69,302826,180.04694350284868,179.90143696868728,0.30531808593317056,63.52739726027512,0.05817115677058653,3,True
AAPL,2025-04-09 13:02:00-04:00,182.55,568112,181.31501745981484,180.79211745334956,0.6168743124100207,91.27395787209818,0.14651835999897406,3,True
AAPL,2025-04-09 13:19:00-04:00,186.53,1529335,182.4272158372176,181.7927226356398,3.484049930651878,64.81722085879746,0.24450000759080898,3,True
AAPL,2025-04-09 13:22:00-04:00,188.9522,737047,184.9253345086554,183.1980006278285,1.3094204064125314,80.19870644816001,0.7158866732983726,3,True
AAPL,2025-04-09 13:24:00-04:00,189.815,994300,186.55361408553946,184.27822365936237,0.43653103338801014,83.31859753888075,0.833361038072636,3,True
AAPL,2025-04-09 13:25:00-04:00,191.65,985246,187.5728912684316,184.94838514487486,0.9667307641651135,85.15791238409656,0.9257697743835003,3,True
AAPL,2025-04-09 13:26:00-04:00,192.93,872655,188.64431301474528,185.67398649534078,0.6678841638403377,85.7593605384939,1.0042584196575062,3,True
AAPL,2025-04-09 13:27:00-04:00,193.635,827627,189.64245041179623,186.39771499576435,0.3654175089410572,86.34238382304076,1.0309236522907916,3,True
AAPL,2025-04-09 15:17:00-04:00,189.91,961360,188.32124090417108,187.52355630542968,0.5240313360152404,84.85952133194618,0.45610950182365145,3,True
AAPL,2025-04-09 15:18:00-04:00,190.69,1016734,188.79499272333686,187.8114148231179,0.41072086777946826,85.97815611949909,0.5048390837407203,3,True
AAPL,2025-04-09 15:19:00-04:00,191.8922,952425,189.4144341786695,188.18239529374355,0.6304473228800678,90.31440302003288,0.5837522402732365,3,True
AAPL,2025-04-09 15:20:00-04:00,193.16,1386603,190.1635473429356,188.63490481249414,0.6606834462265843,97.07761990444905,0.6803030678684039,3,True
AAPL,2025-04-09 15:21:00-04:00,195.23,1809091,191.17683787434848,189.2344589204492,1.0716504452267461,97.5368685283969,0.8324914736736184,3,True
AAPL,2025-04-09 15:22:00-04:00,196.72,1540716,192.2854702994788,189.91496265495383,0.7632023766839247,97.8135734843564,0.9726628064317238,3,True
AAPL,2025-04-09 15:23:00-04:00,197.92,1502054,193.41237623958304,190.6426933226853,0.6100040666937812,97.8962883558893,1.0772300399355195,3,True
MSFT,2025-04-09 06:46:00-04:00,354.32,1370,353.55240585467664,353.5132787168963,0.12433593308465163,51.83374083129625,0.0680745396602256,3,True
MSFT,2025-04-09 07:12:00-04:00,352.0,1922,351.10905243763716,351.78559946980835,0.2534818148158591,34.679334916864875,0.016087017351484434,3,True
MSFT,2025-04-09 07:25:00-04:00,352.96,5354,352.0380862061648,352.00041413951453,0.3012219380505776,63.94557823129264,0.16627370366955174,4,True
MSFT,2025-04-09 07:43:00-04:00,349.46,4747,350.08213612911067,350.8836800555002,0.249576866806267,29.274965800273947,-0.2750401341696374,3,True
MSFT,2025-04-09 07:48:00-04:00,352.86,11071,350.09658695848384,350.56413226931227,1.1349957007738665,53.72616984402109,0.06591678740220441,3,True
MSFT,2025-04-09 08:49:00-04:00,352.4,2483,350.8058707719449,350.19083470816713,0.3788418264163873,73.58490566037763,0.30730978105606116,3,True
MSFT,2025-04-09 09:00:00-04:00,354.12,4572,352.66185730298383,351.86573157148683,0.48808172531216165,73.84843982169372,0.0814986196941001,3,True
MSFT,2025-04-09 09:28:00-04:00,353.2201,9215,353.0042041538721,353.34349452546826,0.34376864293628184,39.40820536962959,-0.29922366458567096,3,True
MSFT,2025-04-09 09:30:00-04:00,354.68,646876,353.6607125267825,353.58119799058466,0.0,53.07219662058421,0.020397846494063024,3,True
MSFT,2025-04-09 09:31:00-04:00,356.47,130295,354.222570021426,353.8438163550769,0.5046802751776269,63.47373261048594,0.19074692490125905,3,True
MSFT,2025-04-09 09:32:00-04:00,357.59,174856,354.89605601714084,354.1843785046154,0.31419193761044184,66.71246759827724,0.35765689921005084,3,True
MSFT,2025-04-09 10:46:00-04:00,360.52,84226,360.28364571440704,360.601100126485,0.22378827683027236,31.193025931499065,-0.14215407358731436,3,True
MSFT,2025-04-09 11:30:00-04:00,361.9,78452,361.208279305394,360.66114380572867,0.23820075337912527,72.48803827751254,0.07023191060547446,3,True
MSFT,2025-04-09 11:47:00-04:00,361.965,93350,360.53249481009493,360.47780897421865,0.437026554565878,61.630442683725086,0.04990237895054818,4,True
MSFT,2025-04-09 13:02:00-04:00,367.92,183660,366.3319395780357,365.62984127949954,0.4408894227488025,79.94302104732785,0.14453026182167272,3,True
MSFT,2025-04-09 13:19:00-04:00,374.33,756322,368.0640071806721,367.1163193556413,2.5280745001369453,70.63137755102042,0.36655223250444,3,True
MSFT,2025-04-09 13:20:00-04:00,375.89,563328,369.62920574453767,367.91392668694664,0.41674458365612566,77.08968883465536,0.764774980741783,3,True
MSFT,2025-04-09 13:22:00-04:00,377.84,306293,372.0538916765041,369.3622534602865,0.8864680123891855,77.79132130667969,1.1110096229889443,3,True
MSFT,2025-04-09 13:23:00-04:00,379.915,372390,373.62611334120334,370.3215940548059,0.5491742536523514,79.79148181011539,1.3188669221045068,3,True
MSFT,2025-04-09 15:50:00-04:00,391.7,318032,389.5458666345977,388.87286334820215,0.4616568350859218,74.64564782845729,0.1384373671025727,3,True
NVDA,2025-04-09 04:30:00-04:00,98.38,63842,99.13119375719718,114.1807585681551,-0.12182741116751883,38.383838383840065,8.776531966843464,3,True
NVDA,2025-04-09 04:31:00-04:00,97.87,78519,98.87895500575775,112.69796233468645,-0.5183980483838058,27.61506276150827,8.347394665045854,3,True
NVDA,2025-04-09 04:32:00-04:00,97.39,76694,98.5811640046062,111.3063293951695,-0.4904465106774336,12.9921259842543,7.901513785780075,3,True
NVDA,2025-04-09 04:33:00-04:00,96.96,192763,98.25693120368496,110.00211763197227,-0.441523770407648,10.508474576272931,7.4536939039697785,3,True
NVDA,2025-04-09 04:34:00-04:00,97.48,125472,98.10154496294797,108.86374330179297,0.5363036303630553,24.198250728864437,7.0717724556134485,4,True
NVDA,2025-04-09 04:35:00-04:00,98.0,46864,98.08123597035839,107.87613027435724,0.5334427574887224,34.70437017994962,6.7350578222005275,3,True
NVDA,2025-04-09 04:49:00-04:00,99.2,140394,98.62572024240325,100.95062883352999,0.3337716192980622,71.2765957446812,2.9066066456879796,3,True
NVDA,2025-04-09 05:10:00-04:00,100.01,120632,99.57914840154655,99.72347380619253,0.38141122151962303,57.9710144927546,0.5818092655449454,3,True
NVDA,2025-04-09 05:27:00-04:00,99.1,53644,99.1627741327714,99.38203907564741,0.2326287043592501,33.83084577114616,0.060883114055376164,3,True
NVDA,2025-04-09 05:29:00-04:00,99.14,18558,99.11937544497371,99.32185047574167,0.2224019409623912,38.05309734513419,0.06606703945616405,3,True
NVDA,2025-04-09 05:47:00-04:00,98.89,12910,98.90006616008098,99.0267828578018,0.20265477758638628,38.85350318471572,0.01670632884442183,3,True
NVDA,2025-04-09 06:14:00-04:00,98.86,33367,98.48829519912653,98.55318198162337,0.4674796747967447,52.55813953488497,0.036284624353374234,3,True
NVDA,2025-04-09 06:44:00-04:00,98.29,16746,98.09144707766929,98.07688427855119,0.2345502753416273,60.78431372549154,0.06966184793916445,3,True
NVDA,2025-04-09 06:48:00-04:00,98.88,37361,98.37755272301335,98.22661859063666,0.4061738424045336,81.67539267015775,0.1076671216586074,3,True
NVDA,2025-04-09 06:50:00-04:00,98.83,42188,98.50363374272857,98.3123294137493,0.23326572008113278,73.42342342342424,0.1037288879825971,3,True
NVDA,2025-04-09 07:03:00-04:00,96.29,132156,97.20245695433655,97.82141242277349,0.6585824796153217,26.760563380282832,-0.34351360534527886,3,True
NVDA,2025-04-09 07:48:00-04:00,95.51,236963,95.12873137458496,95.44190534497575,0.6003791868548713,44.26229508196848,0.007718945489163909,3,True
NVDA,2025-04-09 07:55:00-04:00,95.79,40694,95.61632466996738,95.60296824714871,0.23019776080361876,66.79536679536758,0.10190779221769836,3,True
NVDA,2025-04-09 08:03:00-04:00,96.3,138990,95.70279156114174,95.63664652464233,0.2498438475952547,52.99625468164839,0.07887237748429907,3,True
NVDA,2025-04-09 08:42:00-04:00,96.95,143505,96.51323991582747,96.38968815955234,0.4038939519469764,60.370575221239825,0.028856781103004422,3,True
NVDA,2025-04-09 08:43:00-04:00,97.17,129296,96.64459193266198,96.46062559959303,0.22692109334707666,67.10826460782644,0.060217928711531005,3,True
NVDA,2025-04-09 08:44:00-04:00,97.53,153868,96.82167354612959,96.55784145417547,0.3704847175054038,71.15710109247598,0.09869416432522407,3,True
NVDA,2025-04-09 08:52:00-04:00,97.79,157806,97.37547998084905,97.03859368871936,0.3386004514672747,86.2447745263726,0.053540264274451244,3,True
NVDA,2025-04-09 08:54:00-04:00,98.19,228300,97.61590718774342,97.21115180885896,0.33721643163702186,86.48518745084387,0.07876554160151389,3,True
NVDA,2025-04-09 09:00:00-04:00,98.6883,324641,98.02179733382384,97.6160662721515,0.9073536133103133,70.53497396437993,0.03817826637539923,3,True
NVDA,2025-04-09 09:31:00-04:00,99.2843,1792536,98.8016068497404,98.62732792395781,0.44138475234705155,61.03003525684032,0.04151669295640242,3,True
NVDA,2025-04-09 09:32:00-04:00,99.49,1997022,98.93928547979232,98.70575265814347,0.20718280735221306,67.3343605547002,0.0700352367849485,3,True
NVDA,2025-04-09 09:38:00-04:00,98.995,2109079,98.65692725281471,98.63594039558528,0.8814837460511704,59.08080647721907,-0.04530484042163889,3,True
NVDA,2025-04-09 09:41:00-04:00,100.005,3432622,99.16776275344115,98.89379143169442,0.3279556893640567,60.93957188861571,0.10117740723804891,3,True
NVDA,2025-04-09 10:23:00-04:00,100.2995,1771040,99.87224007417564,99.82920407690821,0.5609584920793997,60.57724060498052,0.02383987434653792,4,True
NVDA,2025-04-09 11:15:00-04:00,99.63,1321715,99.08764083163963,98.97687186677717,0.5957189014539566,80.29375764993951,0.12982363676568756,3,True
NVDA,2025-04-09 12:02:00-04:00,98.47,513992,98.43302462518733,98.5401492903563,0.2037248473081288,35.26277674322522,0.006989178615788044,3,True
NVDA,2025-04-09 12:44:00-04:00,100.255,3186488,99.83367362535954,99.64584858126528,0.5163424904752301,72.06038698703044,0.022642235522135234,3,True
NVDA,2025-04-09 13:02:00-04:00,101.72,2830920,101.01068127757705,100.62491486694842,0.6730007917656211,71.6801368650822,0.05403779740505227,3,True
NVDA,2025-04-09 13:19:00-04:00,104.2628,5228969,102.08905997456378,101.58918018110425,2.995949817247845,65.46061455011508,0.1414604363823737,3,True
NVDA,2025-04-09 13:20:00-04:00,104.75,3078314,102.62124797965103,101.87652743736751,0.4672807559359615,73.38345864661679,0.26519435287850646,3,True
NVDA,2025-04-09 13:22:00-04:00,105.8499,2702922,103.59479470697667,102.46861689038637,1.1271604784938605,81.94788159086937,0.4085270444396385,3,True
NVDA,2025-04-09 13:23:00-04:00,106.37,3319802,104.14983576558134,102.82328808216943,0.49135615621742623,84.79471120389722,0.47040165441084225,3,True
NVDA,2025-04-09 13:25:00-04:00,108.045,3298434,105.3824948899721,103.64193229931357,0.9907931018367178,90.11192536784475,0.5796876965691031,3,True
NVDA,2025-04-09 13:27:00-04:00,109.31,3435485,106.68759672958214,104.56944818125088,0.6259780907668322,90.99043730077723,0.6407592705455887,3,True
NVDA,2025-04-09 13:29:00-04:00,106.47,3799943,106.55806190693258,104.87284973657097,0.3014601978332587,68.4687578340438,0.2495860352769239,3,True
NVDA,2025-04-09 14:00:00-04:00,110.5668,2777477,109.66182111232449,108.9847973274948,0.3980807857010493,69.05059529908438,0.038459844136703336,3,True
NVDA,2025-04-09 14:52:00-04:00,112.165,1547107,111.53287879984227,111.52936819014376,0.28162717925794833,51.153095618237224,0.023053510130827043,3,True
META,2025-04-09 06:57:00-04:00,517.35,2854,516.2301008075146,515.2049372254985,0.22472345454191966,82.13703099510701,0.28517924743705714,3,True
META,2025-04-09 07:13:00-04:00,507.02,8968,505.80812126196395,508.235411397392,0.5992063492063382,31.211349581666056,-0.29705410834125834,3,True
META,2025-04-09 07:48:00-04:00,503.33,9874,500.0533897270904,501.6585338491668,0.8677354709418772,42.93814432989704,0.17753131456088767,3,True
META,2025-04-09 08:01:00-04:00,518.21,52251,503.77594163538873,502.7314995730228,4.688888888888898,75.86769159096207,1.2049816754994773,4,True
META,2025-04-09 08:14:00-04:00,502.64,16919,501.4938528093813,501.7382269227069,0.2873104549082184,50.983867987160124,0.0592713959575199,3,True
META,2025-04-09 08:43:00-04:00,504.0,3428,501.3660180771956,500.98203283603584,0.3984063745019917,60.93948071168898,0.39097242226123785,3,True
META,2025-04-09 08:52:00-04:00,506.58,8341,504.5455019542628,503.0555194358564,0.31287128712871315,79.96084145341975,0.533561535433362,3,True
META,2025-04-09 09:00:00-04:00,509.59,13721,507.244847631551,505.5201405407393,0.5544812344607131,73.2335827098919,0.23480892763595707,3,True
META,2025-04-09 09:07:00-04:00,512.38,9813,509.1881610700203,507.3736177810207,0.4666666666666597,69.09212283044064,0.23530859773249535,3,True
META,2025-04-09 09:31:00-04:00,510.43,167131,508.63682841674154,508.58348127892293,0.7341477373645766,57.94831636648415,-0.23624189541185803,3,True
META,2025-04-09 10:23:00-04:00,514.38,55275,513.0788675602819,512.9754147673513,0.3746633883620065,57.55569941591113,0.12309613408423177,3,True
META,2025-04-09 11:00:00-04:00,503.87,96080,505.4594054116059,507.913075340673,0.23872520739252057,20.483460559796654,-0.49549719140529547,3,True
META,2025-04-09 11:06:00-04:00,509.215,101796,506.6379041258201,507.3768686693108,0.24329741125175275,62.09935788196486,0.5744977454858096,3,True
META,2025-04-09 11:47:00-04:00,510.2696,72987,507.93215764037825,508.47209704131143,0.5893392209430859,57.06440787466607,0.027833714180266256,3,True
META,2025-04-09 13:02:00-04:00,514.3151,259868,512.9195588716816,512.2898840532871,0.2290018318587661,66.39956206170811,0.18472180574019087,3,True
META,2025-04-09 13:19:00-04:00,525.7225,304782,515.6117796510108,514.1173213471437,2.9657448392024666,69.0023786700749,0.7061627907615723,3,True
META,2025-04-09 13:21:00-04:00,530.85,171082,520.392738976647,516.6572903695402,0.8367445792057948,78.46027061213545,1.7533923668333622,3,True
META,2025-04-09 13:22:00-04:00,533.6,234324,523.0341911813176,518.197536699582,0.5180371102948111,81.76000095788879,2.1591430736414354,3,True
META,2025-04-09 13:23:00-04:00,538.0905,247812,526.0454529450541,520.0059879087108,0.8415479760119915,83.87874266151283,2.570435218065919,3,True
META,2025-04-09 13:24:00-04:00,541.29,208579,529.0943623560433,521.940898098828,0.5946025807926247,88.05806725063574,2.8753928685981305,3,True
META,2025-04-09 13:25:00-04:00,545.16,290016,532.3074898848347,524.0517255443891,0.7149587097489363,88.98358732789035,3.1339518760506193,3,True
META,2025-04-09 13:26:00-04:00,549.9408,228573,535.8341519078677,526.4052777676264,0.8769535549196572,89.87456040524003,3.4008572404387927,3,True
META,2025-04-09 13:27:00-04:00,554.19,265496,539.5053215262942,528.9311616069332,0.772664985031124,90.64486291623186,3.6173256077581044,3,True
META,2025-04-09 13:35:00-04:00,560.67,379748,550.8439532071609,541.0024304743562,0.8217946412515609,77.81197537772793,1.2553593780202306,3,True
META,2025-04-09 15:50:00-04:00,586.845,164012,584.4841241450387,583.4440248562508,0.2930972604378468,60.84888401024555,0.10743235160038633,3,True
AMZN,2025-04-09 04:15:00-04:00,172.0,3311,183.4975270900923,261.803394355906,0.29739343401946616,30.975143403442416,6.030860059045182,3,True
AMZN,2025-04-09 04:34:00-04:00,170.72,4666,171.4379640531521,186.31828289743657,0.14665337009445167,29.396984924624476,10.138954737530192,3,True
AMZN,2025-04-09 04:35:00-04:00,171.14,10667,171.3783712425217,184.9384389976696,0.24601686972820502,38.03827751196274,9.616834175916715,4,True
AMZN,2025-04-09 04:40:00-04:00,171.52,6518,171.35165828874955,179.77667831784314,0.1518159523531626,37.320574162680444,7.2069566490617945,3,True
AMZN,2025-04-09 04:53:00-04:00,171.97,4039,171.753538509859,174.31235749460532,0.20977798496590871,65.97938144330057,3.1890853739721177,3,True
AMZN,2025-04-09 05:26:00-04:00,171.56,3515,172.09405490242588,172.4227140803067,-0.12807078821748252,8.441558441560048,0.21812120397256085,3,True
AMZN,2025-04-09 05:27:00-04:00,171.93,379,172.0612439219407,172.3779218911879,0.21566798787595598,23.783783783785267,0.20828508822334246,3,True
AMZN,2025-04-09 05:42:00-04:00,171.21,3093,171.62409832069977,171.9079008747325,-0.11667930692490502,39.85765124555315,0.06119458415692092,3,True
AMZN,2025-04-09 05:45:00-04:00,171.04,2260,171.43782292524787,171.769670144407,-0.0876219405339107,31.380753138077196,0.028200475639168054,3,True
AMZN,2025-04-09 05:49:00-04:00,171.0,3189,171.27757227018157,171.5820368447558,-0.11098779134295356,32.97491039426693,0.03877279306310799,3,True
AMZN,2025-04-09 06:28:00-04:00,170.64,3088,170.5197163894361,170.71889712561298,0.0,38.93557422969255,0.017832226810798657,3,True
AMZN,2025-04-09 06:29:00-04:00,170.67,4081,170.54977311154886,170.71445193237543,0.017580872011246917,36.25730994152109,0.03554723810469995,3,True
AMZN,2025-04-09 06:41:00-04:00,171.1,4627,170.58533546255748,170.57281166150042,0.2225866916588437,57.41935483871073,0.09625953090402867,4,True
AMZN,2025-04-09 06:47:00-04:00,171.38,3685,170.9652552994967,170.79305213961047,0.2105016957080874,77.65567765567835,0.10659033318935733,3,True
AMZN,2025-04-09 06:50:00-04:00,172.18,3412,171.37501071334233,171.03819093885082,0.3965014577259618,77.74294670846477,0.15674149091422243,3,True
AMZN,2025-04-09 06:53:00-04:00,172.42,3409,171.7940854852313,171.33254014939956,0.20922933860281212,83.38983050847469,0.16615085281580966,3,True
AMZN,2025-04-09 06:57:00-04:00,172.98,4583,172.30109741475079,171.7413278801991,0.2201622247972157,81.87919463087286,0.1452436185377317,3,True
AMZN,2025-04-09 07:48:00-04:00,168.51,24239,167.77406869986103,168.16229166403076,0.6871414913957707,50.00000000000067,0.031503033294143834,3,True
AMZN,2025-04-09 08:02:00-04:00,167.94,7042,167.7937690908054,167.89743795923516,0.2020867379906921,37.31867936282083,0.06352437677526226,3,True
AMZN,2025-04-09 08:41:00-04:00,168.45,8946,167.88005664777975,167.91481813461624,0.387365911799753,61.78921269763917,0.03988392998378126,3,True
AMZN,2025-04-09 08:42:00-04:00,168.6801,7391,168.0400653182238,167.9843892132875,0.13659839715050026,64.54459739770012,0.08710814061572099,3,True
AMZN,2025-04-09 08:48:00-04:00,169.64,7989,169.00761776278048,168.5657628234577,0.2304283604135815,84.040138997234,0.18334876944952178,3,True
AMZN,2025-04-09 08:51:00-04:00,170.5,11039,169.52874829454362,168.93337777870602,0.4280413940236816,88.2068262862962,0.20141844332962688,3,True
AMZN,2025-04-09 09:00:00-04:00,171.45,22210,170.60965769877757,169.98338249198716,0.8206192720568994,69.46397818599351,0.04319003290294732,3,True
AMZN,2025-04-09 09:30:00-04:00,172.785,1586738,171.62857939432973,171.3485346568871,0.35137646648855103,63.41745726628264,0.08448543765529387,3,True
AMZN,2025-04-09 10:00:00-04:00,174.7,428105,173.98598687980066,173.488956304374,0.5120533916345371,81.23184195235328,0.037109473565241524,3,True
AMZN,2025-04-09 11:15:00-04:00,172.47,166644,171.86799608698288,171.81834223393503,0.3695405476183522,81.83279742765305,0.18589054634104996,3,True
AMZN,2025-04-09 11:47:00-04:00,171.76,245528,171.16767419044038,171.35865473687406,0.4180186500628569,60.4975299929437,0.04828448936297064,3,True
AMZN,2025-04-09 12:50:00-04:00,172.44,189343,172.01742521472752,171.92517722958274,0.25581395348837077,63.93332645267907,0.020233006434763667,3,True
AMZN,2025-04-09 13:02:00-04:00,173.19,423343,172.38289139098148,172.2135389245008,0.5865954233941206,69.51738821859522,0.041247111214364196,3,True
AMZN,2025-04-09 13:04:00-04:00,173.27,372067,172.60465049022818,172.34647845000063,0.3532954940345334,60.50207510881738,0.08157204676247373,3,True
AMZN,2025-04-09 13:16:00-04:00,172.42,254756,172.12614262808196,172.19252000492222,0.2908329455560743,38.968481375358955,-0.04522429316179897,3,True
AMZN,2025-04-09 13:19:00-04:00,176.68,1065068,172.94554502557799,172.5459053380332,3.1527323680523134,69.54570947840753,0.24376803267955122,4,True
AMZN,2025-04-09 13:20:00-04:00,177.83,890182,173.92243602046238,173.02627758003018,0.650894272130409,76.96335078534054,0.500379602524865,3,True
AMZN,2025-04-09 13:21:00-04:00,178.557,685606,174.8493488163699,173.52907052730015,0.40881740988583104,81.69313239607592,0.6797787621030854,3,True
AMZN,2025-04-09 13:22:00-04:00,179.63,751492,175.80547905309595,174.08370047936376,0.600928555027247,85.03717472118976,0.8219098367676808,3,True
AMZN,2025-04-09 13:23:00-04:00,180.61,769560,176.7663832424768,174.6770004357852,0.5455658854311762,86.35976129582278,0.9254229105085017,3,True
AMZN,2025-04-09 13:25:00-04:00,182.36,635881,178.46648527518516,175.8484301122192,1.0864745011086585,88.96247240618106,0.9861911325764501,3,True
AMZN,2025-04-09 13:26:00-04:00,184.51,727668,179.67518822014813,176.6358455565629,1.1789866198727683,90.34127495170641,1.1009196376077959,3,True
AMZN,2025-04-09 13:27:00-04:00,185.6025,862889,180.8606505761185,177.45099596051173,0.5921088287897724,91.19553746419417,1.1708447497616992,3,True
AMZN,2025-04-09 15:20:00-04:00,188.98,413081,187.8731117254239,187.41482339107998,0.3451388520150589,79.5285612463095,0.20111321411174304,3,True
AMZN,2025-04-09 15:50:00-04:00,191.2155,661635,190.08382682305586,189.72352655218927,0.4467733039161592,68.82255389718127,0.046234872729716714,3,True
AMZN,2025-04-09 15:52:00-04:00,191.64,503708,190.54004916675578,190.00241863817297,0.34033195455258625,77.6085805084754,0.13205823679523554,3,True
AMZN,2025-04-09 15:57:00-04:00,191.18,774987,190.99181771096255,190.48178840129702,0.2464474857112986,64.14260459634701,0.028077164526115084,3,True
AMZN,2025-04-09 16:00:00-04:00,191.9,13849379,191.18189066801284,190.6966103691187,0.4975124378109541,71.86327991817282,0.013558339479648462,3,True
GOOGL,2025-04-09 04:41:00-04:00,144.97,3109,144.62793574836277,146.01081978320823,0.2766825759147773,50.96418732782436,1.014414233787233,3,True
GOOGL,2025-04-09 05:25:00-04:00,144.67,1424,145.1583049659477,145.29080515223455,-0.22758620689655729,29.801324503313324,0.00459665063303788,3,True
GOOGL,2025-04-09 05:39:00-04:00,144.84,2195,145.02540909699343,145.16736397574488,-0.07588823732320726,34.55284552845721,0.0019821426110091522,3,True
GOOGL,2025-04-09 06:50:00-04:00,145.06,2856,144.4926053508098,144.29974452567697,0.2557191236436607,83.7438423645321,0.12745984442950026,3,True
GOOGL,2025-04-09 06:57:00-04:00,145.6,4049,145.06872737366618,144.73099539983352,0.3100241129865511,80.97560975609662,0.10340881097196883,3,True
GOOGL,2025-04-09 07:12:00-04:00,143.98,6558,143.63909965348043,143.86340245783816,0.264623955431742,32.91139240506388,-0.009293988556682092,3,True
GOOGL,2025-04-09 07:28:00-04:00,144.2,5012,143.83623692557344,143.85444449482975,0.2781641168289051,56.7264573991037,0.04531242414596642,3,True
GOOGL,2025-04-09 07:48:00-04:00,144.05,11110,143.026087041212,143.17699613139467,0.974344595541865,55.913978494624246,0.05686571346081787,3,True
GOOGL,2025-04-09 08:43:00-04:00,143.3,1274,142.87688228687287,142.87236641047267,0.20979020979021712,63.87054161162635,0.05829420818430503,3,True
GOOGL,2025-04-09 08:51:00-04:00,144.05,3267,143.53150371213445,143.25925632735624,0.2640065093300059,76.3499579928217,0.11926423390811203,3,True
GOOGL,2025-04-09 08:55:00-04:00,144.53,7943,143.99871192049028,143.5912296478084,0.21494938288726395,81.47056683402499,0.13110815913093543,3,True
GOOGL,2025-04-09 09:00:00-04:00,144.91,7947,144.2710755221063,143.8843836721339,0.5202552719200781,74.62828122131805,0.06644836054854775,3,True
GOOGL,2025-04-09 09:32:00-04:00,145.16,148259,144.838337613443,144.82337981263225,0.21747385135835184,48.15483024438362,-0.00825770463011323,3,True
GOOGL,2025-04-09 09:39:00-04:00,145.52,154124,144.83769348427074,144.7996319602431,0.3655424512035266,62.230215827338974,0.030514469567727073,3,True
GOOGL,2025-04-09 10:00:00-04:00,145.76,226183,145.398528391997,145.27428907159376,0.32003854227606876,64.45497630331809,0.015488133854626523,3,True
GOOGL,2025-04-09 10:23:00-04:00,145.57,158156,145.32860476624145,145.30955824374055,0.2651789096669743,58.558457989135256,0.02018034611970461,4,True
GOOGL,2025-04-09 11:15:00-04:00,145.5374,126737,145.1388482190019,144.97989451514064,0.3394808507704461,79.32832387670527,0.08804509896194913,3,True
GOOGL,2025-04-09 11:47:00-04:00,145.34,136683,144.85056394006952,144.9516054763035,0.34520850593757757,57.209302325582655,0.018154237751171642,3,True
GOOGL,2025-04-09 11:48:00-04:00,145.71,83879,145.02245115205562,145.0205504330032,0.25457547818907855,63.492063492064545,0.07526850230941236,3,True
GOOGL,2025-04-09 13:02:00-04:00,146.92,380566,146.35274528173858,146.28431038773834,0.4718593995760134,69.5154388805368,0.032694708311055816,4,True
GOOGL,2025-04-09 13:04:00-04:00,147.02,190394,146.5353569803127,146.3822399898664,0.2454657029865137,65.15889174117096,0.0710996574322374,3,True
GOOGL,2025-04-09 13:19:00-04:00,149.91,955533,147.1268380263987,146.74866771064413,2.8471459934138243,71.16212338593981,0.19322125708176946,4,True
GOOGL,2025-04-09 13:21:00-04:00,150.515,440969,148.24017633689516,147.34737000879682,0.443777110443766,76.79180887372013,0.42395886176038566,3,True
GOOGL,2025-04-09 13:22:00-04:00,151.61,478952,148.91414106951612,147.7348818261789,0.7275022423014477,82.65682656826561,0.5339000569812946,3,True
GOOGL,2025-04-09 13:23:00-04:00,152.4,559682,149.6113128556129,148.15898347834445,0.5210738077963128,84.08577878103827,0.621357089594141,3,True
GOOGL,2025-04-09 14:03:00-04:00,155.88,320058,155.17065854033905,154.61392520587222,0.2637164726313701,65.55219012115617,0.03323870732725398,3,True
GOOGL,2025-04-09 14:46:00-04:00,154.92,300478,155.30853143149403,155.6103699140868,0.2523781789943502,23.62459546925622,-0.19939966936671583,3,True
GOOGL,2025-04-09 15:50:00-04:00,158.74,406305,158.01594135854594,157.60514922146623,0.4117933569065535,79.77777777777723,0.03444618983737935,3,True
QQQ,2025-04-10 05:51:00-04:00,455.25,8007,455.0176644839924,455.005307972028,0.0043933835643494845,34.831460674158734,-0.05976788080789547,3,True
QQQ,2025-04-10 08:30:00-04:00,457.34,107415,455.1319438626642,455.1384130877326,0.616007392088691,67.84140969163,0.1928633273888068,3,True
QQQ,2025-04-10 08:31:00-04:00,458.0,79099,455.7055550901314,455.39855735248415,0.1443127651200582,67.55555555555586,0.34957208077344154,3,True
QQQ,2025-04-10 11:34:00-04:00,445.87,337179,445.9152241872888,446.840610998418,0.24731883895048323,35.02943931486763,-0.061006996755430865,3,True
QQQ,2025-04-10 12:49:00-04:00,441.5,481793,439.71090297124914,439.07050962162003,0.41393740902473386,68.90052356020932,0.2053666825193199,3,True
QQQ,2025-04-10 12:57:00-04:00,441.5,590781,440.709939397437,440.0786910833052,0.2975987641700151,61.07806543044791,0.03128982434345495,3,True
QQQ,2025-04-10 13:02:00-04:00,444.97,616817,442.39130814175223,441.2171356236876,0.7243360290793754,68.69310793237973,0.2757473821173986,3,True
QQQ,2025-04-10 13:25:00-04:00,439.88,406587,438.1918939745993,438.63278767215337,0.3421688945663526,62.0046907789165,0.16811581174523038,3,True
QQQ,2025-04-10 13:45:00-04:00,445.19,368271,443.4577183712049,442.25565175737705,0.20708127940216592,68.71662745976637,0.257742398569757,3,True
QQQ,2025-04-10 14:22:00-04:00,447.82,191055,445.34544084197523,445.0255278338309,0.2844026424812407,61.41450313339325,0.2796679823325815,3,True
QQQ,2025-04-10 14:25:00-04:00,448.39,347081,446.62478571109136,445.7513281997227,0.2033610440689948,74.05000000000003,0.4504788371513851,3,True
QQQ,2025-04-10 15:45:00-04:00,441.99,324924,442.4431462390561,443.8990391641282,0.23130825226205243,23.83798140770321,-0.30528989976515675,3,True
QQQ,2025-04-10 15:50:00-04:00,444.9185,452683,442.677031759614,443.42713907341664,0.7172608941709013,52.25489724214305,0.19639573939914223,3,True
QQQ,2025-04-10 15:56:00-04:00,447.53,548099,445.49335629359234,444.7051870093192,0.34979931385517027,73.96533685858213,0.684589936560079,3,True
SPY,2025-04-10 07:23:00-04:00,534.88,38568,534.4178585521493,534.4159999363245,0.02431042543244999,58.20224719101231,0.11252271340111519,3,True
SPY,2025-04-10 07:33:00-04:00,534.9,26677,534.488268336044,534.4625664953945,0.016828406349933545,61.437908496732256,0.044495537198973936,3,True
SPY,2025-04-10 08:30:00-04:00,536.42,316262,533.8128912767482,533.7653889001159,0.6416510318949298,64.59054209919258,0.19425723287004865,4,True
SPY,2025-04-10 09:32:00-04:00,532.53,565297,532.8285997446768,533.2826087114759,0.21076005344273785,37.7180538041198,-0.25489943543853266,3,True
SPY,2025-04-10 11:54:00-04:00,521.47,512090,521.0639968886596,521.9069487224623,0.20176011682873085,42.00000000000013,0.007178639100463902,3,True
SPY,2025-04-10 12:49:00-04:00,519.4799,749875,517.4951904879993,516.749629805259,0.36125654450263056,67.90445623291671,0.20423683193290965,3,True
SPY,2025-04-10 13:02:00-04:00,523.1,1540492,520.1359079286158,518.9358248798604,0.7007276787433181,69.1422594142259,0.27290789460040776,3,True
SPY,2025-04-10 13:45:00-04:00,524.14,581512,521.6119229429222,520.1230699322292,0.2889041408062898,70.90327737809774,0.3763791439144859,3,True
SPY,2025-04-10 15:50:00-04:00,523.21,1261234,520.874215118654,521.7142370222098,0.6308541534437495,53.16635160680585,0.2460315788426397,3,True
TSLA,2025-04-10 04:19:00-04:00,262.19,26802,265.7442807709252,301.9370285483384,0.3406046689628628,33.38150289017392,7.988799890049222,3,True
TSLA,2025-04-10 04:22:00-04:00,262.05,36631,263.7469117547137,291.9125308402241,0.3062200956937877,38.63337713534887,9.092346812092146,4,True
TSLA,2025-04-10 04:25:00-04:00,261.26,21885,262.53521881841345,284.29736351632164,0.2224950130428116,35.43990086741036,9.060026576365331,3,True
TSLA,2025-04-10 04:27:00-04:00,261.88,12542,262.19534004378465,280.35302769943934,0.2488228763924516,37.67741935483892,8.743751367506086,3,True
TSLA,2025-04-10 04:31:00-04:00,260.05,58437,261.4458512819342,274.2213050334262,-0.4135871022096227,38.169934640523195,7.478226047893109,3,True
TSLA,2025-04-10 04:33:00-04:00,259.42,53347,260.79654482043793,271.69380581274885,-0.19236688211757835,29.72181551976624,6.68693275989726,3,True
TSLA,2025-04-10 04:37:00-04:00,258.1,57440,259.67138475845144,267.66226747677666,-0.2743325219272785,22.14285714285748,5.24829601512873,3,True
TSLA,2025-04-10 04:40:00-04:00,259.0,20596,259.1373489963272,265.3929132056924,0.20505281077105586,31.630971993410512,4.419654218238115,3,True
TSLA,2025-04-10 04:42:00-04:00,259.62,21147,259.2119033576495,264.3397629799111,0.23938223938224645,32.81250000000048,4.0186866241144035,3,True
TSLA,2025-04-10 05:13:00-04:00,260.7,22305,260.4977726027968,260.48336317317063,-0.1723147616312426,63.77649325626281,0.5353559270611665,3,True
TSLA,2025-04-10 05:20:00-04:00,262.35,35789,261.3805831209501,260.9802929415309,0.3212114259492971,68.75000000000044,0.41259209300949656,3,True
TSLA,2025-04-10 06:15:00-04:00,264.47,31710,263.5890536117588,263.1888383235524,0.2691841067637313,77.07182320441902,0.08990432227040779,3,True
TSLA,2025-04-10 07:00:00-04:00,263.1,33050,262.39478209408753,262.5919717949213,0.3623879458325652,52.13483146067469,0.06306676244415288,3,True
TSLA,2025-04-10 07:10:00-04:00,263.09,9508,262.5974219775069,262.593524596012,0.2056751095029341,61.28364389233978,0.08324381878705994,3,True
TSLA,2025-04-10 08:30:00-04:00,265.62,218458,262.6379271835311,262.4386884627579,1.4320082483675112,77.47329960652071,0.24529041356045764,4,True
TSLA,2025-04-10 08:31:00-04:00,267.5,169797,263.6103417468249,262.8988076934163,0.7077780287628954,80.93028788960271,0.5110836451754637,3,True
TSLA,2025-04-10 09:36:00-04:00,260.3,787285,260.46203071475446,261.0158316177324,-0.16109235961951907,39.56089478044779,0.014620287925688924,3,True
TSLA,2025-04-10 10:05:00-04:00,255.67,453371,255.26480592154098,256.35225564105184,0.41888662174713875,38.66806417802187,0.008904414890323897,3,True
TSLA,2025-04-10 10:08:00-04:00,254.49,417100,254.802428631829,255.84791032385561,0.2879500376931965,35.959608020400964,0.024960716439047292,3,True
TSLA,2025-04-10 11:45:00-04:00,250.095,579593,250.42941185120273,251.01384297359718,0.2746481696804359,44.97439180537816,0.005068548184011035,3,True
TSLA,2025-04-10 12:23:00-04:00,241.08,927522,241.94808473154032,243.29277405580612,0.3350327749453763,31.375662352528835,-0.17526465132890445,3,True
TSLA,2025-04-10 12:33:00-04:00,244.7887,474255,242.99492529739368,242.9030116411191,0.2246560759908256,58.46552912090169,0.55729382671515,3,True
TSLA,2025-04-10 13:02:00-04:00,249.768,1070971,246.97474276225407,245.91706011966815,1.3627693681262931,71.4637010937387,0.318826843805879,3,True
TSLA,2025-04-10 14:21:00-04:00,251.25,350164,249.83617695575026,249.79979169654285,0.355488097140122,46.741671667995675,0.011845514179368855,3,True
TSLA,2025-04-10 15:33:00-04:00,249.63,261451,249.19225697657242,249.95208892846688,0.26509217978070154,35.71226481822093,0.026538753207662857,3,True
TSLA,2025-04-10 15:50:00-04:00,250.1,757288,247.4504635919952,247.77832085076653,1.2919687335466445,62.34396671289914,0.34267343393133387,3,True
TSLA,2025-04-10 15:52:00-04:00,251.03,697510,248.51669669887696,248.22778582707974,0.5568017945842163,67.18036529680384,0.5937565525920099,4,True
AAPL,2025-04-10 04:33:00-04:00,192.72,14937,193.81163937381905,196.47177620655492,-0.5162089613875653,21.118012422361673,1.4224257767458575,3,True
AAPL,2025-04-10 04:34:00-04:00,193.23,4124,193.69531149905526,196.17706927868628,0.2646326276463107,35.62874251497105,1.3431715784911633,3,True
AAPL,2025-04-10 04:35:00-04:00,192.96,14407,193.54824919924422,195.88460843516933,-0.1397298556124693,31.4447592067998,1.2559640387780497,3,True
AAPL,2025-04-10 04:36:00-04:00,192.99,8404,193.43659935939542,195.62146221379027,0.015547263681603418,30.85714285714377,1.1846257651015586,3,True
AAPL,2025-04-10 04:44:00-04:00,192.53,8692,192.93561811358043,194.14416951592978,-0.1969830490902491,26.843657817110767,0.7682668940275725,3,True
AAPL,2025-04-10 04:55:00-04:00,191.87,9091,192.38261578600992,193.06431337475274,-0.09372559229368083,31.38686131387081,0.30748116392187375,3,True
AAPL,2025-04-10 05:02:00-04:00,191.31,10124,191.84616252208627,192.40513708518938,-0.3593749999999951,18.796992481204754,0.1960811155474822,3,True
AAPL,2025-04-10 06:58:00-04:00,193.33,7518,193.22958849258413,193.55803010441974,0.2696955552097924,33.793103448277066,-0.07933321618137346,3,True
AAPL,2025-04-10 08:30:00-04:00,192.61,56772,191.96053197891354,191.99522815457655,0.37898133652416455,66.31016042780834,0.0912783051109532,3,True
AAPL,2025-04-10 08:31:00-04:00,193.05,17731,192.17842558313086,192.0911165041605,0.22844089091946795,71.62162162162198,0.15024306772824533,3,True
AAPL,2025-04-10 09:23:00-04:00,190.93,11909,190.45190039294633,190.4064125462952,0.23624527509451543,60.27905095713213,0.11969134373453119,3,True
AAPL,2025-04-10 09:32:00-04:00,191.95,673513,190.5550025826749,190.4390936699846,0.7717345653087015,61.560611648557675,0.11455526552488662,4,True
AAPL,2025-04-10 11:54:00-04:00,188.11,214529,187.96374349040258,188.2541320983881,0.25582262964345404,38.19382656902425,0.0011477559806828963,3,True
AAPL,2025-04-10 12:24:00-04:00,184.605,352022,184.80145121171932,185.63680073263936,0.20354991043805004,29.602974913047348,-0.14864332230786237,3,True
AAPL,2025-04-10 12:28:00-04:00,184.51,372505,184.32838641632026,185.10943359923456,0.5832969908416974,36.68386318716337,-0.04724810084925002,3,True
AAPL,2025-04-10 12:44:00-04:00,187.53,397798,186.81022196150096,186.32203353583589,0.40154192097654473,75.20547945205519,0.18397137315265244,3,True
AAPL,2025-04-10 13:02:00-04:00,188.825,533358,187.80830101416495,187.4098686156165,0.7407304656614544,61.60734820607209,0.05505770311238656,3,True
AAPL,2025-04-10 13:45:00-04:00,189.085,726558,188.73100111138362,188.22990101108266,0.4755831872044203,57.637337496299544,0.005896063332665347,3,True
AAPL,2025-04-10 14:22:00-04:00,191.38,375631,189.81196683536567,189.63005547612784,0.5147058823529393,64.53899594479937,0.18383746273751916,4,True
AAPL,2025-04-10 14:31:00-04:00,192.065,362597,191.42203768785416,190.77144458865044,0.3133732013683943,80.80171217029206,0.16498745979816637,3,True
AAPL,2025-04-10 15:00:00-04:00,191.61,189247,190.8435754850984,190.80462397691105,0.4613852042153921,57.40769620648043,0.06902215040871172,3,True
AAPL,2025-04-10 15:19:00-04:00,191.75,176169,191.11076656477326,191.02858727388502,0.2719238613188457,53.54765467774471,0.05886752355177566,3,True
AAPL,2025-04-10 15:50:00-04:00,190.53,421470,189.36412657155776,189.6555323827108,0.6816740646797603,52.18093699515401,0.11702566383079971,3,True
AAPL,2025-04-10 15:51:00-04:00,190.96,420358,189.68330125724623,189.77412034791888,0.22568624363616951,56.13496932515386,0.2170889009183481,3,True
AAPL,2025-04-10 15:54:00-04:00,191.76,414281,190.4858502437101,190.15220161376325,0.3716304632294998,69.1472868217058,0.35427792662841406,3,True
AAPL,2025-04-10 15:56:00-04:00,191.98,519297,190.87334415597445,190.39173687087873,0.4920435510887833,73.77049180327893,0.34839992469048037,3,True
MSFT,2025-04-10 08:30:00-04:00,386.8,6919,384.3047638935215,384.3032624675538,0.7816571130797367,73.69347414026623,0.19563589011377103,4,True
MSFT,2025-04-10 09:32:00-04:00,382.08,205559,382.2353658865106,383.1245971690273,0.5486914301503942,35.47418967587066,-0.3871640266076257,3,True
MSFT,2025-04-10 11:45:00-04:00,377.34,137601,377.0893701017998,377.42485549529255,0.21246082753492157,50.92515496345643,0.037733071061981094,3,True
MSFT,2025-04-10 12:30:00-04:00,370.87,135979,370.48217656521103,371.54341727057033,0.3510813169270044,37.54502950869952,-0.02738636271555772,3,True
MSFT,2025-04-10 13:02:00-04:00,376.405,131792,374.5736497452284,373.72453109400396,0.5466953593134205,70.58448633868582,0.2567946211704796,3,True
MSFT,2025-04-10 15:00:00-04:00,380.3,85972,379.1772856268592,378.9833287351619,0.26760879022371675,60.37212984956509,0.07099648227732344,3,True
MSFT,2025-04-10 15:50:00-04:00,380.69,197683,379.1826517740591,379.54041410037485,0.5785997357992123,56.223786514925,0.07851645701787169,3,True
MSFT,2025-04-10 15:54:00-04:00,382.495,217827,380.7339421666547,380.2414647909124,0.26606899444270304,70.38314445930428,0.43621327980056956,3,True
MSFT,2025-04-10 15:56:00-04:00,382.485,192329,381.112322986659,380.5006733809193,0.41348350003937995,68.61547938256409,0.39645196551569867,3,True
NVDA,2025-04-10 04:19:00-04:00,110.03,54341,113.45868904888263,150.74748791814596,0.2825373678454257,31.11111111111265,8.457428465244078,3,True
NVDA,2025-04-10 04:22:00-04:00,110.26,41611,111.80364879302793,140.6274589918452,0.3093158660844253,38.306451612904695,9.605729524590288,3,True
NVDA,2025-04-10 04:24:00-04:00,109.88,94436,111.18633522753788,135.32996610896296,-0.42591753511553865,28.571428571429948,9.675331785640005,3,True
NVDA,2025-04-10 04:25:00-04:00,110.2,36272,110.98906818203032,133.04542373542088,0.29122679286495146,38.22525597269751,9.576638107140283,3,True
NVDA,2025-04-10 04:33:00-04:00,109.3,132596,110.06824671328653,120.74350167391515,-0.3646308113035568,36.43122676580059,7.0625873086826765,3,True
NVDA,2025-04-10 04:40:00-04:00,109.52,42525,109.52985438912626,115.22095590782013,0.28385678967128847,31.555555555557675,4.6793497085296565,3,True
NVDA,2025-04-10 04:41:00-04:00,109.91,53648,109.60588351130102,114.73814173438194,0.356099342585825,39.84375000000126,4.42924864571736,3,True
NVDA,2025-04-10 05:26:00-04:00,109.77,37164,110.00226165893434,110.06133822270543,-0.20909090909091432,37.58865248227156,0.1467304301754898,3,True
NVDA,2025-04-10 05:36:00-04:00,110.41,32224,110.11627773657898,110.06589173240035,0.22694262890341488,56.32911392405218,0.11367902189660276,3,True
NVDA,2025-04-10 06:10:00-04:00,111.05,73681,110.7924468799053,110.60937369138075,0.2256317689530718,65.94594594594689,0.04023263569601376,3,True
NVDA,2025-04-10 06:38:00-04:00,111.46,40999,111.19931863137917,111.07319034947312,0.23381294964028854,68.09815950920313,0.02316455420785786,3,True
NVDA,2025-04-10 07:00:00-04:00,111.05,103369,110.81666418891419,110.87330245587638,0.27088036117381975,54.19354838709835,0.01010136614780198,3,True
NVDA,2025-04-10 07:04:00-04:00,111.1,52693,110.91431365177928,110.90547944530863,0.18034265103696878,56.983240223465195,0.03621250336216554,3,True
NVDA,2025-04-10 08:30:00-04:00,110.99,427827,110.08833518264717,110.09657504820241,1.0837887067395302,76.5931959750848,0.09179293574354552,3,True
NVDA,2025-04-10 08:31:00-04:00,111.09,199069,110.28866814611774,110.18688640745673,0.09009820704568572,76.36900154798869,0.143464526122765,3,True
NVDA,2025-04-10 09:30:00-04:00,109.625,6533335,109.86310444004448,110.1044010098088,0.26065483811963386,28.764796142045142,-0.12392066429433976,3,True
NVDA,2025-04-10 09:32:00-04:00,109.7597,2332167,109.59384947330278,109.90445132217039,1.1610138248847823,39.82131778136329,-0.11093700823764274,3,True
NVDA,2025-04-10 10:02:00-04:00,107.505,2628443,107.83048837511232,108.37811983255574,0.3968995143817766,28.35010593220437,-0.12535205814127093,3,True
NVDA,2025-04-10 10:21:00-04:00,108.5513,1111526,108.16971542663917,108.12285227227429,0.3525006933530417,60.34104982375984,0.10985022864186997,3,True
NVDA,2025-04-10 10:31:00-04:00,110.15,1800042,109.39864127008806,108.94889847890076,0.4926557795821518,77.65667574931926,0.1382895722791727,3,True
NVDA,2025-04-10 12:08:00-04:00,106.0742,1125989,105.7373300601597,106.12699308779638,0.3302908489004608,38.88488776857633,0.0638641600026768,3,True
NVDA,2025-04-10 12:16:00-04:00,105.16,2215329,105.53051848402595,105.83262959391747,-0.02851982127578534,39.27038626609536,0.019423195075615796,3,True
NVDA,2025-04-10 12:23:00-04:00,103.83,1786483,104.35824504886124,105.00679671919409,0.4255730728310203,26.95035460993006,-0.12494604531606734,3,True
NVDA,2025-04-10 12:34:00-04:00,105.575,938013,104.91779938419549,104.84623487867435,0.22308714638314964,58.57212895809069,0.24426230213719924,3,True
NVDA,2025-04-10 12:49:00-04:00,106.6294,1566557,106.00336912262914,105.67111564554088,0.4752885747938862,72.83094812164656,0.08849902872454923,3,True
NVDA,2025-04-10 13:02:00-04:00,107.75,1902956,106.98628103792423,106.51595549474887,0.6962291481706462,68.3449988710774,0.09556718836698924,3,True
NVDA,2025-04-10 14:22:00-04:00,107.92,798486,107.2439393793397,107.18346356939969,0.24150102173510213,58.00524934383261,0.08792465987239406,3,True
NVDA,2025-04-10 15:00:00-04:00,108.434,988139,108.17069370119661,108.16613233076538,0.3739701934647677,56.98167560214544,0.0022216817217670017,3,True
NVDA,2025-04-10 15:19:00-04:00,107.6701,855177,107.38714549248441,107.58099609860953,0.242156223815293,39.07819162056567,0.011973711885890914,3,True
NVDA,2025-04-10 15:20:00-04:00,107.9,1103771,107.48971639398754,107.6099964532814,0.21352260283959978,41.940358654041184,0.05259996825900898,3,True
NVDA,2025-04-10 15:50:00-04:00,107.2285,1818060,106.36848689133402,106.56367723312067,1.101734867056381,50.98580936832911,0.07230388059907827,3,True
NVDA,2025-04-10 15:56:00-04:00,107.91,2133430,107.2600014276419,106.98533207951668,0.4186670215270638,72.6055334414471,0.2154216647797675,3,True
META,2025-04-10 08:30:00-04:00,575.7086,14483,573.9230127797209,574.1672763317821,0.3466150735550455,55.29859161157705,0.14598840399879887,3,True
META,2025-04-10 08:31:00-04:00,576.0,7848,574.3384102237768,574.3338875743474,0.05061588449433163,65.45652388960326,0.26982443277021206,3,True
META,2025-04-10 09:06:00-04:00,574.0,2458,572.8233982820555,572.6664284916206,0.21999511121975068,66.43871646501906,0.2659895672121241,3,True
META,2025-04-10 09:25:00-04:00,578.8,9978,575.5606520791625,574.4242790976355,0.4861111111110983,77.39663478002792,0.4532053610473601,3,True
META,2025-04-10 09:30:00-04:00,580.975,497007,576.9886344733001,575.6023736876117,0.9513466550825411,76.07027041163272,0.3702104585354038,3,True
META,2025-04-10 09:32:00-04:00,576.735,190620,577.1985888503298,576.0946481499711,0.2269959376381525,54.305723758661266,0.06681515033240792,3,True
META,2025-04-10 12:34:00-04:00,544.04,46882,541.548934044718,541.5227809714544,0.23952537126432638,58.12651801530345,0.7814717690016688,3,True
META,2025-04-10 13:02:00-04:00,550.545,166692,547.7135032366307,546.3419238823202,0.7410863777344678,68.17144306365739,0.298027577414254,3,True
META,2025-04-10 13:45:00-04:00,549.65,70110,547.6148560619276,546.4649908557989,0.20509548334168848,62.68722331055554,0.20676194141644422,3,True
META,2025-04-10 14:22:00-04:00,551.5397,55846,548.3806826848588,548.0208817357839,0.2720877691221091,62.44706078708199,0.4870947535735208,3,True
META,2025-04-10 15:00:00-04:00,551.97,72588,550.1217741808073,550.3103783398311,0.3991811929016986,58.34352882873099,0.1502527885936461,3,True
META,2025-04-10 15:19:00-04:00,548.819,50763,547.6296257480337,548.3890156222484,0.2784604281055092,37.85483448336122,0.02943034229115571,3,True
META,2025-04-10 15:50:00-04:00,544.6552,134290,542.2143225791339,543.4849941611858,0.7557208132156878,47.43620462441619,0.10178587941895478,3,True
META,2025-04-10 15:54:00-04:00,547.345,114246,544.7089465284132,544.3948764846566,0.26010898933004345,61.58781074579027,0.7874560321853905,3,True
AMZN,2025-04-10 04:23:00-04:00,187.0,7123,189.28676711158187,227.2392402455379,-0.1015011485656303,33.96226415094522,12.816612610853895,3,True
AMZN,2025-04-10 04:24:00-04:00,186.51,8819,188.73141368926548,223.5365820413981,-0.26203208556150326,27.411167512691407,12.881040428031042,3,True
AMZN,2025-04-10 04:26:00-04:00,186.51,8263,187.9429047611299,217.11626614991576,-0.03751741880160253,23.728813559324024,12.657283964551063,3,True
AMZN,2025-04-10 04:32:00-04:00,185.85,7151,186.75967922570163,203.74200222285074,-0.22547914317926354,20.982142857144723,10.32990831494206,3,True
AMZN,2025-04-10 04:33:00-04:00,185.41,7831,186.4897433805613,202.07545656622793,-0.23675006725853986,16.917293233084962,9.803426013587774,3,True
AMZN,2025-04-10 04:37:00-04:00,185.35,6271,185.94861488867792,196.84904143584993,-0.20997092710240972,22.5913621262479,7.891239698479048,3,True
AMZN,2025-04-10 04:59:00-04:00,185.58,7554,185.90941679604285,187.321360584952,-0.16676529130129625,32.432432432433615,1.7244590822798376,3,True
AMZN,2025-04-10 05:21:00-04:00,186.75,3608,186.52146145857054,186.51891206134925,0.09111373137526968,77.63157894737022,0.4467117698570018,3,True
AMZN,2025-04-10 05:53:00-04:00,186.26,2205,186.38540166816895,186.4689368856553,-0.15010185483006477,27.173913043479757,0.01600589669937641,3,True
AMZN,2025-04-10 05:57:00-04:00,186.74,4071,186.54074052328204,186.52299083782205,0.0857541001179074,51.869158878506276,0.06192116425491444,3,True
AMZN,2025-04-10 06:31:00-04:00,187.45,3430,187.12644999829777,187.11550078022606,0.2406417112299497,48.30188679245388,-0.0274959148666144,3,True
AMZN,2025-04-10 07:01:00-04:00,186.47,6065,186.37372459546154,186.51904233610628,-0.010724435626585649,39.08045977011748,0.02595321062764222,3,True
AMZN,2025-04-10 08:26:00-04:00,185.67,3821,185.50688646980876,185.73286991080047,0.21049222797926426,39.597315436243896,0.01722378918100531,3,True
AMZN,2025-04-10 08:27:00-04:00,185.54,10455,185.51350917584702,185.71533628254588,-0.07001669628911023,39.33333333333511,0.02857877847336776,3,True
AMZN,2025-04-10 08:30:00-04:00,187.5,31614,185.9846766980337,185.884399911755,0.844403807884686,80.12820512820537,0.18584803469675845,4,True
AMZN,2025-04-10 12:37:00-04:00,178.31,167001,177.69663247403204,177.69030288762264,0.2248327806194217,62.29017756072363,0.2368846164422551,3,True
AMZN,2025-04-10 13:02:00-04:00,180.61,531665,179.51204944322993,179.0298876172539,0.8431044109436181,72.1993255901089,0.1262218616442038,3,True
AMZN,2025-04-10 14:22:00-04:00,182.1593,120735,181.2921809602052,181.22751454589388,0.21692845157208485,59.41762214189131,0.10220034978377132,3,True
AMZN,2025-04-10 15:00:00-04:00,182.26,145234,181.89283892704108,181.94290663788968,0.28612303290413976,57.16606153258234,0.012496838275410066,3,True
AMZN,2025-04-10 15:50:00-04:00,180.11,473612,179.5292335422593,179.94027747680138,0.7213958170227075,46.810546459707396,0.021303895499928005,3,True
AMZN,2025-04-10 15:54:00-04:00,181.31,303412,180.2697500589094,180.1933259181759,0.4153743907842289,64.13170163170216,0.24261420140896828,4,True
AMZN,2025-04-10 15:56:00-04:00,181.45,347621,180.58584003770204,180.35522803155035,0.3761686120484553,68.37540786536175,0.2671548541776605,3,True
GOOGL,2025-04-10 04:33:00-04:00,154.5,5878,155.39147785419,157.29738557401907,-0.5407493240633499,17.391304347827486,0.7340485761808102,3,True
GOOGL,2025-04-10 04:35:00-04:00,154.93,581,155.299182283352,157.0821687036537,0.2783171521035577,33.20000000000125,0.7081526907755227,3,True
GOOGL,2025-04-10 04:58:00-04:00,154.8,2449,154.9603219238944,155.46077390184251,-0.02583311805733901,34.0425531914927,0.27486771863747417,3,True
GOOGL,2025-04-10 04:59:00-04:00,154.02,4946,154.77225753911554,155.32979445622047,-0.5038759689922512,18.181818181821285,0.20897886123874,3,True
GOOGL,2025-04-10 05:00:00-04:00,154.69,1408,154.75580603129242,155.27163132383677,0.43500844046227005,36.666666666668114,0.20973467602346374,3,True
GOOGL,2025-04-10 05:21:00-04:00,155.11,2387,154.86248613357705,154.90646421260658,0.20025839793282874,73.91304347826292,0.14871052060696266,3,True
GOOGL,2025-04-10 05:24:00-04:00,155.05,4962,154.93959112548936,154.9363340600054,-0.03868222551737244,71.68141592920546,0.14068474046754176,3,True
GOOGL,2025-04-10 05:30:00-04:00,155.28,2549,155.0118121760003,154.97133152062244,0.20003871717106936,70.96774193548595,0.08925909731216985,3,True
GOOGL,2025-04-10 06:04:00-04:00,156.0,2157,155.59643167763045,155.4598293988499,0.23130300693909867,74.1935483870979,0.04987243455287742,3,True
GOOGL,2025-04-10 08:30:00-04:00,157.38,23833,156.44600134609075,156.38163895048578,0.795708400795192,64.38828423272057,0.05124623255597269,4,True
GOOGL,2025-04-10 09:02:00-04:00,156.46,3680,155.91829632098063,155.85139086192203,0.3806457697506982,75.11048613901174,0.11164768219603573,3,True
GOOGL,2025-04-10 09:30:00-04:00,157.3,840417,156.74765350377953,156.53039614210027,0.4534133725014433,71.97876513153471,0.045530252819288464,3,True
GOOGL,2025-04-10 09:35:00-04:00,157.165,264685,156.7763772000948,156.63014124667467,0.2775473744656365,57.42550758409425,0.0030062434795383453,3,True
GOOGL,2025-04-10 10:30:00-04:00,155.53,90250,155.323825999192,155.32197253087895,0.25138584504320605,58.24080499653102,0.08972093759666647,3,True
GOOGL,2025-04-10 12:37:00-04:00,152.47,291370,151.76407336546208,151.60994565972655,0.2960136824102122,66.0824983430157,0.2115733623336107,3,True
GOOGL,2025-04-10 13:02:00-04:00,153.98,309691,153.17706971496006,152.83669144022463,0.7129308653280209,69.65075778970157,0.060767418920212035,3,True
GOOGL,2025-04-10 14:22:00-04:00,154.145,83341,153.44239493978998,153.407571764908,0.20477150100759456,60.38514442916215,0.0947956976525994,3,True
GOOGL,2025-04-10 15:00:00-04:00,154.185,113501,153.87111696949898,153.9211967310277,0.2535843167853491,54.63410497753023,0.011685023600808711,3,True
GOOGL,2025-04-10 15:45:00-04:00,152.395,168403,152.44834908025078,152.8467909281668,0.2334911865298661,26.385809312640433,-0.08277210903576698,3,True
GOOGL,2025-04-10 15:50:00-04:00,152.74,332273,152.2912670266166,152.60131717789193,0.5993545412632528,45.53571428571544,0.005550775759469606,3,True
GOOGL,2025-04-10 15:54:00-04:00,153.32,292229,152.8412613741022,152.79454216098077,0.09139574356964442,60.326086956522374,0.1655062925506675,3,True
QQQ,2025-04-11 05:35:00-04:00,447.21,7810,445.89314955628606,445.34769248471196,0.2690522634021697,85.59077809798282,0.08177193826900042,3,True
QQQ,2025-04-11 05:55:00-04:00,450.21,9417,448.6082069599946,447.6993055973475,0.24492885929949804,79.96323529411809,0.1580418928701175,3,True
QQQ,2025-04-11 07:40:00-04:00,447.25,12972,447.5332073341071,447.85861934015117,0.03354954148959699,38.29201101928439,0.0037626189353179296,3,True
QQQ,2025-04-11 07:56:00-04:00,448.429,27112,447.1627240035725,447.25320269543124,0.33315433838994046,64.37264881611031,0.1341858991780499,3,True
QQQ,2025-04-11 08:29:00-04:00,448.5,9777,448.20762482914364,448.1916079314737,0.04238138787893142,49.71764174384566,0.011599624357143328,3,True
QQQ,2025-04-11 08:34:00-04:00,450.18,19617,448.87588730401393,448.5440542011373,0.30078203328653963,68.06459795383476,0.15850082293518253,3,True
QQQ,2025-04-11 09:30:00-04:00,445.605,496195,445.0521960748059,445.19032311393175,0.21702950701691925,65.44099975967436,0.17771384403682167,3,True
QQQ,2025-04-11 09:38:00-04:00,446.1204,217240,445.02261361553116,445.02475036737525,0.4006841607777867,54.197508160544736,0.1521468863591252,3,True
QQQ,2025-04-11 09:39:00-04:00,447.0,428811,445.41809089242497,445.20431851579565,0.19716650482695108,58.22851153039842,0.25835496475812536,3,True
QQQ,2025-04-11 11:23:00-04:00,442.83,204188,443.56116730393273,443.96976230106605,-0.2208152137175845,30.099798027801825,0.00045650821864606783,3,True
QQQ,2025-04-11 11:39:00-04:00,447.75,161099,446.04999833094047,445.252988292831,0.2507668539954766,74.29122853720249,0.33262629033727653,3,True
QQQ,2025-04-11 13:39:00-04:00,452.47,192716,451.0505884817123,450.93576029336924,0.16824954063447972,61.86376332131166,0.2725979689004702,3,True
QQQ,2025-04-11 13:40:00-04:00,453.39,321702,451.51847078536986,451.15887299397207,0.20332839746279863,65.46885358607327,0.37787254606405435,3,True
QQQ,2025-04-11 13:43:00-04:00,454.74,419797,452.6947370421094,451.82938617127877,0.2402733384768041,73.69419806672106,0.5074540980887504,3,True
QQQ,2025-04-11 15:47:00-04:00,454.675,167235,454.51200072774947,454.5103549653472,0.059968860206538466,47.8783192516605,0.0130363181337123,3,True
QQQ,2025-04-11 15:55:00-04:00,454.8201,289111,454.53264941924823,454.5038583373264,0.0066184392796708735,51.1280831350953,0.02878891996296868,3,True
SPY,2025-04-11 05:15:00-04:00,524.17,7285,522.9040155230392,522.58847303789,0.20454979927355676,63.963963963964616,0.055845254571981584,3,True
SPY,2025-04-11 07:38:00-04:00,525.37,16911,526.168119238562,526.5788147673068,-0.09698029968814303,35.2644836272043,0.00547105203657372,3,True
SPY,2025-04-11 07:49:00-04:00,524.99,9565,525.7526625268691,526.0604854369867,-0.11035637498335582,32.86713286713329,0.005350094651463799,3,True
SPY,2025-04-11 07:56:00-04:00,526.69,25156,525.6063384683549,525.742553203842,0.23026566187105413,59.911894273129334,0.13364451548650402,3,True
SPY,2025-04-11 07:57:00-04:00,527.45,20571,525.9750707746839,525.8977756398564,0.1442974045453571,66.15969581749133,0.24026383541879182,3,True
SPY,2025-04-11 08:34:00-04:00,529.14,41938,527.7181043595824,527.3333298116777,0.2975908410258299,67.69162724510625,0.14690580500103312,3,True
SPY,2025-04-11 09:38:00-04:00,523.96,417687,522.8989330242022,523.1200067507509,0.4062547907404568,50.55611729019246,0.09845284133242738,3,True
SPY,2025-04-11 09:42:00-04:00,524.27,267627,523.3399629667133,523.2882205797082,0.2926885258445866,54.60317460317467,0.18037254444540657,3,True
SPY,2025-04-11 13:39:00-04:00,532.75,241372,530.9671488000974,530.728407050957,0.20313352267384843,64.76426799007496,0.3085650648365323,3,True
SPY,2025-04-11 13:43:00-04:00,535.59,494629,533.0062881485201,531.864574790627,0.2508376697871073,76.42201834862426,0.6022715221113482,3,True
SPY,2025-04-11 14:36:00-04:00,533.69,416031,533.1619301257242,533.1260064533867,0.10222359770795109,56.45161290322735,0.12050866291980503,3,True
SPY,2025-04-11 15:47:00-04:00,534.81,360062,534.582490277387,534.5667945699828,0.06735896716247858,48.01979294100509,0.009179728045296189,3,True
TSLA,2025-04-11 04:21:00-04:00,248.1,50403,251.7541051854333,285.38434424881774,-0.11273049359852294,8.94160583941715,9.551970286454257,3,True
TSLA,2025-04-11 04:24:00-04:00,247.68,36010,249.69970185494185,275.97650206522746,0.27124407918708293,16.477272727273643,9.809871612694607,3,True
TSLA,2025-04-11 04:26:00-04:00,248.66,11295,249.2310091871628,271.1868612109318,0.23783609465071187,29.88826815642524,9.675387648171721,3,True
TSLA,2025-04-11 04:30:00-04:00,248.27,11088,248.5393413630619,263.8583622778032,0.2179792516045831,34.63768115942102,8.59082583572416,3,True
TSLA,2025-04-11 04:36:00-04:00,246.43,40452,247.49994830227857,256.6468709278445,0.048719093824867166,39.43472409152147,6.245234889703461,3,True
TSLA,2025-04-11 05:15:00-04:00,248.89,16262,248.06054711214338,248.19031222611468,0.3831572154553431,56.42701525054488,0.43276878732416657,3,True
TSLA,2025-04-11 05:22:00-04:00,249.0,10963,248.48232708973268,248.37812353887315,0.2899951667472145,58.536585365854364,0.29241721545101085,3,True
TSLA,2025-04-11 05:27:00-04:00,250.0,22705,249.06556894076363,248.7218219935754,0.4096714595549944,71.10726643598673,0.2864151345898869,3,True
TSLA,2025-04-11 05:55:00-04:00,252.87,18204,251.7028067225336,251.16873685707424,0.33329365551719725,63.30645161290348,0.09993149113544086,3,True
TSLA,2025-04-11 06:00:00-04:00,254.36,24658,252.92971330683986,252.0251320743579,0.33529249339276923,80.26819923371677,0.22482760408893032,3,True
TSLA,2025-04-11 06:35:00-04:00,253.77,29187,252.95944792258888,252.7413556289834,0.3757614112807506,66.18444846292992,0.06757960502491275,3,True
TSLA,2025-04-11 07:01:00-04:00,252.95,20697,252.38215818500893,252.364724463095,0.10289287268985259,62.500000000000455,0.09698547625810552,3,True
TSLA,2025-04-11 07:56:00-04:00,251.65,36728,250.93837906432003,251.0056085900341,0.2669535421149227,64.64379947229614,0.11086825321003851,3,True
TSLA,2025-04-11 07:57:00-04:00,252.26,15821,251.20270325145603,251.11964417275826,0.24240015895091727,69.47608200455602,0.18353279763532188,3,True
TSLA,2025-04-11 08:01:00-04:00,251.93,588136,251.50653125179645,251.30709457875705,0.2148056804168963,58.283433133733105,0.15613668580041418,3,True
TSLA,2025-04-11 08:30:00-04:00,252.9399,46601,252.19758071032965,251.9819246085911,0.30928775380709705,62.89933797317989,0.08130933285191479,3,True
TSLA,2025-04-11 08:34:00-04:00,253.96,46265,252.82659305895103,252.3663961536719,0.32393142134787833,77.84571832979505,0.1724654413399162,3,True
TSLA,2025-04-11 09:27:00-04:00,251.75,17315,250.72464013729783,250.64653627023708,0.29880478087649376,79.25128826917262,0.24934004218941752,3,True
TSLA,2025-04-11 09:30:00-04:00,253.32,869313,251.52847175029655,251.05760125487382,0.6275917106571383,90.05287130072536,0.37037007740291356,3,True
TSLA,2025-04-11 09:31:00-04:00,254.4245,680393,252.39432192018978,251.55065806187918,0.4360097899889448,96.92870055823721,0.4834632000866417,3,True
TSLA,2025-04-11 09:33:00-04:00,254.5905,599029,252.9497300289215,251.95673806766874,0.5807908015315943,80.59697521914357,0.450275697695826,3,True
TSLA,2025-04-11 09:38:00-04:00,255.3,608185,254.32676337587702,253.09871535579956,0.2355712603062443,76.69253573064056,0.31490364264394466,3,True
TSLA,2025-04-11 09:39:00-04:00,256.1332,833437,254.68805070070164,253.3745775961814,0.3263611437524405,78.51334236896493,0.324858644244435,3,True
TSLA,2025-04-11 09:46:00-04:00,256.94,899267,255.10356995430783,254.1701977573765,0.7015481089555076,65.67208271787317,0.06173487074459738,3,True
TSLA,2025-04-11 10:30:00-04:00,246.2701,699939,245.91790571037205,247.02404866800453,0.5799877476005744,34.97822050223051,0.025404753666622204,4,True
TSLA,2025-04-11 10:44:00-04:00,247.9487,253972,247.17759104671723,247.1035418585992,0.3505711655013899,63.31630386494912,0.25374779868517894,3,True
TSLA,2025-04-11 11:02:00-04:00,248.08,326598,247.4920373793689,247.489334443177,0.27283199611973785,44.363088315572604,0.015019419040878314,3,True
TSLA,2025-04-11 11:36:00-04:00,245.185,347972,244.27948803172293,244.2065693971078,0.3540438768827814,59.804658151765935,0.28908455990039583,3,True
TSLA,2025-04-11 12:16:00-04:00,244.74,191529,244.276980244916,244.26970685979745,0.2638306240167809,55.286018685461876,0.049347756073553725,3,True
TSLA,2025-04-11 12:31:00-04:00,243.915,392535,243.04425393848675,243.36305314354433,0.2795650297037655,45.45214254617865,0.019193500026086663,3,True
TSLA,2025-04-11 12:32:00-04:00,244.955,1302592,243.4264031507894,243.50777558504032,0.42637804153087266,56.11116616878838,0.1544344301883221,3,True
TSLA,2025-04-11 12:33:00-04:00,245.4473,406683,243.83058252063154,243.68409598640028,0.20097568941233046,56.444157194442134,0.2656620533173435,3,True
TSLA,2025-04-11 12:52:00-04:00,250.78,674589,249.11155541129324,247.67631070269957,0.5372033354714478,78.79571042390761,0.24430030705727446,3,True
TSLA,2025-04-11 13:40:00-04:00,248.27,414229,247.09577700354382,246.91991581327022,0.20988900100908925,63.65692662247172,0.3172713155826946,3,True
TSLA,2025-04-11 15:06:00-04:00,248.7,285751,247.9620067898437,247.94947670268027,0.355096440965208,64.68682505399606,0.14479745380815331,4,True
TSLA,2025-04-11 15:54:00-04:00,250.62,437086,250.1441025512022,250.03733232473317,0.24599508009839344,60.73696714945015,0.036098713986300685,3,True
TSLA,2025-04-11 15:55:00-04:00,251.4042,603411,250.39612204096179,250.1615930224847,0.3129039980847459,65.60260977464745,0.10563314101569465,3,True
AAPL,2025-04-11 04:20:00-04:00,190.25,6178,191.3139724895028,199.06720672186617,-0.06828448366424933,34.06326034063332,1.8529067760503573,3,True
AAPL,2025-04-11 04:23:00-04:00,189.91,7239,190.66851391462546,196.8118833372398,-0.06314792401199698,22.507122507123157,1.9866360185792864,3,True
AAPL,2025-04-11 04:25:00-04:00,190.34,4973,190.4558489053603,195.6399035844957,0.3109354413702192,30.245231607630444,2.002826019489298,3,True
AAPL,2025-04-11 04:26:00-04:00,190.02,5258,190.36867912428824,195.12900325863245,-0.16812020594725308,32.26744186046609,1.9787756128003533,3,True
AAPL,2025-04-11 04:35:00-04:00,188.98,6152,189.59161870102875,192.13926633505446,-0.07931052715064446,27.075812274369625,1.4046080876256601,3,True
AAPL,2025-04-11 04:38:00-04:00,189.22,1004,189.38103596865838,191.59294738434255,0.2543181095687075,37.61467889908355,1.2556067287331878,3,True
AAPL,2025-04-11 04:44:00-04:00,188.8,2235,188.92639386621,190.50793064578457,0.2548853016142827,33.03834808259725,0.9249237362277363,3,True
AAPL,2025-04-11 05:15:00-04:00,189.83,4312,189.21030783756376,189.30184928546677,0.47636690837877804,64.85507246376913,0.2806445969294584,3,True
AAPL,2025-04-11 05:55:00-04:00,191.93,3766,191.24603735763776,190.8068802170335,0.2507182031862287,74.47552447552472,0.08017009591315016,3,True
AAPL,2025-04-11 07:26:00-04:00,191.0,5880,190.81795581325895,191.08434853796982,0.15206334224737716,39.47368421052747,0.02133216994353393,3,True
AAPL,2025-04-11 07:38:00-04:00,190.15,5212,190.6299696469914,190.80422982158544,-0.3249986895214163,33.17535545023891,0.006647284288470112,3,True
AAPL,2025-04-11 07:56:00-04:00,191.27,11573,190.4831247597731,190.50813940357017,0.4305592018902793,62.46334310850548,0.08709595298120071,3,True
AAPL,2025-04-11 07:57:00-04:00,191.25,4276,190.63649980781847,190.57558127597287,-0.010456422857740844,63.96396396396475,0.12546109628719895,3,True
AAPL,2025-04-11 08:34:00-04:00,190.71,7651,190.18038117306006,190.11964774226269,0.2681388012618413,62.50357244927223,0.10649965060160965,3,True
AAPL,2025-04-11 09:06:00-04:00,188.46,13517,188.61893910474316,188.96034764314822,-0.0954198473282375,35.11535599107074,0.004339301083314262,3,True
AAPL,2025-04-11 09:16:00-04:00,187.6957,17875,187.57829991215058,188.0601519291526,0.23802403204271627,30.9759744097922,-0.012718054864946815,3,True
AAPL,2025-04-11 09:22:00-04:00,186.9999,15336,187.33128166017082,187.71442237893734,-0.21350053361793853,31.898486713490698,0.02890278136381713,3,True
AAPL,2025-04-11 09:30:00-04:00,187.58,1463473,186.8816019836953,187.23584263426775,0.73572847859944,48.81360103361377,0.029856986305731192,3,True
AAPL,2025-04-11 09:31:00-04:00,188.11,274367,187.23902526956502,187.34375424319649,0.2825461136581664,58.66983851783224,0.1593534796778433,3,True
AAPL,2025-04-11 09:33:00-04:00,188.425,254096,187.59704817252162,187.49580515966647,0.22915600587678497,61.019565540842564,0.2320353631322017,3,True
AAPL,2025-04-11 09:36:00-04:00,189.34,380137,188.12040866433108,187.77572889531663,0.6297998990194342,66.5201989236327,0.28112026109681587,3,True
AAPL,2025-04-11 11:09:00-04:00,193.6942,201287,192.7600525354607,192.63599549993128,0.37009016478390944,57.89096543042547,0.020576225451696767,3,True
AAPL,2025-04-11 11:27:00-04:00,193.07,170850,192.66814485573067,192.66647587635094,0.2700597247468073,51.37500000000054,0.01119653400314073,3,True
AAPL,2025-04-11 11:38:00-04:00,194.06,278324,193.52775765036594,193.23027237430736,0.2117221791892554,74.36677427365343,0.08185883320946125,3,True
AAPL,2025-04-11 11:42:00-04:00,194.8307,234170,194.11261353358992,193.634586807122,0.2937815299083768,71.14877589453909,0.12904352915313433,3,True
AAPL,2025-04-11 12:04:00-04:00,196.545,360212,195.80782772253792,195.27483567651873,0.24737325308579194,77.73794892803664,0.0711440496566968,3,True
AAPL,2025-04-11 12:05:00-04:00,197.14,443946,196.07426217803035,195.44439606956246,0.30272965478643776,89.91609792749497,0.11835789873445168,3,True
AAPL,2025-04-11 12:48:00-04:00,198.6,287231,197.90916858972466,197.4984413887836,0.32076377137373324,69.82248520710101,0.047481122966182565,3,True
AAPL,2025-04-11 12:49:00-04:00,199.04,398061,198.13533487177972,197.63858308071235,0.22155085599193658,70.68965517241413,0.09151897946505305,3,True
AAPL,2025-04-11 13:40:00-04:00,198.3,237798,197.3725838385143,197.2919778631486,0.2629183941753599,61.09744042736702,0.2026084144621294,4,True
AAPL,2025-04-11 13:43:00-04:00,199.155,381143,198.01280292531936,197.62789846968337,0.32997481108312243,71.37995106426017,0.28848551977569936,3,True
AAPL,2025-04-11 15:54:00-04:00,198.81,706976,198.23364048177996,198.16212603717256,0.37360529105872065,65.42968750000077,0.07715728312978562,4,True
MSFT,2025-04-11 04:00:00-04:00,383.7,1214,235.25622663236464,215.0188325987248,93.69005552751135,99.25951483624397,11.838857748504596,3,True
MSFT,2025-04-11 08:00:00-04:00,384.1,28725,382.77317549347663,382.7219955751282,0.42092603728203226,58.98778359511398,-0.2580410018570596,3,True
MSFT,2025-04-11 08:17:00-04:00,385.0,9340,383.849131956562,383.36243576999505,0.3518832268995187,68.42105263157899,0.016922981882801058,3,True
MSFT,2025-04-11 09:30:00-04:00,382.02,512828,380.9141155293995,381.34747982430866,0.39947437582128487,52.11605379479015,0.11265360619771447,3,True
MSFT,2025-04-11 10:30:00-04:00,380.45,66997,380.2723025885075,381.1503822904187,0.22524005848336692,28.340365682138383,-0.07275015116578354,3,True
MSFT,2025-04-11 10:33:00-04:00,381.83,103326,380.7247789253158,381.1513616006151,0.29286999461539676,53.76344086021553,0.18279447178784436,3,True
MSFT,2025-04-11 10:36:00-04:00,382.27,119741,381.3745268097617,381.37192456845605,0.08378059955491679,70.48300536672616,0.3303730362147057,3,True
MSFT,2025-04-11 11:28:00-04:00,382.565,47364,381.91616675056355,381.84526059631537,0.06277381808670324,61.25369524321468,0.11650091124816936,3,True
MSFT,2025-04-11 13:39:00-04:00,387.29,53747,386.1634027960657,386.05747527994725,0.2018059041163367,62.39855725879167,0.19295324218449228,4,True
MSFT,2025-04-11 13:43:00-04:00,388.81,82277,387.3191006652686,386.69398694074675,0.24493373897798154,74.37828169176588,0.35425734974640294,3,True
MSFT,2025-04-11 15:54:00-04:00,388.75,176568,388.5430105139208,388.53588234103506,0.07336568288005552,55.82010582010658,0.03502710001778497,3,True
MSFT,2025-04-11 15:56:00-04:00,389.18,194870,388.6507267289094,388.58486143887194,0.19566448689563032,57.02179176755498,0.061578399749014,3,True
NVDA,2025-04-11 04:21:00-04:00,107.48,35031,109.82104583472906,142.41047575105628,0.21445221445222096,31.153846153848022,9.75669282523188,3,True
NVDA,2025-04-11 04:26:00-04:00,107.62,18207,108.12150109912403,129.0891760691062,0.4011568243306396,38.13813813813936,9.728551992266027,3,True
NVDA,2025-04-11 04:46:00-04:00,107.48,36127,107.14962872397336,110.36490192169816,0.22379709063782283,52.916666666667766,3.3509046105048856,3,True
NVDA,2025-04-11 05:15:00-04:00,107.47,26798,107.22062134245706,107.4143311146866,0.2518656716417933,55.39568345323927,0.39215358618232,3,True
NVDA,2025-04-11 05:27:00-04:00,107.73,14111,107.42211526560409,107.39657125702742,0.3820350354081459,69.32515337423439,0.19009515124119408,3,True
NVDA,2025-04-11 05:31:00-04:00,107.88,35010,107.59363441279146,107.49172819959526,0.22296544035673715,67.05882352941279,0.1621386258114369,3,True
NVDA,2025-04-11 05:35:00-04:00,108.48,44326,107.9673766554794,107.71535154674902,0.23098955927192133,80.37383177570098,0.17878162383853802,3,True
NVDA,2025-04-11 05:53:00-04:00,108.7,33067,108.37056273188563,108.20145883217839,0.2767527675276771,65.64417177914237,0.02497293255030328,3,True
NVDA,2025-04-11 05:55:00-04:00,108.95,33339,108.52796014840682,108.30492465469287,0.2945779250667524,70.91836734693958,0.05107370336333905,3,True
NVDA,2025-04-11 07:56:00-04:00,108.66,58903,108.33493573456062,108.36990001019763,0.3509420022164811,63.30935251798676,0.04045487984564809,3,True
NVDA,2025-04-11 07:57:00-04:00,108.8,50871,108.4279485876485,108.40900000927057,0.1288422602613748,70.34482758620834,0.06633638388376024,3,True
NVDA,2025-04-11 08:34:00-04:00,109.46,113384,109.05009004663106,108.95165658112712,0.4036877670957173,72.03389830508607,0.03441689461558181,3,True
NVDA,2025-04-11 09:23:00-04:00,108.21,58907,108.10493820849419,108.29025161893522,0.22228396776882153,38.573060991289175,0.020907535244037434,3,True
NVDA,2025-04-11 09:30:00-04:00,109.03,2748577,108.52546019338202,108.4400458701446,0.4792185052068909,76.92307692307749,0.112397163203167,3,True
NVDA,2025-04-11 09:33:00-04:00,108.425,1087583,108.5097004952093,108.46957405241757,0.3099269127578852,55.20282186948947,0.03344441911598213,3,True
NVDA,2025-04-11 09:35:00-04:00,108.825,1100376,108.56080831693397,108.49902814249384,0.35966247060450485,63.90243902439096,0.039395863361579554,3,True
NVDA,2025-04-11 09:36:00-04:00,109.12,1532521,108.67264665354718,108.55548012953986,0.27107741787273376,64.53674121405828,0.06684660196317734,3,True
NVDA,2025-04-11 09:39:00-04:00,109.5647,1725558,108.92998788661617,108.70700137456038,0.40753299120235287,62.54463728305702,0.10377395888640345,3,True
NVDA,2025-04-11 10:24:00-04:00,108.4549,1522827,108.5524855193514,109.05567136085725,0.5907176909235812,28.996154902500123,-0.18219339594619494,3,True
NVDA,2025-04-11 11:28:00-04:00,108.75,451394,108.41921189565758,108.40051973791667,0.23041474654377225,61.49718957588215,0.060490358082410864,3,True
NVDA,2025-04-11 12:36:00-04:00,110.55,1041030,110.06269408404056,109.82479027963205,0.244831338411311,75.3370735680033,0.09255270869413301,3,True
NVDA,2025-04-11 13:29:00-04:00,109.74,1667907,109.8531984122719,109.95713380900182,-0.15467200436720674,36.64596273292092,0.007029123537207499,3,True
NVDA,2025-04-11 13:40:00-04:00,110.47,1172909,110.03044488936217,109.94603112138253,0.24500907441016295,62.582056892779924,0.09476994541514107,3,True
NVDA,2025-04-11 13:52:00-04:00,111.05,1516854,110.679116075233,110.42123998571641,0.23467822005596162,76.47058823529484,0.07257142018733184,3,True
NVDA,2025-04-11 15:54:00-04:00,110.59,1587008,110.39275505025574,110.34262835335173,0.28564951258218674,57.44349709027092,0.005559986371551376,3,True
META,2025-04-11 08:00:00-04:00,553.0,60715,548.6605266713653,548.4761457713815,0.7304322483105308,66.00159616919409,0.1291742802093087,4,True
META,2025-04-11 08:30:00-04:00,550.5511,2295,548.6056812065551,548.4068278856115,0.386758565359302,65.38864445841241,0.10993680134875397,4,True
META,2025-04-11 08:34:00-04:00,550.545,2657,549.184863022205,548.7653626020159,0.28142076502730706,60.34149275079646,0.16614638797173253,3,True
META,2025-04-11 08:35:00-04:00,552.0,3089,549.7478904177641,549.0594205472871,0.26428357354986165,62.974400218516216,0.29924988009463227,3,True
META,2025-04-11 09:28:00-04:00,534.6,7779,537.5456319316136,539.6760613959876,0.4887218045112718,36.51290683450626,-0.32115023073832627,3,True
META,2025-04-11 09:32:00-04:00,536.64,99725,536.5868694713513,538.3130392211085,0.2521997421958133,44.30957823365458,0.04142603463877936,3,True
META,2025-04-11 09:35:00-04:00,539.2553,108858,537.3003371693319,538.2206840879853,0.31163733769856705,50.59784466810626,0.44827268579798574,3,True
META,2025-04-11 09:39:00-04:00,543.265,101146,539.4898229045584,539.0278748637289,0.3889792298026551,57.64279790368985,0.9392353900941235,3,True
META,2025-04-11 10:30:00-04:00,531.8561,118711,531.83958993136,534.1437807363411,0.37577496154679313,26.529686017246732,-0.3078118994830872,3,True
META,2025-04-11 11:00:00-04:00,537.9255,102905,536.5155806533816,536.4506225485236,0.5750210339347639,42.46962060822164,-0.17425670384932396,3,True
META,2025-04-11 11:28:00-04:00,535.075,65996,533.0855744385291,533.1318050888165,0.3083816058339517,62.59506798801585,0.3584254917783759,3,True
META,2025-04-11 12:05:00-04:00,539.45,31478,538.0735387261228,537.5687410352714,0.21642810035578108,68.18557804593243,0.04013770624963886,3,True
META,2025-04-11 12:36:00-04:00,541.7632,53478,539.5492852185707,538.7629851843454,0.23662111924436235,74.06662706210335,0.4469372243453643,3,True
META,2025-04-11 13:36:00-04:00,537.8292,24250,537.4355876177717,537.9266492236984,0.2001285502696737,39.628184017401864,0.010072150871554109,3,True
META,2025-04-11 13:39:00-04:00,540.375,49572,538.4533808602991,538.3029107616067,0.1965456180525127,61.178089994304585,0.339866270813718,3,True
META,2025-04-11 13:40:00-04:00,541.915,51754,539.1457046882393,538.6312825105515,0.2849872773536877,64.93912894375896,0.5059634723107047,3,True
META,2025-04-11 13:43:00-04:00,543.235,45290,540.6897608003786,539.5243181897457,0.21584127364797645,70.61817371275772,0.6649102508862383,3,True
META,2025-04-11 14:36:00-04:00,541.46,37844,540.9574838826975,540.924193873879,0.10399382507777499,51.88888888888929,0.12171655133514397,3,True
META,2025-04-11 15:02:00-04:00,542.7,29825,541.2956587503527,541.2158444557015,0.22901045321908065,53.296612730419916,0.07135398407393495,4,True
META,2025-04-11 15:55:00-04:00,543.915,153828,543.1040071642824,543.0386851036167,0.06899216249034446,60.02195284909867,0.12752939968343308,3,True
AMZN,2025-04-11 04:26:00-04:00,180.8,1296,181.9166547646872,211.53972653853265,0.24395653138167273,28.62190812720972,12.758895089087979,3,True
AMZN,2025-04-11 04:27:00-04:00,181.13,2855,181.75932381174977,208.7752059441206,0.1825221238938024,36.77419354838798,12.557163725562255,3,True
AMZN,2025-04-11 04:28:00-04:00,180.68,4644,181.54345904939981,206.2210963128369,-0.24844034671229753,31.534090909091717,12.237333051698954,3,True
AMZN,2025-04-11 04:31:00-04:00,180.56,4486,181.12177103329273,199.8703653740322,-0.16587415680637818,31.437125748503888,10.990550462089793,3,True
AMZN,2025-04-11 04:33:00-04:00,180.5,3461,180.91553346130735,196.51765733391088,-0.06090471180998369,37.6712328767135,10.023510218807097,3,True
AMZN,2025-04-11 04:35:00-04:00,180.0,4440,180.5907414152367,193.6534358131495,-0.01666388935177565,34.66666666666826,8.991365206283959,3,True
AMZN,2025-04-11 04:44:00-04:00,179.86,1056,179.86260773762862,185.66360208107324,0.2005571030640807,31.343283582091445,5.166965216093104,3,True
AMZN,2025-04-11 05:01:00-04:00,180.66,1717,180.1827396277119,182.07980837136,0.22746185852982048,72.8033472803353,2.4945836675403648,3,True
AMZN,2025-04-11 05:12:00-04:00,180.43,1206,180.26292050276712,181.04794339391896,0.250027780864559,59.85130111524241,1.2454585709144985,3,True
AMZN,2025-04-11 05:15:00-04:00,181.19,3073,180.44306912177095,180.9932590032388,0.5326527215224974,65.68047337278142,1.123872112890798,3,True
AMZN,2025-04-11 05:37:00-04:00,181.33,2684,180.98793252146749,180.9583895644451,0.10489124434140962,64.70588235294179,0.48303709042929,3,True
AMZN,2025-04-11 05:51:00-04:00,181.88,2164,181.589774181543,181.35969245474246,0.21488787261005893,66.00000000000026,0.22755721472132462,3,True
AMZN,2025-04-11 06:00:00-04:00,182.95,3127,182.33447698114972,181.93160641533782,0.3125342691084443,72.00000000000043,0.16283500788195615,3,True
AMZN,2025-04-11 07:42:00-04:00,181.11,4372,181.4147249494001,181.55522930118303,-0.21487603305784253,30.303030303032614,0.0030638083602407273,3,True
AMZN,2025-04-11 07:56:00-04:00,181.34,9453,180.85620147271004,181.02130584820617,0.32641770401107273,46.99248120300865,0.045215033502650714,3,True
AMZN,2025-04-11 07:57:00-04:00,181.71,12668,181.02696117816805,181.08391440746016,0.20403661630088443,61.363636363637276,0.10202333793593579,3,True
AMZN,2025-04-11 08:34:00-04:00,182.3,5292,181.69330085321982,181.47246834755524,0.2915772679760176,67.6574455562105,0.1033458069110194,3,True
AMZN,2025-04-11 09:08:00-04:00,179.75,11445,179.97583366080192,180.29770146850663,-0.15552963394990238,27.808024618300323,0.0089556611724525,3,True
AMZN,2025-04-11 09:19:00-04:00,179.15,10817,179.07443804358326,179.4609135722758,0.22377622377622863,32.80632411067394,0.015513959848606818,3,True
AMZN,2025-04-11 09:30:00-04:00,180.27,853700,179.7371028007722,179.59154979057882,0.2168112074716566,75.29880478087706,0.17874732020543332,3,True
AMZN,2025-04-11 10:30:00-04:00,179.015,237280,178.79541166883067,179.4037055255605,0.4122728292573319,30.077120822622845,-0.055601024779773356,3,True
AMZN,2025-04-11 11:27:00-04:00,179.43,96519,178.96683144261942,178.95968369809444,0.27943888671546624,64.98898107337392,0.1091397647285256,3,True
AMZN,2025-04-11 13:43:00-04:00,184.23,139081,183.48455934292411,183.1673938460896,0.3240123070220813,65.92810954735668,0.15831260276105463,3,True
AMZN,2025-04-11 15:54:00-04:00,185.155,486273,184.8547636388757,184.72651449666068,0.2952169438275254,61.36163078009305,0.015444244759148587,3,True
GOOGL,2025-04-11 04:37:00-04:00,152.61,1531,152.87406437887677,154.62605630762073,0.22986995928020448,35.7142857142874,0.8275105904032407,3,True
GOOGL,2025-04-11 04:45:00-04:00,152.58,2415,152.60073676958794,153.92385377202424,0.2760252365930693,43.46289752650348,0.6828935449969231,3,True
GOOGL,2025-04-11 04:50:00-04:00,152.88,1662,152.65706978082324,153.53204137150757,0.2623294858342007,46.23287671232989,0.6122975246478544,3,True
GOOGL,2025-04-11 05:32:00-04:00,153.03,1777,152.7343856535335,152.89334215641009,0.294927251278021,55.060728744940484,0.26667244224540076,3,True
GOOGL,2025-04-11 05:56:00-04:00,154.46,2174,153.94266668148867,153.58556708137345,0.2206073189722213,83.81294964028766,0.19107264800646545,3,True
GOOGL,2025-04-11 06:00:00-04:00,154.74,2492,154.21720534092222,153.8096972812723,0.2461777662606801,82.96943231441062,0.15915717235266807,3,True
GOOGL,2025-04-11 06:09:00-04:00,154.8,13721,154.46388947689073,154.130657302386,0.3045422147346599,74.67248908297006,0.045239417074665056,3,True
GOOGL,2025-04-11 07:56:00-04:00,154.02,3078,153.717937870245,153.83732467013297,0.23428348301446356,55.35714285714431,0.032785265505572925,3,True
GOOGL,2025-04-11 08:00:00-04:00,154.7786,51606,154.17228335165237,154.03548687257216,0.24520725388601505,67.70343326546455,0.13993474688138893,3,True
GOOGL,2025-04-11 08:34:00-04:00,154.9,2677,154.4603641225366,154.32280933952904,0.21349550365530323,75.029797377833,0.06266768391257582,3,True
GOOGL,2025-04-11 09:20:00-04:00,153.51,6766,153.42328294863398,153.58854510347422,0.0456204379561953,35.65888341278247,0.0030243202996523277,3,True
GOOGL,2025-04-11 09:22:00-04:00,153.51,4293,153.4406263589072,153.58140463952202,0.0,35.65888341278247,0.016595143806620777,3,True
GOOGL,2025-04-11 09:25:00-04:00,154.0,5934,153.6608006957605,153.65642722728924,0.11051160371837732,64.89080079417752,0.08375341821480575,3,True
GOOGL,2025-04-11 10:30:00-04:00,154.655,200084,154.26801612797962,154.509589774808,0.37318276220144053,40.74585635359235,0.010878913385699018,3,True
GOOGL,2025-04-11 11:27:00-04:00,154.75,92012,154.57732261598642,154.66313575030128,0.22019299268183357,56.76392572944419,0.024596488156242047,3,True
GOOGL,2025-04-11 13:40:00-04:00,156.96,69847,156.38180167420205,156.31923929038396,0.1851024446288596,65.05576208178519,0.12758509852713723,3,True
GOOGL,2025-04-11 13:42:00-04:00,156.985,75119,156.54855307148932,156.4087514796562,0.20105955192444291,63.2329635499213,0.13814901207326036,3,True
GOOGL,2025-04-11 13:43:00-04:00,157.34,80031,156.70684245719147,156.49341043605108,0.2261362550562085,68.91495601173031,0.16249135516207244,3,True
QQQ,2025-04-14 06:28:00-04:00,460.72,3038,460.44637183680163,460.4395735194431,0.015195918810384512,52.23880597015128,0.02016537171941322,3,True
QQQ,2025-04-14 10:03:00-04:00,462.16,266675,460.91381705358225,460.908140557327,0.17340038148083714,62.78665507789044,0.24790222250117772,3,True
QQQ,2025-04-14 11:25:00-04:00,459.26,198613,459.7581521992619,460.20987623664286,-0.056580779944293,31.717327496145302,0.005845779634643389,3,True
QQQ,2025-04-14 12:33:00-04:00,455.78,186998,455.10480383218794,455.01549919752364,0.10102784854606472,50.82099110045666,0.10292421191800419,3,True
QQQ,2025-04-14 15:40:00-04:00,460.451,113227,460.0233412541087,460.0005860267272,0.09151577071062622,64.03246942341354,0.041887625643803356,3,True
SPY,2025-04-14 04:00:00-04:00,541.5,13499,474.5626324060397,466.07715628048163,18.26500971891585,95.99389520247436,5.257153277527406,3,True
SPY,2025-04-14 10:03:00-04:00,542.46,334819,541.2290785401519,541.1786961491501,0.1606381210879082,59.25664438796398,0.18622253899795194,3,True
SPY,2025-04-14 11:35:00-04:00,539.32,227347,539.4748424188815,539.9382276922368,-0.07661188345730041,34.61492202221247,0.03581174278518473,3,True
SPY,2025-04-14 12:19:00-04:00,536.91,362268,536.0157339497816,536.0098823955553,0.09918378456983401,54.40917107583799,0.2186084110120678,3,True
TSLA,2025-04-14 04:17:00-04:00,256.73,3460,262.1275187020234,308.13255959894195,0.2068696330991493,31.735159817353093,7.129398902983127,3,True
TSLA,2025-04-14 04:20:00-04:00,255.49,41233,259.174169575436,295.1974827940961,-0.3937621832358684,27.530364372471283,9.43012107280741,3,True
TSLA,2025-04-14 04:29:00-04:00,254.8,21622,255.99491044822182,272.39097891565405,-0.2934846409704539,27.032967032968855,8.878599955149966,3,True
TSLA,2025-04-14 05:29:00-04:00,254.88,12246,255.26257670309323,255.51574291031795,-0.10190483656031812,28.093645484951637,0.041969737480166414,3,True
TSLA,2025-04-14 06:14:00-04:00,254.93,4817,254.6898439079282,254.65763692514358,0.05102040816327147,54.45026178010643,0.035176680051787625,3,True
TSLA,2025-04-14 08:36:00-04:00,258.3,45196,257.7393418035534,257.43349162331936,0.2211616808287742,72.23280927425881,0.06097664991452714,3,True
TSLA,2025-04-14 09:25:00-04:00,258.29,43019,258.08173617684827,258.06081939455424,0.0813701177929449,62.14697843911452,0.020249089537855595,3,True
TSLA,2025-04-14 09:30:00-04:00,260.6731,1532657,258.7332305104297,258.3882782258751,0.9265525785968842,87.46893547349617,0.18265991300701123,3,True
TSLA,2025-04-14 09:32:00-04:00,260.4916,527671,259.52083482134003,258.87657462500005,0.2253507904206975,77.50000000000044,0.26317862538413267,3,True
TSLA,2025-04-14 09:58:00-04:00,257.0,487098,256.06758983645364,256.05440394293953,0.36514166324956854,59.69849588239322,0.322679036736803,3,True
TSLA,2025-04-14 10:32:00-04:00,257.5493,347028,256.89206876062366,256.81423540778377,0.27226007397314067,59.3041625987405,0.12953117329874425,3,True
TSLA,2025-04-14 11:38:00-04:00,247.9924,488558,249.22743251015538,250.154664203552,-0.20860260399144792,21.840238895110645,0.00130382814021468,3,True
TSLA,2025-04-14 11:39:00-04:00,248.585,184025,249.09894600812433,250.01196745777452,0.23895893583836259,30.979578925170202,0.009312014321362971,3,True
TSLA,2025-04-14 12:18:00-04:00,247.53,340635,247.52013413872916,248.04832474284967,0.21461547150423144,33.757395375849086,-0.05646105221859565,3,True
TSLA,2025-04-14 12:19:00-04:00,248.0338,545140,247.62286731098334,248.04700431168152,0.2035308851452422,40.64826756082952,0.01159355603808665,3,True
TSLA,2025-04-14 12:21:00-04:00,249.32,383513,248.02743507902935,248.1613258774227,0.5200983751965538,54.472405259548935,0.17079357250709137,3,True
TSLA,2025-04-14 13:18:00-04:00,248.3167,247313,247.9101100566925,247.87911965855398,0.2530178852597986,59.673057640303185,0.009038388423418482,3,True
TSLA,2025-04-14 14:37:00-04:00,249.93,304428,249.4414988542606,249.33748771306,0.2748299865594106,57.6807228915671,0.010160857625081066,3,True
TSLA,2025-04-14 15:05:00-04:00,252.65,288193,251.7137609767968,251.41866256120448,0.257936507936507,59.65996908809958,0.014864228082481445,3,True
TSLA,2025-04-14 15:40:00-04:00,255.591,336596,254.6305805203018,254.07453157285693,0.2177735186773999,87.5366466564291,0.11521409823876866,3,True
AAPL,2025-04-14 04:31:00-04:00,209.03,20548,209.47242882517955,211.68039231246362,-0.18622863145830726,31.753554502371145,1.2009756370334266,3,True
AAPL,2025-04-14 04:33:00-04:00,209.15,17572,209.33235444811496,211.22883662187076,0.07177033492822282,36.444444444446205,1.081594841090621,3,True
AAPL,2025-04-14 04:55:00-04:00,209.01,8550,209.23072152503403,209.54861389431034,-0.11469534050179142,37.79069767441999,0.27749653678064634,3,True
AAPL,2025-04-14 04:56:00-04:00,208.71,10992,209.12657722002723,209.47237626755484,-0.143533802210416,29.743589743591585,0.22987187158274802,3,True
AAPL,2025-04-14 05:00:00-04:00,209.02,19157,209.0351100293232,209.31113876617363,0.009569377990437111,39.13043478261092,0.1822165444815692,3,True
AAPL,2025-04-14 05:18:00-04:00,208.55,17491,208.880211902711,209.04150552115115,-0.04792715073088649,26.174496644299865,0.0034885190961715384,3,True
AAPL,2025-04-14 07:00:00-04:00,208.0,77010,207.2703237722538,207.30411387085223,0.5802707930367523,61.9047619047626,0.0510622976158753,3,True
AAPL,2025-04-14 07:01:00-04:00,208.37,18984,207.49025901780306,207.40101260986566,0.17788461538461586,67.9867986798683,0.11608782807990418,3,True
AAPL,2025-04-14 07:02:00-04:00,208.9,52562,207.77220721424246,207.53728419078698,0.2543552334788979,74.42528735632217,0.18549842655560744,3,True
AAPL,2025-04-14 08:36:00-04:00,211.71,57057,211.1855325068215,210.899547939935,0.21775147928995153,65.89147286821814,0.02664186789558054,3,True
AAPL,2025-04-14 09:22:00-04:00,210.9913,30307,210.637883309961,210.6106486276266,0.21911366551086164,62.459109347059645,0.04761861670044619,3,True
AAPL,2025-04-14 09:25:00-04:00,212.13,280512,211.1163978547001,210.85052488927616,0.35955906703883933,78.82197829153222,0.15760481890458639,3,True
AAPL,2025-04-14 09:30:00-04:00,211.98,4268198,211.6038154890282,211.23675276109813,0.27436140018921584,62.68351816100278,0.10564598395479102,3,True
AAPL,2025-04-14 09:53:00-04:00,207.01,376294,207.14138707304033,207.7874462377635,0.21785437645236438,37.64130112381816,0.06763331764483482,3,True
AAPL,2025-04-14 10:41:00-04:00,205.7897,186005,205.42668608871992,205.39597777362331,0.24341175897510947,61.41306232874406,0.12070991198068903,3,True
AAPL,2025-04-14 12:01:00-04:00,203.2326,153011,202.76934244880715,202.73513442603462,0.25780671895812013,68.30427892234594,0.14464389432619096,3,True
AAPL,2025-04-14 12:19:00-04:00,203.38,646256,202.7285851442365,202.65102849268462,0.30825380385193224,58.87870736864991,0.0906570926507036,4,True
AAPL,2025-04-14 12:21:00-04:00,204.09,323947,203.14875849231137,202.864643382384,0.2146298923315193,68.80103137086424,0.18150418530262546,3,True
AAPL,2025-04-14 13:02:00-04:00,203.23,203197,202.7546793419661,202.7067342616576,0.0783470206711101,53.08337613422413,0.033723902653343144,3,True
AAPL,2025-04-14 13:21:00-04:00,204.43,231594,203.74092492447485,203.40473614704553,0.2058722611636865,79.97069532013046,0.10278414270172162,3,True
AAPL,2025-04-14 15:51:00-04:00,204.4193,337212,204.868589809578,205.23535907241882,0.25960076511843955,30.90909090909247,-0.13529645953235048,3,True
MSFT,2025-04-14 04:00:00-04:00,391.76,4052,240.8006733525165,220.97446396955206,93.38532925264091,98.3768313641914,11.935411363026446,3,True
MSFT,2025-04-14 09:25:00-04:00,393.8846,18337,392.55294270775266,392.23189145507376,0.4141640748483111,76.2641946697561,0.12662002851488505,3,True
MSFT,2025-04-14 12:08:00-04:00,386.05,51500,386.50561891028974,386.90899978567387,0.012953367875656596,39.14126044375726,0.019441375410159667,3,True
MSFT,2025-04-14 12:18:00-04:00,386.0,193660,385.7139539061224,386.079648206808,0.10503248226765294,39.033942558747924,0.07979276075353581,3,True
NVDA,2025-04-14 04:27:00-04:00,113.94,78338,114.67997139586224,133.2107312184422,-0.14022787028922234,30.20833333333728,9.302113049599363,3,True
NVDA,2025-04-14 04:28:00-04:00,113.88,38218,114.51997711668979,131.45339201676563,-0.05265929436545358,27.72277227723113,8.995633732853861,3,True
NVDA,2025-04-14 04:31:00-04:00,113.61,60660,114.16038828374519,127.06198498630025,-0.2808742210129056,23.484848484851256,7.9334361351547535,3,True
NVDA,2025-04-14 04:51:00-04:00,113.64,30737,113.71768061592365,115.71676566355708,-0.06156010904933007,34.117647058828325,2.2436009629314313,3,True
NVDA,2025-04-14 04:56:00-04:00,113.59,22416,113.6932143842259,114.94842476206735,-0.09674582233949458,35.29411764706256,1.558490882833576,3,True
NVDA,2025-04-14 04:57:00-04:00,113.54,22417,113.66257150738072,114.82038614733395,-0.0440179593274026,36.58536585366242,1.4401695335506774,3,True
NVDA,2025-04-14 04:58:00-04:00,113.48,28426,113.62605720590457,114.69853286121267,-0.05284481240092065,37.037037037041195,1.3291819302866807,3,True
NVDA,2025-04-14 05:17:00-04:00,113.46,29373,113.61548779567912,113.8044289220445,-0.14960837806917704,27.777777777786554,0.3149527184080403,3,True
NVDA,2025-04-14 05:18:00-04:00,113.37,32776,113.5663902365433,113.76493538367681,-0.07932310946587862,25.423728813568502,0.2777964176600931,3,True
NVDA,2025-04-14 05:23:00-04:00,113.17,23855,113.39090995271054,113.59498983780094,-0.13236851394280436,22.352941176476577,0.16508060364403998,3,True
NVDA,2025-04-14 05:24:00-04:00,113.05,45890,113.32272796216844,113.54544530709177,-0.10603516833083138,16.129032258069884,0.13931998939758383,3,True
NVDA,2025-04-14 05:25:00-04:00,113.04,94800,113.26618236973476,113.49949573371978,-0.00884564352056083,15.957446808516124,0.12126251849382974,3,True
NVDA,2025-04-14 05:36:00-04:00,112.53,49343,112.87163748163809,113.11572763655897,-0.15084294587400793,19.379844961243975,0.028429002426094252,3,True
NVDA,2025-04-14 05:40:00-04:00,112.75,23752,112.690894712479,112.93702796022058,0.2667852378835045,37.956204379564596,0.029161604895171556,3,True
NVDA,2025-04-14 06:50:00-04:00,113.16,21843,113.09535219216957,113.0923402242916,0.06189760367847352,55.8823529411801,0.0004191554266645835,3,True
NVDA,2025-04-14 07:00:00-04:00,113.49,163540,113.25243608169029,113.18797338166789,0.2119205298013238,72.94117647059139,0.024444112000042165,3,True
NVDA,2025-04-14 08:01:00-04:00,114.26,577082,114.29961665837281,114.3655814632598,-0.19217330538084942,38.59649122807349,0.0009400973930447781,3,True
NVDA,2025-04-14 08:34:00-04:00,114.47,57362,114.37834953626792,114.37003231001421,0.08734800441725366,51.31475151196758,0.003214076368406175,3,True
NVDA,2025-04-14 08:35:00-04:00,114.71,148081,114.44467962901433,114.40093846364927,0.20966192015374752,70.7645671943421,0.02355075790315879,3,True
NVDA,2025-04-14 09:03:00-04:00,115.1099,519675,114.76490288706543,114.7067511910037,0.3048971767166231,66.73539518900526,0.014805638187246395,3,True
NVDA,2025-04-14 09:32:00-04:00,113.5,1953699,114.08923624164679,114.54780110555313,0.3048915204807656,17.50667918261408,-0.21885515665269953,3,True
NVDA,2025-04-14 11:23:00-04:00,112.15,1073689,112.12090588178152,112.16344705143071,-0.026742734890350395,39.11095493279751,0.01767235023793344,3,True
NVDA,2025-04-14 14:06:00-04:00,111.2717,755053,110.90035945773442,110.66512300968814,0.2764838250653989,83.62886344046346,0.08029840021593924,3,True
NVDA,2025-04-14 14:31:00-04:00,111.5317,788042,111.28624436586097,111.14448679075117,0.23519367304754013,77.9985549132967,0.01080536516309083,3,True
META,2025-04-14 04:00:00-04:00,551.74,1774,199.03105178084922,151.14316877937932,399.08638625056534,99.70086023845396,28.082402291363792,3,True
META,2025-04-14 08:50:00-04:00,551.6,3303,551.0110292417968,550.9695907092259,0.10889292196007982,56.70660824465751,0.03555118176448427,3,True
META,2025-04-14 08:54:00-04:00,552.77,4873,551.60798957744,551.2841779313064,0.22969948315803013,58.223495702005486,0.1615216324514753,3,True
META,2025-04-14 09:25:00-04:00,555.5,9968,553.8829671644669,553.26128904251,0.3613369467027949,81.83323025430107,0.11948791347511922,3,True
META,2025-04-14 09:27:00-04:00,556.6,5922,554.4850989852589,553.646519869843,0.4239963915200873,72.9029848048485,0.21830685982307396,3,True
META,2025-04-14 14:43:00-04:00,534.875,25174,534.0538130823005,533.966020059337,0.19727553328179326,65.86071804467437,0.04007343805937673,3,True
META,2025-04-14 15:42:00-04:00,534.825,43952,534.4462878153246,534.41707711341,0.042087542087543284,55.184432181237646,0.0924693040139534,3,True
META,2025-04-14 15:59:00-04:00,531.71,220301,531.7818995075395,532.6806830212591,0.20022708106606224,35.02793296089443,-0.2142358834928506,3,True
META,2025-04-14 16:00:00-04:00,532.8,1441603,531.9855196060316,532.6915300193265,0.20499896560153275,39.78772974372222,-0.07374236246241961,3,True
AMZN,2025-04-14 05:34:00-04:00,187.22,4875,187.60508524476546,187.97039118253417,-0.2025586353944564,26.86567164179452,0.3816729679594124,3,True
AMZN,2025-04-14 05:35:00-04:00,187.15,2465,187.51406819581237,187.89581016594013,-0.037389167823942415,26.86567164179452,0.334980382852196,3,True
AMZN,2025-04-14 05:36:00-04:00,187.0,4453,187.4112545566499,187.8143728781274,-0.08014961261021414,25.8992805755433,0.2908162787515054,3,True
AMZN,2025-04-14 05:46:00-04:00,186.89,2421,186.98486175559884,187.34691564369572,-0.08019674935842991,23.780487804880053,0.185802892580341,3,True
AMZN,2025-04-14 06:28:00-04:00,187.36,2516,187.258467677609,187.25770278330617,0.0,61.718750000002395,0.05613180298791004,3,True
AMZN,2025-04-14 08:00:00-04:00,187.49,230651,186.97356334799684,187.1375166655679,0.5308310991957166,55.895196506551414,0.02532386347626922,3,True
AMZN,2025-04-14 09:25:00-04:00,188.25,41245,187.78607376076113,187.61297679467728,0.23961661341851404,90.28837998303541,0.06179414422800884,3,True
AMZN,2025-04-14 09:32:00-04:00,186.255,416013,186.84796980476227,187.20200096012223,0.26107552349678986,31.27516778523578,-0.2038867237065371,3,True
AMZN,2025-04-14 13:00:00-04:00,180.0655,433452,179.8085211761446,180.0481839230462,0.40733822176373113,39.92462868543664,-0.03521932825432206,3,True
AMZN,2025-04-14 13:18:00-04:00,180.38,79869,180.0366460513847,180.02147098215298,0.20554413643687486,63.14379642030961,0.04328850653010835,3,True
AMZN,2025-04-14 13:53:00-04:00,181.66,107944,181.11131216824376,180.88052418742308,0.22620689655172832,70.12615154784658,0.06578156549264125,3,True
GOOGL,2025-04-14 05:31:00-04:00,158.66,10398,159.0254262980153,159.16177720025635,-0.2326605043073693,18.627450980399786,0.006734746649679629,3,True
GOOGL,2025-04-14 09:25:00-04:00,160.28,31465,159.93518054280625,159.8227076972765,0.21884574501342957,91.68570123344028,0.03130543627605843,3,True
GOOGL,2025-04-14 10:03:00-04:00,161.08,154152,160.59363117585588,160.41255071140955,0.28639023782841555,67.57830335129339,0.033529763720497596,3,True
GOOGL,2025-04-14 12:10:00-04:00,158.3323,117066,158.63707827672556,158.78741787002483,-0.11210649170398934,35.56382338458316,0.0035553224721416032,3,True
GOOGL,2025-04-14 13:00:00-04:00,158.045,255779,157.96694245292016,158.1481752176796,0.2473755986172277,31.775700934581494,-0.046053096022696055,3,True
QQQ,2025-04-15 04:00:00-04:00,458.54,12013,219.02523731160707,186.61391562004707,188.20867379006918,99.55872594558726,19.079315700239846,3,True
QQQ,2025-04-15 07:01:00-04:00,458.45,8558,458.3491422169766,458.3490133747846,-0.015266509639710879,73.28767123288013,0.056580544946101985,3,True
QQQ,2025-04-15 07:09:00-04:00,458.43,6912,458.3559084398895,458.35449318289955,0.028365699323584792,57.51633986928391,0.01744410359247802,3,True
QQQ,2025-04-15 07:27:00-04:00,458.35,4254,458.116750643538,458.11600213731873,0.019639505957314007,70.11986301370115,0.047418879754892104,3,True
QQQ,2025-04-15 08:00:00-04:00,456.14,115274,456.31353417268105,456.6440673499934,-0.015343810964252302,37.03703703703782,0.02032207357501903,3,True
QQQ,2025-04-15 10:43:00-04:00,460.57,119187,459.50907268166327,459.3656850842871,0.20233226002959181,72.24055673135581,0.1968420295280623,3,True
QQQ,2025-04-15 11:47:00-04:00,459.21,92397,459.44829212729974,459.57738292999653,-0.05223636957231159,38.141025641026644,0.006583725619890235,3,True
QQQ,2025-04-15 11:52:00-04:00,459.87,251637,459.24147236427365,459.39387313956223,0.26162600562495975,62.00527704485572,0.01154785815921297,3,True
SPY,2025-04-15 07:27:00-04:00,539.75,3576,539.4672773103905,539.4297501835058,0.042630486358241626,76.78571428571094,0.044428944033718366,3,True
SPY,2025-04-15 07:58:00-04:00,537.3,9991,537.5201384985537,537.9054125462458,-0.055803571428580945,33.54231974921612,0.022794505612168114,3,True
SPY,2025-04-15 11:47:00-04:00,540.065,152187,540.357379664294,540.5279360883791,-0.052484636769667414,38.00867652450349,0.001607871016211293,3,True
SPY,2025-04-15 11:52:00-04:00,540.7042,188360,540.112058168396,540.3072909267122,0.21559065946794576,60.44307084978343,0.008771969085252185,3,True
SPY,2025-04-15 13:40:00-04:00,539.15,151870,538.5203291403454,538.4555990144506,0.08353443475030975,66.07929515418505,0.15501836445706138,3,True
TSLA,2025-04-15 04:32:00-04:00,252.44,5887,253.03928833092024,265.38447839028095,-0.07520880338834912,19.266055045872477,7.782937639564018,3,True
TSLA,2025-04-15 04:53:00-04:00,252.5,5961,252.92607191270002,254.66508452449636,-0.1936835448041463,31.8840579710168,1.968308858972744,3,True
TSLA,2025-04-15 05:27:00-04:00,253.4,2700,253.19540066302974,253.17721031581632,0.00789328281631807,76.1194029850762,0.31630115029340133,3,True
TSLA,2025-04-15 05:42:00-04:00,252.72,4292,253.05033320100728,253.13739613821923,-0.1106719367588882,25.000000000003766,0.02647487138502344,3,True
TSLA,2025-04-15 07:39:00-04:00,250.9,5979,251.0636027917648,251.1289903148652,-0.06372978570859944,39.14728682170689,0.007667239682999913,3,True
TSLA,2025-04-15 09:32:00-04:00,248.9,608568,249.04825799191875,249.60662368453305,0.325564316183935,31.627906976745336,-0.21480931034276657,3,True
TSLA,2025-04-15 09:36:00-04:00,252.0901,813339,250.28930647348994,250.07268792741826,0.5952551971600828,60.808562482806,0.24748107860951526,4,True
TSLA,2025-04-15 10:36:00-04:00,255.92,180412,255.30897921332942,255.2263446364043,0.23013138951422096,47.63012116005598,0.10120723853178434,3,True
TSLA,2025-04-15 10:42:00-04:00,257.155,489318,255.91803977329909,255.5614702183014,0.3061980730974634,71.5719706065992,0.1872064659336538,3,True
TSLA,2025-04-15 10:43:00-04:00,258.61,686596,256.4564318186393,255.83860928936488,0.5658066146876584,80.60724779627829,0.31405019982125687,3,True
TSLA,2025-04-15 11:20:00-04:00,257.55,275005,256.7550094651684,256.4813845827642,0.26862882504088414,76.3779527559063,0.161625419018789,3,True
TSLA,2025-04-15 11:52:00-04:00,255.08,280234,254.72359494230864,254.99267792817938,0.3975282402487679,56.530933527574255,0.011775486122845069,3,True
TSLA,2025-04-15 11:53:00-04:00,255.7491,249729,254.92869595384693,255.06144357107215,0.26230986357220765,58.69705967716794,0.0895658152894625,3,True
TSLA,2025-04-15 13:23:00-04:00,252.05,208687,252.5506435504025,252.80854710710457,-0.10700697526949687,36.99169874879789,0.0032724863358071232,3,True
TSLA,2025-04-15 13:30:00-04:00,252.97,191120,252.41323282342142,252.5719482160877,0.3252430399536044,57.045964896201696,0.06604582801630188,3,True
TSLA,2025-04-15 15:13:00-04:00,253.2164,189459,252.77371975021703,252.64111888996328,0.24398248456749538,64.23688685851533,0.027583267570332304,3,True
AAPL,2025-04-15 04:45:00-04:00,203.2,6455,202.96753147074008,204.95274481520198,0.21700532649437942,49.367088607596465,1.3280092972200839,3,True
AAPL,2025-04-15 05:44:00-04:00,203.01,2435,203.1696492857842,203.29694277910824,-0.014775413711587415,34.02061855670523,0.09977035807817469,3,True
AAPL,2025-04-15 06:11:00-04:00,202.99,3758,203.1063306812919,203.17683869854199,-0.09351314105718878,39.31623931624241,0.05662382466502547,3,True
AAPL,2025-04-15 06:59:00-04:00,201.96,8488,201.97199680487265,202.1270605885819,0.009903931860955062,36.7346938775554,0.030850376921568834,3,True
AAPL,2025-04-15 07:56:00-04:00,200.0,8286,199.985928068434,200.24309113819294,0.05002501250626068,34.554973821991354,0.024695987172940692,3,True
AAPL,2025-04-15 09:27:00-04:00,201.5,43069,200.93997316545511,200.88277204750403,0.34865555211929244,68.83784958701838,0.01306329148086885,4,True
AAPL,2025-04-15 09:30:00-04:00,202.6946,1302934,201.50146626071307,201.17086299587078,0.4632236320380789,84.94534220532357,0.15326650958106086,3,True
AAPL,2025-04-15 10:43:00-04:00,202.55,225042,201.65408676278645,201.43666587036225,0.3194571704514537,77.46045694200399,0.17504109021779027,3,True
AAPL,2025-04-15 11:12:00-04:00,202.095,87766,201.7612712958604,201.74183133153363,0.20577151923839576,51.66763945635102,0.012623599806235834,3,True
AAPL,2025-04-15 11:52:00-04:00,203.02,135576,202.4604661212952,202.38453484776545,0.37823539591110844,73.09722833260076,0.03976835271128895,4,True
AAPL,2025-04-15 13:01:00-04:00,201.64,116454,201.72515035532112,202.16699061806418,0.24858307646415945,20.49582343474802,-0.11185843010048313,3,True
MSFT,2025-04-15 04:00:00-04:00,389.27,789,239.69971481505968,219.4019483854351,92.57445334916395,99.60913993288786,11.91067178212286,3,True
MSFT,2025-04-15 13:02:00-04:00,385.97,46377,385.9058640373185,386.3315336633009,-0.012952696751455939,29.615384615385594,0.004487344717810482,3,True
MSFT,2025-04-15 13:30:00-04:00,385.3,79770,385.05883147347004,385.36988479049467,0.13253982691858734,39.43295617115511,0.0012346813758511987,3,True
MSFT,2025-04-15 14:23:00-04:00,385.29,24735,385.0891032481135,385.0692317389572,-0.03113567369814607,48.565573770493145,0.045034100303722506,3,True
MSFT,2025-04-15 15:50:00-04:00,385.4687,107381,384.87034521590846,385.0062981138627,0.23890261344428065,52.90300975344461,0.004732809987743031,3,True
NVDA,2025-04-15 04:35:00-04:00,110.88,10295,111.07738675499762,119.90798098743751,-0.07209805335255393,38.372093023259715,6.470394587684694,3,True
NVDA,2025-04-15 04:36:00-04:00,110.84,10697,111.0299094039981,119.08361907948864,-0.03607503607503393,27.84810126582812,6.103366181512765,3,True
NVDA,2025-04-15 05:44:00-04:00,110.85,13832,111.00798369371996,111.04827125265234,-0.09913482335976997,33.783783783789076,0.00842780526256709,3,True
NVDA,2025-04-15 05:54:00-04:00,110.9,12132,110.92112408674575,110.96147463015511,0.0,37.931034482763295,0.012410257666004468,3,True
NVDA,2025-04-15 06:05:00-04:00,110.86,8958,110.93233467272265,110.95274151090925,0.0,38.33333333333929,0.0023589433372521312,3,True
NVDA,2025-04-15 07:36:00-04:00,110.66,101515,110.50944586091347,110.52563883952645,0.2809243316719501,60.869565217393856,0.00628333122602736,3,True
NVDA,2025-04-15 07:38:00-04:00,110.84,50340,110.59484535098464,110.56284201613757,0.1898219289523606,63.55140186916101,0.031810570525104574,3,True
NVDA,2025-04-15 09:25:00-04:00,110.74,37827,110.50495001784256,110.47343165096699,0.21719457013573695,56.310679611652844,0.01356626755155195,3,True
NVDA,2025-04-15 09:27:00-04:00,110.9699,83397,110.63236401141924,110.53895095121237,0.22561395807987328,70.3399169280348,0.04444556782428802,3,True
NVDA,2025-04-15 09:30:00-04:00,111.51,2545602,110.91377037384667,110.6999706620679,0.45945945945946587,83.44375079628102,0.09259208634101351,3,True
NVDA,2025-04-15 09:31:00-04:00,111.985,1484521,111.22341303926189,110.88373608435363,0.42597076495380914,93.21600167119337,0.1392274734261851,3,True
NVDA,2025-04-15 09:32:00-04:00,112.29,1678667,111.43673043140952,111.01157825850329,0.2723579050765812,98.1265846558368,0.170444860462757,3,True
NVDA,2025-04-15 11:12:00-04:00,111.995,644910,111.84417997989925,111.76325375126477,0.2013062539143018,59.20637306478449,0.005590060325031079,3,True
NVDA,2025-04-15 11:52:00-04:00,112.465,967666,112.19949597178217,112.17372358527072,0.4062137309168712,66.67530112679825,0.0053961813069632256,4,True
NVDA,2025-04-15 11:53:00-04:00,112.7182,1531573,112.30323677742574,112.2232214411552,0.22513670919841466,67.79523124100479,0.03624896058296358,3,True
META,2025-04-15 04:13:00-04:00,533.88,152,196.53155599601706,150.5376372625026,375.8293010956338,99.91638099403661,26.912640340383167,3,True
META,2025-04-15 09:38:00-04:00,534.455,84330,531.8486878577467,531.6035144421766,0.45957782748444753,62.123456790124,0.18665991213470326,4,True
META,2025-04-15 10:43:00-04:00,532.593,43854,530.2984535411574,529.9874898282357,0.2716746681728388,74.39749324950621,0.4472095772768692,3,True
META,2025-04-15 11:52:00-04:00,531.02,50194,529.7676590995375,529.8333826524048,0.30411212481820105,63.94864356038353,0.13316186710296113,3,True
META,2025-04-15 12:16:00-04:00,530.65,24997,530.2838167916736,530.2498217983443,0.03016079473694422,46.70781893004121,0.019450637572541,3,True
META,2025-04-15 13:30:00-04:00,521.98,77222,521.0601531102202,521.7103613283541,0.3074676198162818,53.86804442725367,0.22568354593820672,3,True
META,2025-04-15 14:25:00-04:00,519.08,67518,518.3085696176801,518.7773766425186,0.2334364671054301,45.977582446063295,0.10369534226038657,3,True
META,2025-04-15 15:51:00-04:00,521.8095,52795,521.0026903159121,520.917694265074,0.04208286201805578,57.64782085685289,0.09929757875744555,3,True
AMZN,2025-04-15 04:30:00-04:00,182.63,3064,186.78984099819166,233.2463347519188,-0.010949904188339854,35.593220338985745,10.727439573208272,3,True
AMZN,2025-04-15 06:47:00-04:00,182.42,2020,182.60471053434605,185.55459221529796,-0.010962508221890044,35.71428571428923,3.1701259283349295,3,True
AMZN,2025-04-15 06:48:00-04:00,182.13,2184,182.50976842747684,185.24326565027087,-0.15897379673280865,29.166666666669826,2.9262081720616173,3,True
AMZN,2025-04-15 07:14:00-04:00,182.23,1643,182.4250335445617,183.52386424245122,-0.09867880050435929,36.70886075949531,1.4094376818953407,3,True
AMZN,2025-04-15 07:35:00-04:00,182.12,2887,182.24864879350565,182.94267629647027,-0.0548787180331467,26.470588235298948,0.8875528793576049,3,True
AMZN,2025-04-15 07:39:00-04:00,182.16,2329,182.1823481822749,182.7354141971978,0.04393673110718588,31.818181818186517,0.7099387283521641,3,True
AMZN,2025-04-15 07:43:00-04:00,182.0,7842,182.14587854581993,182.6685583610889,-0.08783487044355942,28.282828282832256,0.653459635761573,3,True
AMZN,2025-04-15 08:00:00-04:00,181.7999,56806,181.81105327072993,182.16335082935882,-0.09896691944168978,33.997733484436225,0.36466952306379974,3,True
AMZN,2025-04-15 08:29:00-04:00,181.3,12136,181.45825091851543,181.65899325545712,-0.022058012573067387,20.986281053024385,0.011234115488946372,3,True
AMZN,2025-04-15 08:31:00-04:00,181.5,5029,181.4318405878499,181.6099944259976,0.14290364762938879,35.26985623379859,0.025749991951902362,3,True
AMZN,2025-04-15 09:31:00-04:00,180.46,207462,180.85290088931083,181.20194308581932,0.20545282914099516,31.93277310924472,-0.1495695048418132,3,True
AMZN,2025-04-15 11:52:00-04:00,180.63,139519,180.2766274271021,180.41008078518365,0.32202130294773923,59.5226758719211,0.016553228634492406,3,True
AMZN,2025-04-15 15:50:00-04:00,179.62,208741,179.1537609480666,179.13771435215557,0.29594058853090743,69.07894736842249,0.0273106457573894,4,True
GOOGL,2025-04-15 05:57:00-04:00,159.72,1667,159.93615249247466,160.4362746767575,-0.11257035647279645,33.58778625954392,0.3217183045609473,3,True
GOOGL,2025-04-15 07:27:00-04:00,159.88,3589,159.90469833977448,159.96118399159747,0.03128323844083791,39.473684210528816,0.017968343741807058,3,True
GOOGL,2025-04-15 08:00:00-04:00,160.0,20147,159.56074015369757,159.616095823171,0.3827090783612652,59.03614457831487,0.04581154211350347,3,True
GOOGL,2025-04-15 11:47:00-04:00,156.57,106962,156.67709891467723,156.7999047798788,-0.05106926268753087,32.90066842841931,0.007914882024540326,3,True
GOOGL,2025-04-15 11:52:00-04:00,156.88,140569,156.63977257236147,156.7243457537542,0.23960895818024852,68.64743908503276,0.027556193268353735,3,True
GOOGL,2025-04-15 14:03:00-04:00,155.6,40664,155.66230383613046,155.68487833435168,-0.05138746145940676,37.190435525195866,0.0009513845831447612,3,True
GOOGL,2025-04-15 14:25:00-04:00,155.68,50569,155.48893368430384,155.48262481655172,0.09000900090010422,64.02097049500483,0.0401428148573908,3,True
GOOGL,2025-04-15 15:52:00-04:00,156.08,120229,155.82961771218723,155.7969349039062,0.04518955576424677,68.62891207153856,0.048394783416048665,3,True
QQQ,2025-04-16 09:27:00-04:00,449.411,23861,449.5782644879356,449.72556362230375,-0.08426154427622068,38.36184551581229,0.0225869142236724,3,True
QQQ,2025-04-16 09:32:00-04:00,450.4,146458,449.79003464592546,449.73661365445696,0.022207417277364527,64.6864686468658,0.1261098160390126,3,True
QQQ,2025-04-16 10:22:00-04:00,449.17,355515,448.71419690313644,448.6740938933207,0.01335975596179484,52.71453590192783,0.08917989070333579,3,True
QQQ,2025-04-16 11:22:00-04:00,450.89,150649,450.1504687396791,450.05658959697314,0.17765320033487075,62.15937104404008,0.05470933986380408,3,True
QQQ,2025-04-16 13:18:00-04:00,448.85,119979,448.4234217959357,448.3999883512169,0.028971296131219404,60.63829787234206,0.08908554343180802,3,True
QQQ,2025-04-16 15:14:00-04:00,439.37,272179,439.2978068896394,439.732366671627,-0.06823299292652019,38.67225044624522,0.05581843743500925,3,True
QQQ,2025-04-16 15:30:00-04:00,439.135,307307,438.45926158575713,438.77892576878435,0.22023415569298876,49.65595067708941,0.06532140982454893,3,True
QQQ,2025-04-16 15:50:00-04:00,443.0792,513030,441.18642950897794,440.4412270988862,0.4191011490605856,89.27354794753873,0.2340789947472815,3,True
SPY,2025-04-16 08:23:00-04:00,533.75,2236,533.6835024941847,533.6820871423976,0.0018735714018003335,38.46153846154295,0.014639815129442995,3,True
SPY,2025-04-16 08:58:00-04:00,532.67,14068,532.8086934668084,532.9608111782541,-0.028152096392797255,39.82015609094364,0.021486568763773306,3,True
SPY,2025-04-16 09:27:00-04:00,531.62,36683,531.7053743364193,531.8501496793228,-0.041365824308070565,35.94954907855616,0.038915027610611885,3,True
SPY,2025-04-16 09:28:00-04:00,531.45,33738,531.6542994691354,531.8137724357481,-0.0319777284526479,28.12773403325015,0.025022207586947398,3,True
SPY,2025-04-16 09:29:00-04:00,531.63,23239,531.6494395753083,531.79706585068,0.03386960203217715,33.90609735072695,0.02859902436837622,3,True
SPY,2025-04-16 09:31:00-04:00,532.92,334620,532.076513062558,531.9706129606913,0.12588069516203948,75.50200803213095,0.15055612755453002,3,True
SPY,2025-04-16 15:50:00-04:00,524.57,945008,522.972279105735,522.4668557745595,0.31745424642866116,79.35222672064995,0.1751860495524763,3,True
TSLA,2025-04-16 04:27:00-04:00,249.0,43464,246.98031680987918,265.3786668416619,1.2359733289965869,82.67857142857162,9.661759334893567,3,True
TSLA,2025-04-16 04:30:00-04:00,249.05,22287,247.68536220665817,261.14944916728916,0.3748186361438144,71.19784656796801,8.809401998187049,3,True
TSLA,2025-04-16 04:41:00-04:00,250.84,31216,249.39502910924472,253.45395946899885,0.5370741482966013,61.76470588235329,4.724353931554205,3,True
TSLA,2025-04-16 05:00:00-04:00,249.18,6763,248.89017673711015,249.73515976922735,0.2413709872073344,38.028169014085364,1.0363800115366901,3,True
TSLA,2025-04-16 05:04:00-04:00,248.21,9800,248.87272839152035,249.47711274450333,-0.3292775970766493,34.29256594724292,0.7601280989257262,3,True
TSLA,2025-04-16 05:31:00-04:00,248.43,7719,248.87473215305923,249.03554686609837,-0.10856453558503176,39.93993993994119,0.059288735488919386,3,True
TSLA,2025-04-16 05:40:00-04:00,249.49,8333,248.9560758249122,248.94933237719067,0.19678714859439062,51.07033639143848,0.12394333485617753,3,True
TSLA,2025-04-16 06:19:00-04:00,249.37,4810,249.04068762008646,249.01823058758464,0.1767565178965924,57.219251336899625,0.007288392145814361,3,True
TSLA,2025-04-16 09:18:00-04:00,248.0,18118,248.11376899558536,248.29818205052698,0.0,35.30008110300304,0.0019665895553260815,3,True
TSLA,2025-04-16 09:29:00-04:00,247.85,18504,248.0692358939292,248.15225199303393,0.03228800904062634,39.046444718456236,0.019509985467927426,3,True
TSLA,2025-04-16 09:31:00-04:00,249.3851,681638,248.1886287776918,248.17246363112992,0.7331663771862562,68.39393376005995,0.08068783627572268,4,True
TSLA,2025-04-16 10:05:00-04:00,249.6922,491247,248.4728954607955,248.44519651271142,0.5121165767651759,63.47566484660463,0.11078188537521969,4,True
TSLA,2025-04-16 10:25:00-04:00,250.215,344317,249.396527458083,249.14056571838856,0.29175857188608045,60.05739099520095,0.09594134324822123,3,True
TSLA,2025-04-16 11:22:00-04:00,249.5758,279424,248.99245149913367,249.01407766672577,0.24734897172236092,53.62596435222182,0.03263998135092751,3,True
TSLA,2025-04-16 11:24:00-04:00,250.34,335561,249.38316895944558,249.1954360882031,0.23623623623623136,64.05529953917096,0.13981230519220064,3,True
TSLA,2025-04-16 11:25:00-04:00,251.2121,459586,249.7489551675565,249.37876917109372,0.3483662219381678,69.04823316997707,0.22740000448924833,3,True
TSLA,2025-04-16 14:17:00-04:00,239.865,936728,240.6949555010887,241.05230823445726,-0.2487283911751903,36.83782023447764,0.028254188354200682,3,True
TSLA,2025-04-16 15:00:00-04:00,237.63,296192,237.72236273256345,238.22873331801685,0.23621715105244245,36.544390447824654,0.016833946612457962,3,True
TSLA,2025-04-16 15:50:00-04:00,239.125,813778,237.56258851985177,236.7872086774376,0.3504133618699834,84.51339455523586,0.2681040517145986,3,True
TSLA,2025-04-16 15:54:00-04:00,240.1459,759489,238.86202649773134,237.72047194005708,0.267593578422165,81.24740799509577,0.32216034063616517,3,True
AAPL,2025-04-16 04:27:00-04:00,200.0,10895,198.60043263645846,201.94083923994262,0.9642081881972908,87.02531645569653,1.585330508048144,3,True
AAPL,2025-04-16 04:30:00-04:00,200.0,4771,199.09494150986677,201.355326250896,0.3461943705785009,75.00000000000033,1.5713020574880616,3,True
AAPL,2025-04-16 04:41:00-04:00,202.33,12785,200.8762139124655,200.99766084248975,0.41191066997519066,76.29796839729143,0.9882232052390352,3,True
AAPL,2025-04-16 05:26:00-04:00,200.86,2165,200.6529313850566,200.66798249017336,0.22954091816367317,58.43373493976051,0.03000539855033167,3,True
AAPL,2025-04-16 07:00:00-04:00,200.44,9437,200.30742995192284,200.29731000854068,0.06489940592082633,61.15107913669151,0.011093866466875574,3,True
AAPL,2025-04-16 08:59:00-04:00,199.4,4755,199.54845942728582,199.64625487818125,-0.050125313283200246,33.67346938775866,0.0010384124062067651,3,True
AAPL,2025-04-16 09:19:00-04:00,198.95,9667,198.99569039425458,199.13469813918863,-0.02487443435789105,34.92159227986089,0.00804210724677723,3,True
AAPL,2025-04-16 09:30:00-04:00,200.0,1678828,198.8013271763637,198.8656784112416,0.8621189618261971,68.56435643564419,0.07378780127485701,3,True
AAPL,2025-04-16 09:30:00-04:00,200.0,1678828,199.04106174109097,198.96879855567417,0.0,68.56435643564419,0.1433871364827692,3,True
AAPL,2025-04-16 11:22:00-04:00,197.95,187171,197.520099903971,197.52309425639038,0.2379987846870657,58.825606024947604,0.02817437357998436,3,True
AAPL,2025-04-16 11:24:00-04:00,198.565,178903,197.82938393854144,197.66937541850444,0.2109544933811769,74.417731029301,0.11038414825991691,3,True
AAPL,2025-04-16 15:30:00-04:00,193.05,268577,192.77378298664735,192.9242069363788,0.249260009347263,46.64197230993705,0.008620004201860654,3,True
AAPL,2025-04-16 15:50:00-04:00,194.37,444098,193.61200055857242,193.41287485502596,0.5197424559770347,73.18635541932005,0.06449447702447772,3,True
MSFT,2025-04-16 11:11:00-04:00,378.8285,73971,378.49831172827476,378.48461179895617,0.06035393555203772,56.78411524236056,0.032412539211279866,3,True
MSFT,2025-04-16 11:22:00-04:00,379.08,53875,378.6540332719135,378.60708521815155,0.16911531550576342,63.856235107228386,0.01390996212845827,3,True
MSFT,2025-04-16 12:02:00-04:00,376.9142,61372,376.9734254668555,377.36405631677184,0.04092791166789844,38.211339115719284,0.0022206409668205085,3,True
MSFT,2025-04-16 14:00:00-04:00,373.12,114927,372.9655690571902,373.57399350136563,0.22563661759966713,41.848343488195816,0.018026888980624656,3,True
MSFT,2025-04-16 14:20:00-04:00,372.63,64442,372.83517373136243,373.0351336087315,-0.03621584644480924,37.440227589130224,0.012359197144301615,3,True
MSFT,2025-04-16 15:50:00-04:00,370.87,201184,369.5904975440633,369.4122858958161,0.4741005635023887,73.00505506409029,0.12073992407672526,3,True
NVDA,2025-04-16 04:27:00-04:00,105.65,175394,105.23924064996905,123.04527794043686,1.110154081730319,79.6116504854374,9.113251113090655,3,True
NVDA,2025-04-16 04:30:00-04:00,105.42,84034,105.21033121278418,118.598570954498,0.4382621951219523,66.889632107024,8.188437311873862,3,True
NVDA,2025-04-16 04:34:00-04:00,105.56,72645,105.27994366475642,114.38333922170479,0.20884754129484318,65.0537634408607,6.731152116099871,3,True
NVDA,2025-04-16 04:35:00-04:00,105.81,97573,105.38595493180514,113.60394474700435,0.23683213338385745,66.75191815856817,6.388759768006658,3,True
NVDA,2025-04-16 04:41:00-04:00,106.86,126756,106.08460360964314,110.40950670454154,0.4795486600846388,67.7419354838712,4.485853944991645,3,True
NVDA,2025-04-16 04:50:00-04:00,107.25,145903,106.77385302970693,108.36452658486542,0.3931479921370329,74.11347517730542,2.350301142015712,3,True
NVDA,2025-04-16 05:04:00-04:00,105.99,86333,106.38047329384801,106.94235387015074,-0.42277339346110665,25.95419847328438,0.7127671289261448,3,True
NVDA,2025-04-16 05:16:00-04:00,106.17,111180,106.23629516719362,106.45264621454703,-0.14108352144468483,38.99371069182609,0.3075060144525652,3,True
NVDA,2025-04-16 07:42:00-04:00,105.35,43191,105.05848616425587,105.03403373499758,0.26648900732844094,58.653846153848,0.0308288498621149,4,True
NVDA,2025-04-16 09:30:00-04:00,105.25,7663519,104.62507508939287,104.58074242156408,0.7755649176560686,58.3840274528166,0.04812082411327836,4,True
NVDA,2025-04-16 09:31:00-04:00,105.67,3446017,104.93404805721144,104.7350763814579,0.3990498812351584,67.81472684085611,0.12116498529460978,3,True
NVDA,2025-04-16 09:32:00-04:00,106.35,2333628,105.21723844576915,104.88188761950718,0.6435128229393294,78.74371859296544,0.1844538587251897,3,True
NVDA,2025-04-16 12:24:00-04:00,103.9988,960424,103.84199989591094,103.96726897720133,0.30922604752010585,45.76348674184956,0.017416023040069506,3,True
NVDA,2025-04-16 14:51:00-04:00,100.9676,1003473,100.88458564793673,101.18051577120045,0.27569768596682476,32.09469813055793,0.002069353838839605,3,True
NVDA,2025-04-16 15:13:00-04:00,101.385,780249,101.20817107412316,101.19802654253276,0.20132178574501225,56.96093686020904,0.018756336425305276,3,True
NVDA,2025-04-16 15:32:00-04:00,101.8163,1421909,101.2571220813661,101.18079479677266,0.4353144266337816,63.88876056728519,0.0716571781045639,3,True
NVDA,2025-04-16 15:50:00-04:00,103.595,2518643,102.72668486413974,102.28854013187775,0.7928577613759868,80.58076225045421,0.09367847838064913,3,True
META,2025-04-16 11:22:00-04:00,510.35,54718,508.9124504689974,508.76515323139665,0.28536181528000526,66.92573402418003,0.17733090718323555,4,True
META,2025-04-16 11:25:00-04:00,513.04,93776,510.4727746401267,509.574938566038,0.22759462759462945,79.15638035243023,0.5025414172506748,3,True
META,2025-04-16 12:44:00-04:00,511.81,29191,510.7828944121462,510.70159501255034,0.16670639594393855,59.56492297274448,0.058831446694942155,3,True
META,2025-04-16 13:42:00-04:00,502.94,77831,504.0737655999705,505.7939839955419,0.21919336840428016,22.553588070830273,-0.3458453786464317,3,True
META,2025-04-16 13:56:00-04:00,499.8852,181103,500.97464838929716,502.36549806340156,-0.12339591306981257,27.735992070433895,0.02910352257257598,3,True
META,2025-04-16 15:50:00-04:00,500.995,109563,498.73910905750154,498.05879380614033,0.46221099280114863,75.63003275778837,0.29886087170178693,3,True
META,2025-04-16 15:52:00-04:00,502.67,97263,499.984629796801,498.77148248441347,0.21131955104563005,84.41802252816026,0.5168319892270911,3,True
META,2025-04-16 15:54:00-04:00,503.03,104031,500.9009630699527,499.4175888300938,0.2241460037258003,81.83881952326888,0.5388276353870729,3,True
AMZN,2025-04-16 04:34:00-04:00,178.18,3487,178.64943932614617,206.83483157039132,0.24191279887482153,89.6797153024916,11.855014658503663,3,True
AMZN,2025-04-16 04:41:00-04:00,180.07,10109,178.95237462271334,194.689593042741,0.5977653631284774,95.73033707865179,10.084761591920753,3,True
AMZN,2025-04-16 07:04:00-04:00,177.2,7537,177.41241077444332,177.54469721870294,-0.11273957158963732,32.584269662925266,0.06774333746601113,3,True
AMZN,2025-04-16 07:27:00-04:00,177.86,1433,177.57318726657826,177.55079206752953,0.20281690140846464,56.63716814159428,0.07584947216303028,3,True
AMZN,2025-04-16 09:37:00-04:00,177.55,170380,176.95628560581986,176.90375228024453,0.34474963264383707,62.01258243929203,0.07270276111363809,3,True
AMZN,2025-04-16 10:24:00-04:00,176.72,128955,176.2696273408874,176.2121801408121,0.22970252105607436,58.11965811965892,0.0935444320175036,3,True
AMZN,2025-04-16 11:22:00-04:00,178.37,230841,177.9921324623444,177.8364824753475,0.2226733500511502,68.57106257605965,0.0165978318541746,3,True
AMZN,2025-04-16 14:00:00-04:00,173.53,241912,173.52001888528548,174.00653081364814,0.23682994454712336,39.08369169699113,0.0035514622117953643,4,True
AMZN,2025-04-16 14:02:00-04:00,173.15,328589,173.4076120865827,173.86862050714723,-0.07502308402584923,34.17164966584741,0.015225844674641609,3,True
AMZN,2025-04-16 15:03:00-04:00,171.99,172814,172.2034281941827,172.33292463413713,-0.07552870090634656,39.606741573035684,0.004005517231908756,3,True
AMZN,2025-04-16 15:50:00-04:00,173.8269,403803,172.91048759899613,172.5570179986448,0.5884497424917479,83.35913604954172,0.10494060191970056,3,True
AMZN,2025-04-16 15:54:00-04:00,174.545,340580,173.73201572054884,173.10319192585533,0.22693106739140045,83.8770004292109,0.18674456117932065,3,True
GOOGL,2025-04-16 04:41:00-04:00,155.12,6029,154.46844366473636,155.18077501775394,0.4533091568449832,82.18181818181907,0.683876378667291,3,True
GOOGL,2025-04-16 05:15:00-04:00,153.6,5462,153.78976443579774,154.1048570461329,-0.06506180871828082,14.285714285720573,0.09968450867926149,3,True
GOOGL,2025-04-16 05:17:00-04:00,153.7,4814,153.73664923891056,154.02384879845695,0.0846519502506915,26.25000000000324,0.09560723206036148,3,True
GOOGL,2025-04-16 06:48:00-04:00,153.13,4651,153.20047571929885,153.3050021064134,-0.04569190600521855,30.5263157894762,0.0015218839903684,3,True
GOOGL,2025-04-16 07:20:00-04:00,152.95,3121,152.95696003122575,153.02545355865482,0.06542361792607476,31.818181818184996,0.006226812237575791,3,True
GOOGL,2025-04-16 08:00:00-04:00,153.71,289297,153.26659512089105,153.20341212941634,0.3918751224609718,64.51612903225954,0.025949892910139827,3,True
GOOGL,2025-04-16 09:30:00-04:00,153.105,579846,152.86846027458463,152.90749247621483,0.2455313297976769,54.243119266057356,0.011151468089238142,3,True
GOOGL,2025-04-16 13:57:00-04:00,152.71,138781,153.07295503106138,153.32279712069476,-0.19932686337938987,31.993432899060025,0.021807641464535843,3,True
GOOGL,2025-04-16 14:00:00-04:00,153.205,131212,153.00664097590345,153.22250347159635,0.33399914862963787,51.39608454449724,0.03540287696400557,3,True
GOOGL,2025-04-16 15:27:00-04:00,151.7,127491,151.70604264594152,151.83530871162696,0.023077176672270383,37.682481751827304,0.02428341670010306,3,True
GOOGL,2025-04-16 15:30:00-04:00,152.13,136919,151.78109383472207,151.83616732654167,0.29006526468455807,62.32993197279102,0.057514654280887395,3,True
GOOGL,2025-04-16 15:50:00-04:00,153.2599,138049,152.6994589993713,152.47980866726334,0.4324377457404882,84.87560960553391,0.04581934979421706,3,True
GOOGL,2025-04-16 15:54:00-04:00,153.64,239270,153.1505624061425,152.7875231659472,0.20871380120008887,79.53367875647857,0.0931972167141441,3,True
QQQ,2025-04-17 07:07:00-04:00,447.22,5310,447.38596458230296,447.55256096576096,-0.017885088307623143,36.53846153846238,0.0015305787579499297,3,True
QQQ,2025-04-17 07:28:00-04:00,447.57,12434,446.98841532502286,446.9299553318565,0.0737858867722041,79.10385259631421,0.13269984940989463,3,True
QQQ,2025-04-17 08:33:00-04:00,448.9899,29380,448.13939778330354,448.0719630173287,0.2433355659745562,64.8191878501624,0.029718086657621476,4,True
QQQ,2025-04-17 09:21:00-04:00,447.84,22590,447.37579471076975,447.3508562132826,0.04691374572749485,68.9271907216498,0.12813035866678568,3,True
QQQ,2025-04-17 09:52:00-04:00,446.77,236977,445.8067655913141,445.73269381297655,0.13867492933450354,69.05677261127475,0.2558987018992299,3,True
QQQ,2025-04-17 11:06:00-04:00,444.47,204119,443.10369931550355,442.99969327760886,0.29334115576415964,69.06250000000107,0.13795360014176883,4,True
QQQ,2025-04-17 11:37:00-04:00,445.13,147845,444.27071002263324,444.21789003667334,0.29290494108105136,56.64864629201741,0.018835576653358263,4,True
QQQ,2025-04-17 12:05:00-04:00,444.21,390227,443.56663295667994,443.66765165509855,0.2931963367842849,48.83607736911145,0.02634519957396253,3,True
SPY,2025-04-17 04:00:00-04:00,531.21,7212,461.41908699481013,451.9881206294562,19.588023412877085,98.57445149793955,5.6194470910690155,3,True
SPY,2025-04-17 06:25:00-04:00,529.0,12674,528.951567841663,529.16408623458,-0.01890001890002546,36.55462184873976,0.05935407841557949,3,True
SPY,2025-04-17 06:49:00-04:00,528.2,6139,528.088384482469,528.3296168225364,0.06820248560170938,39.754098360655966,0.007743262290096031,3,True
SPY,2025-04-17 07:29:00-04:00,528.3,13507,527.8658537170857,527.8130676224557,-0.01892505677517642,74.99999999999737,0.12448779648129382,3,True
SPY,2025-04-17 08:33:00-04:00,529.68,23309,528.8163792414445,528.7275144239046,0.20431328036321084,72.86661976077718,0.04272197193937812,4,True
SPY,2025-04-17 10:40:00-04:00,525.191,474040,524.8083266198275,525.3953480703366,0.15083905415713694,35.94326568265721,0.015104395971711093,3,True
SPY,2025-04-17 11:06:00-04:00,527.3952,273382,525.9713837147524,525.7304909780291,0.23856768160566144,72.01579753364987,0.16474493670354817,3,True
SPY,2025-04-17 12:05:00-04:00,527.61,841591,527.00883806561,527.0919213871595,0.20701967636558294,48.824193396669834,0.02009207973377404,3,True
SPY,2025-04-17 16:00:00-04:00,526.53,2258194,526.4702868836473,526.772942509365,0.02659624992875642,38.323353293414094,0.015280075856821673,3,True
TSLA,2025-04-17 04:34:00-04:00,244.7,5766,245.21706358638363,257.20933754850597,-0.1224489795918382,36.47058823529447,7.793624869656615,3,True
TSLA,2025-04-17 04:38:00-04:00,244.28,7324,244.85287724498278,253.22075373847818,-0.17163874131589374,30.000000000000398,6.221712851316816,3,True
TSLA,2025-04-17 04:39:00-04:00,244.18,5708,244.71830179598624,252.39886703498016,-0.04093663009661075,29.577464788732783,5.83921361677962,3,True
TSLA,2025-04-17 04:40:00-04:00,243.88,6575,244.55064143678902,251.62442457725467,-0.12286018510935248,24.050632911392697,5.462433976018012,3,True
TSLA,2025-04-17 04:44:00-04:00,243.6,7603,244.19059873250885,249.19840487484097,-0.16393442622950616,19.72789115646283,4.2084546040380015,3,True
TSLA,2025-04-17 04:45:00-04:00,243.77,7845,244.10647898600712,248.7049135225827,0.06978653530378409,25.59726962457404,3.9362396301693767,3,True
TSLA,2025-04-17 08:03:00-04:00,244.3,40935,243.527483355881,243.23520559233717,0.20919643955863432,85.79234972677521,0.11073160827582537,3,True
TSLA,2025-04-17 08:33:00-04:00,244.52,20529,243.9365220388849,243.81219307030844,0.2542025420254168,75.43810062181991,0.02177705623787149,3,True
TSLA,2025-04-17 09:39:00-04:00,240.365,604282,241.23528704582492,241.97712235889693,0.2188959306204108,27.64786795048167,-0.22358138745188272,3,True
TSLA,2025-04-17 10:46:00-04:00,240.53,211350,239.82907003363505,239.7363454951672,0.22500937539062793,61.29315598895773,0.30525018791159175,3,True
TSLA,2025-04-17 11:06:00-04:00,241.9208,462606,240.8966628399927,240.5562271398141,0.39040584280853885,78.01365478984441,0.11716376005762394,3,True
TSLA,2025-04-17 12:05:00-04:00,239.82,606542,239.50597343082597,239.78690378780428,0.4397537379067673,38.149329654696544,-0.04999022615934082,3,True
TSLA,2025-04-17 12:08:00-04:00,240.795,152611,239.93549839658294,239.92629510729097,0.21433327784250444,61.339918210462706,0.11889172333517878,3,True
TSLA,2025-04-17 12:15:00-04:00,240.57,167638,240.05531143845914,240.00243521970987,0.22914757103573713,57.50663876334363,0.06297993514422119,3,True
TSLA,2025-04-17 13:07:00-04:00,241.2998,120313,240.99550790739758,240.95642547279908,0.20755813953488023,53.37733419188679,0.02720861760602688,3,True
TSLA,2025-04-17 13:44:00-04:00,239.95,240004,239.70512126011192,239.87113301479081,0.22346135371635878,56.853103872157206,0.004743855491459392,3,True
TSLA,2025-04-17 13:46:00-04:00,240.7,260592,239.97302160647166,239.96836612792626,0.23490864964379465,57.812499999999886,0.09835196417177319,4,True
TSLA,2025-04-17 15:54:00-04:00,241.69,441297,240.67892468655995,240.32645336490967,0.398036320918127,82.34133009413839,0.1435728782734479,3,True
AAPL,2025-04-17 04:33:00-04:00,197.1,8780,196.8202026028403,199.2607471659349,0.22883295194506825,54.10958904109594,1.4089836053362488,3,True
AAPL,2025-04-17 05:00:00-04:00,196.32,8687,196.42494940044446,196.89747401157027,-0.025462137801091078,31.73076923076981,0.3946219292716513,3,True
AAPL,2025-04-17 05:11:00-04:00,196.11,1962,196.27886602528267,196.54386966283224,-0.05605952502292233,35.95505617977507,0.19895259568461832,3,True
AAPL,2025-04-17 07:28:00-04:00,195.95,3377,195.689516169247,195.68845111183765,0.0817202104295367,61.87050359712233,0.06827152309258697,3,True
AAPL,2025-04-17 08:03:00-04:00,197.5,49578,196.47097890589782,196.2012188958545,0.5085989559319382,82.06106870229084,0.11141456965679719,3,True
AAPL,2025-04-17 08:33:00-04:00,197.45,7406,196.89067016647405,196.7936968714227,0.4068141367912448,63.38667442537064,0.010557885710679019,3,True
AAPL,2025-04-17 09:28:00-04:00,197.01,67475,196.43853858442458,196.47673893409294,0.5717494512226251,53.92962174221682,0.036131257723285,3,True
AAPL,2025-04-17 09:29:00-04:00,197.0,25934,196.55083086753967,196.52430812190266,-0.005075884472860448,59.679048367186496,0.06893402590536754,3,True
AAPL,2025-04-17 10:40:00-04:00,196.79,249565,196.1742656854301,196.0219595450004,0.2853794017224631,56.319290465631866,0.07512297335464048,3,True
AAPL,2025-04-17 11:06:00-04:00,196.49,322220,195.9058094498074,195.9734502933462,0.43447147822532894,66.91064498698302,0.012162661622510229,3,True
AAPL,2025-04-17 11:37:00-04:00,196.92,99224,196.53007057929483,196.48764356863828,0.31584309730003923,57.099135063206916,0.012088202536514873,3,True
AAPL,2025-04-17 12:05:00-04:00,197.0,281084,196.53971518760306,196.46557356421587,0.32593196170298544,55.48532097204653,0.04908846528673298,3,True
AAPL,2025-04-17 12:07:00-04:00,197.39,123813,196.761577720066,196.58249881340154,0.26744419356559135,70.61682869594328,0.09567345918826733,3,True
AAPL,2025-04-17 12:19:00-04:00,197.91,236983,197.49227854323854,197.1989582067678,0.22281865599838024,60.90342679127699,0.04559712794485016,3,True
AAPL,2025-04-17 15:56:00-04:00,196.88,211232,196.7301695923743,196.87269223731388,-0.02031281738776869,38.0305120506369,0.02508005938410654,3,True
AAPL,2025-04-17 16:00:00-04:00,197.41,8434238,196.92533346503652,196.92369594789554,0.27429268044902866,58.8249137119546,0.08593851718688822,4,True
MSFT,2025-04-17 08:34:00-04:00,374.03,867,372.98050922969037,372.9195794393074,0.22240085744908988,60.49382716049367,0.07169921272173956,3,True
MSFT,2025-04-17 09:23:00-04:00,373.5733,709,372.66184336533365,372.61341202088306,0.22356065890434262,69.73331049054866,0.11844971573996488,3,True
MSFT,2025-04-17 09:28:00-04:00,374.0,9869,372.38724083395255,372.4492564596824,0.8086253369272267,61.74104416317421,0.04212819850053989,3,True
MSFT,2025-04-17 11:06:00-04:00,371.21,63996,370.0104516915397,369.921740899358,0.3487240484429055,68.38635868380837,0.08263744034365682,4,True
MSFT,2025-04-17 11:37:00-04:00,371.805,34744,371.18499795937265,371.13697461493746,0.227382086820338,57.0270270270267,0.009532129806741084,3,True
MSFT,2025-04-17 12:05:00-04:00,371.705,131378,371.0519386280475,370.98867663012857,0.28328229755434364,60.09009009009042,0.05535047998272822,4,True
MSFT,2025-04-17 12:14:00-04:00,371.9,81341,371.53976544241203,371.3740537722253,0.20207463289774186,58.9808274470232,0.01435813821826154,3,True
MSFT,2025-04-17 15:42:00-04:00,368.75,87390,368.5996923379076,368.59257702479647,0.07327399044723126,52.78396436525649,0.04181050585844945,3,True
NVDA,2025-04-17 04:45:00-04:00,105.48,24278,105.56356123545426,108.89488248052861,0.01896453631708983,26.923076923077417,3.2431557482378945,3,True
NVDA,2025-04-17 05:00:00-04:00,105.4,19885,105.41061004561917,106.24849340536966,0.07595898214964869,39.43661971831079,1.1040788671486306,3,True
NVDA,2025-04-17 05:40:00-04:00,105.5,21201,105.52878290314851,105.59493139325211,0.0,33.33333333333455,0.03501330496754734,3,True
NVDA,2025-04-17 05:57:00-04:00,105.63,13478,105.53286495778715,105.53170828116369,0.07579346281383348,62.06896551724146,0.031242073005265242,3,True
NVDA,2025-04-17 06:47:00-04:00,104.88,19552,104.87820592766566,104.97442527320734,0.0,33.766233766233384,0.002044882869965542,3,True
NVDA,2025-04-17 08:33:00-04:00,105.01,88002,104.95959780712164,105.03077251172513,0.2482100238663465,35.99359935993664,-0.04173453912621244,3,True
NVDA,2025-04-17 09:20:00-04:00,104.45,94497,104.26560595939465,104.3810189678928,0.2014581734459009,44.731723131788286,0.01390859210857276,3,True
NVDA,2025-04-17 10:39:00-04:00,100.5525,1157398,100.46419904979912,100.79457789494106,0.20179372197308698,39.844336724243554,0.039779229357690404,3,True
NVDA,2025-04-17 11:07:00-04:00,100.965,1553190,100.52247785960351,100.5133841902921,0.1686591596805398,64.61241629780963,0.08334051336635814,3,True
NVDA,2025-04-17 11:51:00-04:00,100.52,891176,100.48017454234683,100.585082867875,0.2543260360045929,33.68705510150204,-0.02188486022450177,3,True
NVDA,2025-04-17 12:05:00-04:00,100.75,1758562,100.41688114459485,100.43409036069018,0.5375641269996567,57.81143866322523,0.03724819741160268,3,True
NVDA,2025-04-17 12:07:00-04:00,101.1,1065421,100.61320393254071,100.5240416204051,0.30757019545588626,76.9541260891848,0.08651591585313276,3,True
NVDA,2025-04-17 12:35:00-04:00,101.5299,819890,101.27225222641972,101.14255284981506,0.26159087542585446,63.57154982176216,0.01033940121870261,3,True
NVDA,2025-04-17 13:47:00-04:00,101.345,716782,101.12890310162089,101.10670736651214,0.09877030964491329,59.50318246110334,0.0379250767147609,3,True
NVDA,2025-04-17 13:55:00-04:00,101.6593,733320,101.39589449258966,101.27297945822693,0.23594951686058963,76.58624414836069,0.052439422441774214,3,True
NVDA,2025-04-17 14:20:00-04:00,102.26,761989,101.95593154114125,101.81095980971784,0.20578147966683336,68.0704857803792,0.018298586735627453,3,True
NVDA,2025-04-17 15:07:00-04:00,101.725,880445,101.61093898545629,101.70051580647005,0.004817140368507111,38.0373073803729,0.022731944516196145,3,True
NVDA,2025-04-17 15:59:00-04:00,101.42,3149337,101.26506151708814,101.25050878096519,0.06906758756783926,56.64373925277482,0.04524002462089838,3,True
META,2025-04-17 09:51:00-04:00,505.815,92015,504.22676057708577,504.01751754877813,0.03460960367058785,72.0647773279351,0.5069966845934306,3,True
META,2025-04-17 10:41:00-04:00,502.68,74338,500.37614471726823,500.315742979785,0.33843362419396783,65.8343483556639,0.39079461485623535,4,True
META,2025-04-17 10:42:00-04:00,503.8,69428,501.0609157738146,500.63249361798637,0.22280576112039263,70.64746643568645,0.5527861727965405,3,True
META,2025-04-17 11:06:00-04:00,504.49,41142,502.6099002432193,502.4082425263849,0.29622266401589936,64.03385049365303,0.08097088609985262,3,True
META,2025-04-17 11:37:00-04:00,504.57,27874,503.4312069629193,503.3083653168784,0.2882016218794803,58.339247693399635,0.08069276061611852,3,True
META,2025-04-17 12:05:00-04:00,502.69,64868,501.5503665843556,501.79281080186445,0.3753918651784094,48.740593810018375,0.09509968844045524,3,True
META,2025-04-17 15:58:00-04:00,501.16,106267,500.9242136754742,501.2310032229294,0.005986470576502256,38.01886792452837,0.023799029964658214,3,True
AMZN,2025-04-17 04:48:00-04:00,175.97,1716,177.68924559442542,209.23020904103169,-0.0908419917106662,35.93749999999979,11.73885512002731,3,True
AMZN,2025-04-17 05:00:00-04:00,175.78,3340,176.4171543963814,196.55667325321272,-0.0056886057227312214,29.91452991452975,10.658056376817889,3,True
AMZN,2025-04-17 06:32:00-04:00,176.39,3763,176.45932082673954,176.86252395915812,-0.045333484444953775,39.55223880596969,0.6669721823780024,3,True
AMZN,2025-04-17 06:55:00-04:00,175.9,2129,176.0883284555197,176.30393465928208,-0.1305853630840792,28.695652173913984,0.21472155144104998,3,True
AMZN,2025-04-17 07:00:00-04:00,175.59,2688,175.89442416922608,176.1532867462675,-0.10240655401946297,23.188405797102135,0.13736559071273424,3,True
AMZN,2025-04-17 07:08:00-04:00,175.5,3450,175.6123707595341,175.86374812242755,0.034199726402195374,33.33333333333333,0.07771352036873824,3,True
AMZN,2025-04-17 07:12:00-04:00,175.35,2868,175.47346706310518,175.71174313395778,0.011407060970736183,22.772277227721972,0.06127039998495176,3,True
AMZN,2025-04-17 07:13:00-04:00,175.28,3397,175.43477365048415,175.67249375814345,-0.03992015968063978,24.731182795698402,0.056411357317281474,3,True
AMZN,2025-04-17 07:15:00-04:00,174.9,4907,175.29025513630984,175.56321798193673,-0.1712328767123239,18.91891891891781,0.027062960780677547,3,True
AMZN,2025-04-17 08:00:00-04:00,176.3,103601,175.97139332549347,175.85786664768324,0.2730064839040036,63.63636363636422,0.039838098714362356,3,True
AMZN,2025-04-17 08:03:00-04:00,176.61,19785,176.10138538265267,175.944683431768,0.32225136287957756,67.68558951965055,0.05589139784850969,3,True
AMZN,2025-04-17 08:33:00-04:00,176.6,6519,176.15965083994942,176.114658167304,0.30101664110864235,69.33422999327533,0.022265700771489365,4,True
AMZN,2025-04-17 11:05:00-04:00,173.5201,140568,173.14653376698706,173.1156579094614,0.24269208549971832,65.97675603093015,0.04674679861370649,4,True
AMZN,2025-04-17 11:06:00-04:00,174.1,138167,173.33722701358965,173.20514355405578,0.3341975943997211,77.41736175471101,0.09983362686937983,3,True
AMZN,2025-04-17 11:37:00-04:00,173.92,106289,173.59920078515603,173.5680990705545,0.27964367053938677,65.36144578313201,0.023697627833629664,3,True
AMZN,2025-04-17 11:51:00-04:00,173.83,74151,173.64048751660846,173.6204598553448,0.22486162361623485,47.66839378238407,0.0013912955794260357,3,True
AMZN,2025-04-17 12:05:00-04:00,173.86,280347,173.58406929435256,173.57257159736645,0.26528258362168433,50.77720207253887,0.015631097766140647,4,True
AMZN,2025-04-17 15:13:00-04:00,173.06,99541,173.26576316292827,173.3939640476171,-0.0635213951608149,39.58149130562929,0.0015848979602856028,3,True
AMZN,2025-04-17 15:29:00-04:00,172.57,110285,172.7390521111732,172.8821433815613,-0.09841380108834841,39.68668407310674,0.01772994168522174,3,True
GOOGL,2025-04-17 04:51:00-04:00,154.88,1274,155.15332780789373,156.88880232891026,-0.07097232079490423,31.64556962025216,0.5994035123220045,3,True
GOOGL,2025-04-17 05:10:00-04:00,154.8,1392,154.91150615351842,155.80785882527078,-0.07100897295202468,32.038834951456494,0.49031543940125166,3,True
GOOGL,2025-04-17 07:12:00-04:00,154.44,2177,154.60646935783555,154.68487084453906,-0.10349288486416475,38.016528925620804,0.01612966566339799,3,True
GOOGL,2025-04-17 07:16:00-04:00,154.4,1272,154.56517548626846,154.6589734950355,-0.025900025900016388,37.70491803278815,0.0057657567865920245,3,True
GOOGL,2025-04-17 08:00:00-04:00,154.53,36504,154.56295278203004,154.60637011172696,-0.012940795858951137,34.951456310679944,0.0031728231225519044,3,True
GOOGL,2025-04-17 08:03:00-04:00,154.9,6390,154.65767182439942,154.64092420114724,0.14222911817947104,59.09090909090944,0.03513505747081005,3,True
GOOGL,2025-04-17 08:33:00-04:00,155.19,3263,154.77351808321927,154.72027234641874,0.36131106703494176,68.99407384895775,0.027241268679508077,4,True
GOOGL,2025-04-17 10:32:00-04:00,150.13,338998,151.5489600503466,152.31624899271495,0.20691496462421632,17.931160412672554,-0.2942625249483253,3,True
GOOGL,2025-04-17 10:40:00-04:00,149.67,420155,149.8844406678004,150.8899316135238,0.5171255876426972,26.7921184760136,-0.1621151873623482,3,True
GOOGL,2025-04-17 10:41:00-04:00,150.32,460133,149.97155253424032,150.838119648658,0.43428876862430243,33.59631821170284,-0.060403620350384046,3,True
GOOGL,2025-04-17 11:06:00-04:00,151.02,200710,150.4653914729525,150.4094472606691,0.35551716117885324,69.3485286613365,0.12191995687725485,4,True
GOOGL,2025-04-17 11:37:00-04:00,151.405,45757,151.1270078598851,151.1181109620629,0.3151142189659728,54.15366025576453,0.0015078461395263212,3,True
GOOGL,2025-04-17 11:51:00-04:00,151.31,40518,151.0802948723727,151.07971799121054,0.25177234479558663,47.63092269326689,0.011417811436686656,3,True
GOOGL,2025-04-17 12:05:00-04:00,151.13,164237,150.8628146529616,150.90351927938386,0.30197444831590037,45.22799575821819,0.014987399845637683,3,True
GOOGL,2025-04-17 15:58:00-04:00,151.13,280713,150.98669480694434,151.03678872604596,0.05958686440679095,39.583333333333236,0.013836946346068635,3,True
